{
  "scene_info": {
    "map_name": "SDBP_Map_205",
    "room_name": "diningRoom",
    "room_bound": {
      "x_min": -131.83200073242188,
      "y_min": -1039.8409423828125,
      "z_min": 6.625,
      "x_max": 400.4570007324219,
      "y_max": -438.00201416015625,
      "z_max": 285.5450134277344
    },
    "table_id": "BP_DiningTable_23_C_0",
    "base_id": "BP_DiningTable_23",
    "position": {
      "x": 137.3399200439453,
      "y": -634.9365234375,
      "z": 6.624995231628418
    },
    "rotation": {
      "x": 0.0,
      "y": -0.0,
      "z": 0.7071067690849304,
      "w": 0.7071067690849304
    },
    "aabb_bounds": {
      "min": {
        "x": 85.41407012939453,
        "y": -745.3930053710938,
        "z": 6.624995231628418
      },
      "max": {
        "x": 189.26577758789062,
        "y": -525.765380859375,
        "z": 83.1952896118164
      }
    }
  },
  "objects": [
    {
      "id": "BP_Chair_0_C_2147326910",
      "base_id": "BP_Chair_0",
      "type": "chair",
      "location": {
        "x": 74.46,
        "y": -605.385,
        "z": 6.625
      },
      "rotation": {
        "x": 0.0,
        "y": 0.0,
        "z": -0.75,
        "w": 0.661
      },
      "entity_min": {
        "x": 37.46200942993164,
        "y": -644.623291015625,
        "z": 5.791363716125488
      },
      "entity_max": {
        "x": 100.07878112792969,
        "y": -564.6715087890625,
        "z": 116.92689514160156
      },
      "entity_size": {
        "x": 1.0,
        "y": 1.0,
        "z": 1.0
      },
      "direction": "right",
      "is_sittable": true,
      "movable": true,
      "matched": false,
      "owner": "room"
    },
    {
      "id": "BP_Chair_0_C_2147326906",
      "base_id": "BP_Chair_0",
      "type": "chair",
      "location": {
        "x": 216.398,
        "y": -683.043,
        "z": 5.932
      },
      "rotation": {
        "x": 0.0,
        "y": 0.0,
        "z": 0.588,
        "w": 0.809
      },
      "entity_min": {
        "x": 198.57131958007812,
        "y": -729.9586791992188,
        "z": 5.098363876342773
      },
      "entity_max": {
        "x": 245.1270751953125,
        "y": -639.705078125,
        "z": 116.23389434814453
      },
      "entity_size": {
        "x": 1.0,
        "y": 1.0,
        "z": 1.0
      },
      "direction": "left",
      "is_sittable": true,
      "movable": true,
      "matched": false,
      "owner": "room"
    },
    {
      "id": "BP_Chair_0_C_2147326902",
      "base_id": "BP_Chair_0",
      "type": "chair",
      "location": {
        "x": 74.46,
        "y": -674.079,
        "z": 6.625
      },
      "rotation": {
        "x": 0.0,
        "y": 0.0,
        "z": -0.613,
        "w": 0.79
      },
      "entity_min": {
        "x": 25.08374786376953,
        "y": -701.148681640625,
        "z": 5.791363716125488
      },
      "entity_max": {
        "x": 112.71177673339844,
        "y": -649.821533203125,
        "z": 116.92689514160156
      },
      "entity_size": {
        "x": 1.0,
        "y": 1.0,
        "z": 1.0
      },
      "direction": "right",
      "is_sittable": true,
      "movable": true,
      "matched": false,
      "owner": "room"
    },
    {
      "id": "BP_Cap_01_C_2147326701",
      "base_id": "BP_Cap_01",
      "my_type": "cap",
      "location": {
        "x": 157.290283203125,
        "y": -555.6603393554688,
        "z": 83.385498046875
      },
      "rotation": {
        "w": 0.915799081325531,
        "x": -0.00023495714413002133,
        "y": -5.084909207653254e-05,
        "z": 0.40163660049438477
      },
      "entity_min": {
        "x": 154.0605926513672,
        "y": -569.6271362304688,
        "z": 83.19792175292969
      },
      "entity_max": {
        "x": 160.76210021972656,
        "y": -541.280029296875,
        "z": 92.32028198242188
      },
      "entity_size": {
        "x": 1.0,
        "y": 1.0,
        "z": 1.0
      },
      "owner": "SDBP_Aich_AIBaby_Tiantian_90_C_2147407305",
      "grid_x": "2,2,2",
      "grid_y": "8,7,9",
      "grid_id": "135,117,152",
      "chain_item_id": null
    },
    {
      "id": "BP_Phone_02_C_2147326700",
      "base_id": "BP_Phone_02",
      "my_type": "phone",
      "location": {
        "x": 97.33992004394531,
        "y": -575.5792236328125,
        "z": 83.1952896118164
      },
      "rotation": {
        "w": 0.6732103228569031,
        "x": -0.0,
        "y": 0.0,
        "z": -0.7394510507583618
      },
      "entity_min": {
        "x": 94.96430206298828,
        "y": -582.0447998046875,
        "z": 83.1952896118164
      },
      "entity_max": {
        "x": 99.71469116210938,
        "y": -569.1226806640625,
        "z": 84.06305694580078
      },
      "entity_size": {
        "x": 1.0,
        "y": 1.0,
        "z": 1.0
      },
      "owner": "SDBP_Aich_Zhanghaoran_C_2147407205",
      "grid_x": "-4",
      "grid_y": "6",
      "grid_id": "140",
      "chain_item_id": null
    },
    {
      "id": "BP_Book_30_C_2147326699",
      "base_id": "BP_Book_30",
      "my_type": "book",
      "location": {
        "x": 177.66868591308594,
        "y": -545.5133666992188,
        "z": 83.27734375
      },
      "rotation": {
        "w": 0.6777022480964661,
        "x": 0.677015483379364,
        "y": -0.20286089181900024,
        "z": -0.20302017033100128
      },
      "entity_min": {
        "x": 177.19415283203125,
        "y": -565.9727172851562,
        "z": 83.17723846435547
      },
      "entity_max": {
        "x": 177.64845275878906,
        "y": -545.3804931640625,
        "z": 85.39529418945312
      },
      "entity_size": {
        "x": 0.800000011920929,
        "y": 0.800000011920929,
        "z": 0.800000011920929
      },
      "owner": "SDBP_Aich_AIBaby_Tiantian_90_C_2147407305",
      "grid_x": "4,4,4",
      "grid_y": "9,7,8",
      "grid_id": "180,156,170",
      "chain_item_id": null
    },
    {
      "id": "BP_Flex_Cup_Kitchen_2_C_2147326698",
      "base_id": "BP_Flex_Cup_Kitchen_2",
      "my_type": "bigcup",
      "location": {
        "x": 117.33992004394531,
        "y": -545.5792236328125,
        "z": 83.20441436767578
      },
      "rotation": {
        "w": 0.9993343353271484,
        "x": 0.0,
        "y": -0.0,
        "z": 0.03648075461387634
      },
      "entity_min": {
        "x": 112.7533950805664,
        "y": -553.4547729492188,
        "z": 83.1952896118164
      },
      "entity_max": {
        "x": 121.95510864257812,
        "y": -537.4681396484375,
        "z": 91.9171371459961
      },
      "entity_size": {
        "x": 1.2000000476837158,
        "y": 1.2000000476837158,
        "z": 1.2000000476837158
      },
      "owner": "SDBP_Aich_Zhanghaoran_C_2147407205",
      "grid_x": "-2",
      "grid_y": "9",
      "grid_id": "153",
      "chain_item_id": null
    },
    {
      "id": "BP_Toy_Car_Green_C_2147326697",
      "base_id": "BP_Toy_Car_Green",
      "my_type": "boytoy",
      "location": {
        "x": 147.3404541015625,
        "y": -535.5873413085938,
        "z": 83.64620208740234
      },
      "rotation": {
        "w": 0.8393846750259399,
        "x": 0.001778908772394061,
        "y": 0.0015500980662181973,
        "z": -0.54353266954422
      },
      "entity_min": {
        "x": 140.6575164794922,
        "y": -533.8548583984375,
        "z": 83.19589233398438
      },
      "entity_max": {
        "x": 162.31639099121094,
        "y": -533.5956420898438,
        "z": 89.34310913085938
      },
      "entity_size": {
        "x": 0.75,
        "y": 0.75,
        "z": 0.75
      },
      "owner": "SDBP_Aich_AIBaby_Tiantian_90_C_2147407305",
      "grid_x": "1",
      "grid_y": "10",
      "grid_id": "150",
      "chain_item_id": null
    }
  ],
  "agents": [
    {
      "id": "SDBP_Aich_Zhanghaoran_C_2147326892",
      "base_id": "SDBP_Aich_Zhanghaoran",
      "type": "man",
      "location": {
        "x": 175.50599670410156,
        "y": -503.9779968261719,
        "z": 94.77499389648438
      },