{
  "scene_info": {
    "map_name": "SDBP_Map_010",
    "room_name": "diningRoom",
    "room_bound": {
      "x_min": -965.9110107421875,
      "y_min": -980.9869995117188,
      "z_min": 0.125,
      "x_max": -463.7300109863281,
      "y_max": -447.01300048828125,
      "z_max": 291.81500244140625
    },
    "table_id": "BP_Desk_04_C_0",
    "base_id": "BP_Desk_04",
    "position": {
      "x": -790.0,
      "y": -765.0,
      "z": -0.5866147875785828
    },
    "rotation": {
      "x": -0.0,
      "y": 0.0,
      "z": -0.7071067690849304,
      "w": 0.7071067690849304
    },
    "aabb_bounds": {
      "min": {
        "x": -839.126708984375,
        "y": -852.4320068359375,
        "z": -0.5694116353988647
      },
      "max": {
        "x": -744.9733276367188,
        "y": -684.0532836914062,
        "z": 74.65290832519531
      }
    }
  },
  "objects": [
    {
      "id": "BP_Chair_0_C_2147361097",
      "base_id": "BP_Chair_0",
      "type": "chair",
      "location": {
        "x": -716.0,
        "y": -826.0,
        "z": -0.587
      },
      "rotation": {
        "x": 0.0,
        "y": 0.0,
        "z": 0.676,
        "w": 0.737
      },
      "entity_min": {
        "x": -743.139404296875,
        "y": -865.2296752929688,
        "z": -1.4206362962722778
      },
      "entity_max": {
        "x": -677.4322509765625,
        "y": -787.7976684570312,
        "z": 109.71489715576172
      },
      "entity_size": {
        "x": 1.0,
        "y": 1.0,
        "z": 1.0
      },
      "direction": "left",
      "is_sittable": true,
      "movable": true,
      "matched": false,
      "owner": "room"
    },
    {
      "id": "BP_Chair_0_C_2147361093",
      "base_id": "BP_Chair_0",
      "type": "chair",
      "location": {
        "x": -716.0,
        "y": -747.0,
        "z": -0.587
      },
      "rotation": {
        "x": 0.0,
        "y": 0.0,
        "z": 0.766,
        "w": 0.643
      },
      "entity_min": {
        "x": -752.0631713867188,
        "y": -774.97265625,
        "z": -1.4206362962722778
      },
      "entity_max": {
        "x": -668.6294555664062,
        "y": -717.0765380859375,
        "z": 109.71489715576172
      },
      "entity_size": {
        "x": 1.0,
        "y": 1.0,
        "z": 1.0
      },
      "direction": "left",
      "is_sittable": true,
      "movable": true,
      "matched": false,
      "owner": "room"
    },
    {
      "id": "BP_Plate_01_C_2147360892",
      "base_id": "BP_Plate_01",
      "my_type": "plate",
      "location": {
        "x": -802.05029296875,
        "y": -758.2420043945312,
        "z": 74.6529312133789
      },
      "rotation": {
        "w": 0.9381996989250183,
        "x": -7.423134888995264e-07,
        "y": 6.468520950875245e-06,
        "z": 0.3460943400859833
      },
      "entity_min": {
        "x": -803.3601684570312,
        "y": -774.7056884765625,
        "z": 74.65304565429688
      },
      "entity_max": {
        "x": -800.7621459960938,
        "y": -741.7152709960938,
        "z": 76.85163879394531
      },
      "entity_size": {
        "x": 0.6499999761581421,
        "y": 0.6499999761581421,
        "z": 0.6499999761581421
      },
      "owner": "SDBP_Aich_AIBabyV7_Shoes_C_2147378028",
      "grid_x": "-1,-1,-1",
      "grid_y": "1,0,2",
      "grid_id": "8,5,16",
      "chain_item_id": "BP_Banana_03_C_2147377915"
    },
    {
      "id": "BP_Decor_Eyeglasses01Frame01_C_2147360891",
      "base_id": "BP_Decor_Eyeglasses01Frame01",
      "my_type": "glasses",
      "location": {
        "x": -782.0528564453125,
        "y": -698.2256469726562,
        "z": 74.72006225585938
      },
      "rotation": {
        "w": 0.011222369968891144,
        "x": 0.00028917461168020964,
        "y": -0.026723170652985573,
        "z": -0.9995798468589783
      },
      "entity_min": {
        "x": -787.1476440429688,
        "y": -698.6239624023438,
        "z": 74.14669036865234
      },
      "entity_max": {
        "x": -777.3267822265625,
        "y": -688.8924560546875,
        "z": 77.42017364501953
      },
      "entity_size": {
        "x": 0.6499999761581421,
        "y": 0.6499999761581421,
        "z": 0.6499999761581421
      },
      "owner": "SDBP_Aich_Yeye_C_2147378125",
      "grid_x": "1",
      "grid_y": "7",
      "grid_id": "96",
      "chain_item_id": null
    },
    {
      "id": "BP_Doll_ncteague_C_2147360890",
      "base_id": "BP_Doll_ncteague",
      "my_type": "doll",
      "location": {
        "x": -822.0439453125,
        "y": -758.2523193359375,
        "z": 74.67062377929688
      },
      "rotation": {
        "w": 0.8423206806182861,
        "x": -0.001467705238610506,
        "y": -0.003553514601662755,
        "z": 0.5389629602432251
      },
      "entity_min": {
        "x": -826.828857421875,
        "y": -766.5560302734375,
        "z": 74.68827819824219
      },
      "entity_max": {
        "x": -817.3934936523438,
        "y": -749.5675048828125,
        "z": 97.0778579711914
      },
      "entity_size": {
        "x": 1.100000023841858,
        "y": 1.100000023841858,
        "z": 1.100000023841858
      },
      "owner": "SDBP_Aich_AIBabyV7_Shoes_C_2147378028",
      "grid_x": "-3",
      "grid_y": "1",
      "grid_id": "32",
      "chain_item_id": null
    },
    {
      "id": "BP_Book_34_C_2147360889",
      "base_id": "BP_Book_34",
      "my_type": "book",
      "location": {
        "x": -762.050048828125,
        "y": -698.2426147460938,
        "z": 74.72187805175781
      },
      "rotation": {
        "w": 0.6546466946601868,
        "x": 0.6538247466087341,
        "y": -0.26859337091445923,
        "z": -0.2679710388183594
      },
      "entity_min": {
        "x": -766.3006591796875,
        "y": -715.1285400390625,
        "z": 74.6417007446289
      },
      "entity_max": {
        "x": -762.0368041992188,
        "y": -698.1153564453125,
        "z": 76.8440933227539
      },
      "entity_size": {
        "x": 0.800000011920929,
        "y": 0.800000011920929,
        "z": 0.800000011920929
      },
      "owner": "SDBP_Aich_Yeye_C_2147378125",
      "grid_x": "3,3",
      "grid_y": "7,6",
      "grid_id": "124,114",
      "chain_item_id": null
    },
    {
      "id": "BP_Banana_03_C_2147360888",
      "base_id": "BP_Banana_03",
      "my_type": "platefood",
      "location": {
        "x": -802.0819702148438,
        "y": -758.220947265625,
        "z": 77.35194396972656
      },
      "rotation": {
        "w": 0.8978327512741089,
        "x": -3.7039555991214e-06,
        "y": 3.9653514249948785e-08,
        "z": 0.4403366148471832
      },
      "entity_min": {
        "x": -799.9016723632812,
        "y": -767.2380981445312,
        "z": 76.8517837524414
      },
      "entity_max": {
        "x": -797.5750122070312,
        "y": -752.781494140625,
        "z": 85.84197998046875
      },
      "entity_size": {
        "x": 0.6000000238418579,
        "y": 0.6000000238418579,
        "z": 0.6000000238418579
      },
      "owner": "SDBP_Aich_AIBabyV7_Shoes_C_2147378028",
      "grid_x": "-1,-1,-1",
      "grid_y": "1,0,2",
      "grid_id": "8,5,16",
      "chain_item_id": "BP_Plate_01_C_2147377916"
    },
    {
      "id": "BP_Radio_01_C_2147360887",
      "base_id": "BP_Radio_01",
      "my_type": "radio",
      "location": {
        "x": -802.050048828125,
        "y": -718.24267578125,
        "z": 74.65290832519531
      },
      "rotation": {
        "w": 0.9930049777030945,
        "x": -0.0,
        "y": 0.0,
        "z": -0.11807256937026978
      },
      "entity_min": {
        "x": -820.6624755859375,
        "y": -721.9183349609375,
        "z": 74.65290832519531
      },
      "entity_max": {
        "x": -783.4376220703125,
        "y": -714.5670166015625,
        "z": 90.33472442626953
      },
      "entity_size": {
        "x": 0.6000000238418579,
        "y": 0.6000000238418579,
        "z": 0.6000000238418579
      },
      "owner": "SDBP_Aich_Yeye_C_2147378125",