{
  "scene_info": {
    "map_name": "SDBP_Map_245",
    "room_name": "livingRoom",
    "room_bound": {
      "x_min": -602.47900390625,
      "y_min": -320.8819885253906,
      "z_min": 2.5,
      "x_max": -12.029999732971191,
      "y_max": 199.8979949951172,
      "z_max": 287.93701171875
    },
    "table_id": "BP_CoffeeTable_60_C_0",
    "base_id": "BP_CoffeeTable_60",
    "position": {
      "x": -420.2317199707031,
      "y": -46.41741943359375,
      "z": 3.2843220233917236
    },
    "rotation": {
      "x": 0.0,
      "y": 0.0,
      "z": 0.0,
      "w": 1.0
    },
    "aabb_bounds": {
      "min": {
        "x": -460.8482971191406,
        "y": -87.03751373291016,
        "z": 3.1843249797821045
      },
      "max": {
        "x": -379.6067199707031,
        "y": -5.79241943359375,
        "z": 43.69013595581055
      }
    }
  },
  "objects": [
    {
      "id": "BP_Plate_C_2147344646",
      "base_id": "BP_Plate",
      "my_type": "plate",
      "location": {
        "x": -420.2272644042969,
        "y": -16.415151596069336,
        "z": 43.69013977050781
      },
      "rotation": {
        "w": 0.88775235414505,
        "x": -3.4184515129709325e-07,
        "y": -6.466718787123682e-07,
        "z": -0.4603213965892792
      },
      "entity_min": {
        "x": -436.49896240234375,
        "y": -19.22808074951172,
        "z": 43.69012451171875
      },
      "entity_max": {
        "x": -403.89080810546875,
        "y": -13.586471557617188,
        "z": 45.888973236083984
      },
      "entity_size": {
        "x": 0.6499999761581421,
        "y": 0.6499999761581421,
        "z": 0.6499999761581421
      },
      "owner": "SDBP_Aich_Yeye_C_2147398082",
      "grid_x": "0,1,-1",
      "grid_y": "3,3,3",
      "grid_id": "14,26,27",
      "chain_item_id": "BP_Food_Donut_3_C_2147397873"
    },
    {
      "id": "BP_Plate_01_C_2147344645",
      "base_id": "BP_Plate_01",
      "my_type": "plate",
      "location": {
        "x": -440.2276611328125,
        "y": -76.41482543945312,
        "z": 43.69013977050781
      },
      "rotation": {
        "w": 0.9121114611625671,
        "x": 4.82670384371886e-06,
        "y": -2.7533994853001786e-06,
        "z": -0.4099423289299011
      },
      "entity_min": {
        "x": -456.7135009765625,
        "y": -77.3853988647461,
        "z": 43.689998626708984
      },
      "entity_max": {
        "x": -423.67926025390625,
        "y": -75.42137908935547,
        "z": 45.88909912109375
      },
      "entity_size": {
        "x": 0.6499999761581421,
        "y": 0.6499999761581421,
        "z": 0.6499999761581421
      },
      "owner": "SDBP_Aich_AIBabyV7_Shoes_C_2147397985",
      "grid_x": "-2,-1",
      "grid_y": "-3,-3",
      "grid_id": "43,33",
      "chain_item_id": "BP_Fruit_Grapes_C_2147397854"
    },
    {
      "id": "BP_Paper_Newspaper01_C_2147344644",
      "base_id": "BP_Paper_Newspaper01",
      "my_type": "newspaper",
      "location": {
        "x": -420.22747802734375,
        "y": -46.41489028930664,
        "z": 43.77853775024414
      },
      "rotation": {
        "w": 0.9886434078216553,
        "x": -0.0003838689881376922,
        "y": 5.821181912324391e-05,
        "z": -0.15028004348278046
      },
      "entity_min": {
        "x": -437.3675537109375,
        "y": -53.04144287109375,
        "z": 43.69014358520508
      },
      "entity_max": {
        "x": -403.05859375,
        "y": -39.79058837890625,
        "z": 46.0545768737793
      },
      "entity_size": {
        "x": 0.800000011920929,
        "y": 0.800000011920929,
        "z": 0.800000011920929
      },
      "owner": "SDBP_Aich_Yeye_C_2147398082",
      "grid_x": "0,1,-1",
      "grid_y": "0,0,0",
      "grid_id": "1,4,5",
      "chain_item_id": null
    },
    {
      "id": "BP_Toy_CouncilRys_C_2147344643",
      "base_id": "BP_Toy_CouncilRys",
      "my_type": "toy",
      "location": {
        "x": -450.2275085449219,
        "y": -26.414966583251953,
        "z": 43.777217864990234
      },
      "rotation": {
        "w": 0.21811646223068237,
        "x": -0.0,
        "y": 0.0,
        "z": -0.9759227633476257
      },
      "entity_min": {
        "x": -455.83966064453125,
        "y": -33.35636901855469,
        "z": 43.69013977050781
      },
      "entity_max": {
        "x": -444.6120910644531,
        "y": -19.44441032409668,
        "z": 62.77015686035156
      },
      "entity_size": {
        "x": 0.6000000238418579,
        "y": 0.6000000238418579,
        "z": 0.6000000238418579
      },
      "owner": "SDBP_Aich_AIBabyV7_Shoes_C_2147397985",
      "grid_x": "-3",
      "grid_y": "2",
      "grid_id": "41",
      "chain_item_id": null
    },
    {
      "id": "BP_Food_Donut_3_C_2147344642",
      "base_id": "BP_Food_Donut_3",
      "my_type": "platefood",
      "location": {
        "x": -420.20281982421875,
        "y": -16.4404239654541,
        "z": 45.866451263427734
      },
      "rotation": {
        "w": 0.5277416706085205,
        "x": -0.0027000047266483307,
        "y": 0.012078693136572838,
        "z": -0.8493147492408752
      },
      "entity_min": {
        "x": -422.0364074707031,
        "y": -22.089990615844727,
        "z": 45.94383239746094
      },
      "entity_max": {
        "x": -418.3402099609375,
        "y": -10.581572532653809,
        "z": 49.1538200378418
      },
      "entity_size": {
        "x": 1.0,
        "y": 1.0,
        "z": 1.0
      },
      "owner": "SDBP_Aich_Yeye_C_2147398082",
      "grid_x": "0,1,-1",
      "grid_y": "3,3,3",
      "grid_id": "14,26,27",
      "chain_item_id": "BP_Plate_C_2147397874"
    },
    {
      "id": "BP_Fruit_Grapes_C_2147344641",
      "base_id": "BP_Fruit_Grapes",
      "my_type": "platefood",
      "location": {
        "x": -440.2282409667969,
        "y": -76.4159164428711,
        "z": 55.15032196044922
      },
      "rotation": {
        "w": 0.13793155550956726,
        "x": 2.464791396050714e-05,
        "y": 4.597600127453916e-05,
        "z": -0.9904417395591736
      },
      "entity_min": {
        "x": -443.0656433105469,
        "y": -80.88056945800781,
        "z": 45.88964080810547
      },
      "entity_max": {
        "x": -437.3908386230469,
        "y": -71.95126342773438,
        "z": 64.46391296386719
      },
      "entity_size": {
        "x": 1.0,
        "y": 1.0,
        "z": 1.0
      },
      "owner": "SDBP_Aich_AIBabyV7_Shoes_C_2147397985",
      "grid_x": "-2,-1",
      "grid_y": "-3,-3",
      "grid_id": "43,33",
      "chain_item_id": "BP_Plate_01_C_2147397855"
    },
    {
      "id": "BP_Decor_Eyeglasses01Frame01_C_2147344640",
      "base_id": "BP_Decor_Eyeglasses01Frame01",
      "my_type": "glasses",
      "location": {
        "x": -390.21929931640625,
        "y": -26.441062927246094,
        "z": 43.811309814453125
      },
      "rotation": {
        "w": 0.07681215554475784,
        "x": -0.006725543178617954,
        "y": -0.03575126454234123,
        "z": -0.9963817000389099
      },
      "entity_min": {
        "x": -395.1792907714844,
        "y": -27.453447341918945,
        "z": 43.02217483520508
      },
      "entity_max": {
        "x": -386.7617492675781,
        "y": -16.58241081237793,
        "z": 46.60417175292969
      },
      "entity_size": {
        "x": 0.6499999761581421,
        "y": 0.6499999761581421,
        "z": 0.6499999761581421
      },
      "owner": "SDBP_Aich_Yeye_C_2147398082",
      "grid_x": "3",
      "grid_y": "2",
      "grid_id": "40",
      "chain_item_id": null
    }
  ],
  "agents": [
    {
      "id": "SDBP_Aich_AIBabyV7_Shoes_C_2147344840",
      "base_id": "SDBP_Aich_AIBabyV7_Shoes",
      "type": "girl",
      "location": {
        "x": -398.1600036621094,
        "y": 24.4950008392334,
        "z": 89.11979675292969
      },
      "rotation": {
        "x": -0.0,
        "y": 0.0,
        "z": -0.8788232803344727,
        "w": 0.4771474003791809
      },
      "entity_size": {
        "x": 1.0,
        "y": 1.0,