{
  "scene_info": {
    "map_name": "SDBP_Map_205",
    "room_name": "diningRoom",
    "room_bound": {
      "x_min": -131.83200073242188,
      "y_min": -1039.8409423828125,
      "z_min": 6.625,
      "x_max": 400.4570007324219,
      "y_max": -438.00201416015625,
      "z_max": 285.5450134277344
    },
    "table_id": "BP_DiningTable_23_C_0",
    "base_id": "BP_DiningTable_23",
    "position": {
      "x": 137.3399200439453,
      "y": -634.9365234375,
      "z": 6.624995231628418
    },
    "rotation": {
      "x": 0.0,
      "y": -0.0,
      "z": 0.7071067690849304,
      "w": 0.7071067690849304
    },
    "aabb_bounds": {
      "min": {
        "x": 85.41407012939453,
        "y": -745.3930053710938,
        "z": 6.624995231628418
      },
      "max": {
        "x": 189.26577758789062,
        "y": -525.765380859375,
        "z": 83.1952896118164
      }
    }
  },
  "objects": [
    {
      "id": "BP_Chair_0_C_2147332574",
      "base_id": "BP_Chair_0",
      "type": "chair",
      "location": {
        "x": 74.46,
        "y": -605.385,
        "z": 6.625
      },
      "rotation": {
        "x": 0.0,
        "y": 0.0,
        "z": -0.75,
        "w": 0.661
      },
      "entity_min": {
        "x": 37.46200942993164,
        "y": -644.623291015625,
        "z": 5.791363716125488
      },
      "entity_max": {
        "x": 100.07878112792969,
        "y": -564.6715087890625,
        "z": 116.92689514160156
      },
      "entity_size": {
        "x": 1.0,
        "y": 1.0,
        "z": 1.0
      },
      "direction": "right",
      "is_sittable": true,
      "movable": true,
      "matched": false,
      "owner": "room"
    },
    {
      "id": "BP_Chair_0_C_2147332570",
      "base_id": "BP_Chair_0",
      "type": "chair",
      "location": {
        "x": 221.3979949951172,
        "y": -683.0430297851562,
        "z": 5.932000160217285
      },
      "rotation": {
        "x": 0.0,
        "y": -0.0,
        "z": 0.588020384311676,
        "w": 0.808846116065979
      },
      "entity_min": {
        "x": 203.57131958007812,
        "y": -729.9586791992188,
        "z": 5.098363876342773
      },
      "entity_max": {
        "x": 250.1270751953125,
        "y": -639.705078125,
        "z": 116.23389434814453
      },
      "entity_size": {
        "x": 1.0,
        "y": 1.0,
        "z": 1.0
      },
      "direction": "left",
      "is_sittable": true,
      "movable": true,
      "matched": "SDBP_Aich_Zhanghaoran_C_2147415567",
      "is_sit": true,
      "owner": "room"
    },
    {
      "id": "BP_Chair_0_C_2147332566",
      "base_id": "BP_Chair_0",
      "type": "chair",
      "location": {
        "x": 74.46,
        "y": -674.079,
        "z": 6.625
      },
      "rotation": {
        "x": 0.0,
        "y": 0.0,
        "z": -0.613,
        "w": 0.79
      },
      "entity_min": {
        "x": 25.08374786376953,
        "y": -701.148681640625,
        "z": 5.791363716125488
      },
      "entity_max": {
        "x": 112.71177673339844,
        "y": -649.821533203125,
        "z": 116.92689514160156
      },
      "entity_size": {
        "x": 1.0,
        "y": 1.0,
        "z": 1.0
      },
      "direction": "right",
      "is_sittable": true,
      "movable": true,
      "matched": false,
      "owner": "room"
    },
    {
      "id": "BP_Laptop_01_C_2147332365",
      "base_id": "BP_Laptop_01",
      "my_type": "computer",
      "location": {
        "x": 177.35260009765625,
        "y": -665.58203125,
        "z": 83.43521118164062
      },
      "rotation": {
        "w": 0.5131036639213562,
        "x": -0.0002533996303100139,
        "y": -0.0005249814130365849,
        "z": -0.8583264350891113
      },
      "entity_min": {
        "x": 170.79335021972656,
        "y": -679.6505737304688,
        "z": 83.1698989868164
      },
      "entity_max": {
        "x": 178.8429412841797,
        "y": -648.7899780273438,
        "z": 99.57645416259766
      },
      "entity_size": {
        "x": 0.699999988079071,
        "y": 0.699999988079071,
        "z": 0.699999988079071
      },
      "owner": "SDBP_Aich_Zhanghaoran_C_2147415567",
      "grid_x": "4,4,4",
      "grid_y": "-3,-2,-4",
      "grid_id": "94,76,112",
      "chain_item_id": null
    },
    {
      "id": "BP_Toy_Unicorn_C_2147332363",
      "base_id": "BP_Toy_Unicorn",
      "my_type": "toy",
      "location": {
        "x": 177.3399200439453,
        "y": -705.5792236328125,
        "z": 83.47180938720703
      },
      "rotation": {
        "w": 0.3641098141670227,
        "x": -0.0,
        "y": 0.0,
        "z": -0.9313560128211975
      },
      "entity_min": {
        "x": 176.01614379882812,
        "y": -713.966796875,
        "z": 83.1952896118164
      },
      "entity_max": {
        "x": 177.21156311035156,
        "y": -695.6185302734375,
        "z": 101.37252807617188
      },
      "entity_size": {
        "x": 0.6000000238418579,
        "y": 0.6000000238418579,
        "z": 0.6000000238418579
      },
      "owner": "SDBP_Aich_AIBaby_Tiantian_90_C_2147415471",
      "grid_x": "4,4",
      "grid_y": "-7,-6",
      "grid_id": "164,148",
      "chain_item_id": null
    },
    {
      "id": "BP_Cola_02_C_2147332362",
      "base_id": "BP_Cola_02",
      "my_type": "drink",
      "location": {
        "x": 177.33990478515625,
        "y": -635.5792236328125,
        "z": 83.19529724121094
      },
      "rotation": {
        "w": 0.2374630868434906,
        "x": 0.0,
        "y": -0.0,
        "z": 0.9713965654373169
      },
      "entity_min": {
        "x": 172.1622772216797,
        "y": -637.183349609375,
        "z": 83.19529724121094
      },
      "entity_max": {
        "x": 182.5175323486328,
        "y": -633.97509765625,
        "z": 97.80630493164062
      },
      "entity_size": {
        "x": 0.20000000298023224,
        "y": 0.20000000298023224,
        "z": 0.20000000298023224
      },
      "owner": "SDBP_Aich_Zhanghaoran_C_2147415567",
      "grid_x": "4",
      "grid_y": "0",
      "grid_id": "40",
      "chain_item_id": null
    },
    {
      "id": "BP_Cup_Kitchen_003_C_2147332361",
      "base_id": "BP_Cup_Kitchen_003",
      "my_type": "bigcup",
      "location": {
        "x": 167.33990478515625,
        "y": -735.5792236328125,
        "z": 83.2016830444336
      },
      "rotation": {
        "w": 0.19729948043823242,
        "x": -1.3164364531803585e-07,
        "y": 8.496249392919708e-08,
        "z": -0.9803432822227478
      },
      "entity_min": {
        "x": 166.08639526367188,
        "y": -741.9903564453125,
        "z": 83.19529724121094
      },
      "entity_max": {
        "x": 168.62692260742188,
        "y": -729.3307495117188,
        "z": 89.30059051513672
      },
      "entity_size": {
        "x": 0.8400000333786011,
        "y": 0.8400000333786011,
        "z": 0.8400000333786011
      },
      "owner": "SDBP_Aich_AIBaby_Tiantian_90_C_2147415471",
      "grid_x": "3",
      "grid_y": "-10",
      "grid_id": "182",
      "chain_item_id": null
    },
    {
      "id": "BP_Food_CheeriosBox_C_2147332356",
      "base_id": "BP_Food_CheeriosBox",
      "my_type": "snack",
      "location": {
        "x": 147.3399200439453,
        "y": -725.5792236328125,
        "z": 83.25529479980469
      },
      "rotation": {
        "w": 0.6807600259780884,
        "x": 0.0,
        "y": -0.0,
        "z": 0.732506513595581
      },
      "entity_min": {
        "x": 142.2346954345703,
        "y": -732.1249389648438,
        "z": 83.19529724121094
      },
      "entity_max": {
        "x": 152.44503784179688,
        "y": -719.0319213867188,
        "z": 96.38029479980469
      },
      "entity_size": {
        "x": 0.6000000238418579,
        "y": 0.6000000238418579,
        "z": 0.6000000238418579
      },
      "owner": "SDBP_Aich_AIBaby_Tiantian_90_C_2147415471",
      "grid_x": "1",
      "grid_y": "-9",
      "grid_id": "142",
      "chain_item_id": null
    }
  ],