{
  "scene_info": {
    "map_name": "SDBP_Map_013",
    "room_name": "livingRoom",
    "room_bound": {
      "x_min": -618.7969970703125,
      "y_min": -734.6229858398438,
      "z_min": 0.125,
      "x_max": -46.51499938964844,
      "y_max": -50.15700149536133,
      "z_max": 283.52801513671875
    },
    "table_id": "BP_CoffeeTable_Table_Coffee_C_0",
    "base_id": "BP_CoffeeTable_Table_Coffee",
    "position": {
      "x": -286.3751220703125,
      "y": -554.4496459960938,
      "z": -0.002033852506428957
    },
    "rotation": {
      "x": 0.0,
      "y": 0.0,
      "z": 0.0,
      "w": 1.0
    },
    "aabb_bounds": {
      "min": {
        "x": -356.9742736816406,
        "y": -597.6361083984375,
        "z": -0.002033852506428957
      },
      "max": {
        "x": -215.77597045898438,
        "y": -511.2631530761719,
        "z": 31.756853103637695
      }
    }
  },
  "objects": [
    {
      "id": "BP_Laptop_01_C_2147337901",
      "base_id": "BP_Laptop_01",
      "my_type": "computer",
      "location": {
        "x": -266.376708984375,
        "y": -534.4383544921875,
        "z": 31.99676513671875
      },
      "rotation": {
        "w": 0.9996209740638733,
        "x": 0.00035056303022429347,
        "y": -0.0004856913583353162,
        "z": 0.027522914111614227
      },
      "entity_min": {
        "x": -277.2889709472656,
        "y": -548.7882690429688,
        "z": 31.730806350708008
      },
      "entity_max": {
        "x": -255.14712524414062,
        "y": -525.83447265625,
        "z": 48.13846969604492
      },
      "entity_size": {
        "x": 0.699999988079071,
        "y": 0.699999988079071,
        "z": 0.699999988079071
      },
      "owner": "SDBP_Aich_Shenxin_C_2147469895",
      "grid_x": "2,1,1,2,3,3",
      "grid_y": "2,1,2,1,1,2",
      "grid_id": "28,7,15,17,30,42",
      "chain_item_id": null
    },
    {
      "id": "BP_Tesseract_02_C_2147337899",
      "base_id": "BP_Tesseract_02",
      "my_type": "toy",
      "location": {
        "x": -226.3751220703125,
        "y": -554.4496459960938,
        "z": 31.827194213867188
      },
      "rotation": {
        "w": 0.9469143748283386,
        "x": 4.3289701352478005e-06,
        "y": -2.154309731849935e-05,
        "z": -0.3214859068393707
      },
      "entity_min": {
        "x": -230.0770721435547,
        "y": -554.9923095703125,
        "z": 31.756732940673828
      },
      "entity_max": {
        "x": -222.54428100585938,
        "y": -553.92333984375,
        "z": 37.07735824584961
      },
      "entity_size": {
        "x": 1.0,
        "y": 1.0,
        "z": 1.0
      },
      "owner": "SDBP_Aich_AIBaby_Tiantian_90_C_2147469798",
      "grid_x": "6",
      "grid_y": "0",
      "grid_id": "66",
      "chain_item_id": null
    },
    {
      "id": "BP_Flex_Cup_Kitchen_2_C_2147337898",
      "base_id": "BP_Flex_Cup_Kitchen_2",
      "my_type": "bigcup",
      "location": {
        "x": -246.3751220703125,
        "y": -524.4496459960938,
        "z": 31.76597785949707
      },
      "rotation": {
        "w": 0.9781298637390137,
        "x": 0.0,
        "y": -0.0,
        "z": 0.20799520611763
      },
      "entity_min": {
        "x": -248.01829528808594,
        "y": -533.4140625,
        "z": 31.756853103637695
      },
      "entity_max": {
        "x": -244.7848663330078,
        "y": -515.2539672851562,
        "z": 40.47869873046875
      },
      "entity_size": {
        "x": 1.2000000476837158,
        "y": 1.2000000476837158,
        "z": 1.2000000476837158
      },
      "owner": "SDBP_Aich_Shenxin_C_2147469895",
      "grid_x": "4",
      "grid_y": "3",
      "grid_id": "68",
      "chain_item_id": null
    },
    {
      "id": "BP_Food_1_C_2147337897",
      "base_id": "BP_Food_1",
      "my_type": "snack",
      "location": {
        "x": -236.3751220703125,
        "y": -574.4496459960938,
        "z": 31.756851196289062
      },
      "rotation": {
        "w": 0.55534827709198,
        "x": -0.0,
        "y": 0.0,
        "z": -0.8316178917884827
      },
      "entity_min": {
        "x": -238.15200805664062,
        "y": -578.6467895507812,
        "z": 31.756851196289062
      },
      "entity_max": {
        "x": -234.5472412109375,
        "y": -570.273681640625,
        "z": 45.68455505371094
      },
      "entity_size": {
        "x": 0.6000000238418579,
        "y": 0.6000000238418579,
        "z": 0.6000000238418579
      },
      "owner": "SDBP_Aich_AIBaby_Tiantian_90_C_2147469798",
      "grid_x": "5",
      "grid_y": "-2",
      "grid_id": "76",
      "chain_item_id": null
    },
    {
      "id": "BP_Phone_05_C_2147337896",
      "base_id": "BP_Phone_05",
      "my_type": "phone",
      "location": {
        "x": -226.3751220703125,
        "y": -524.4496459960938,
        "z": 31.75686264038086
      },
      "rotation": {
        "w": 0.758575439453125,
        "x": 0.0,
        "y": -0.0,
        "z": 0.6515852212905884
      },
      "entity_min": {
        "x": -228.54812622070312,
        "y": -530.8936157226562,
        "z": 31.756853103637695
      },
      "entity_max": {
        "x": -224.20211791992188,
        "y": -518.0057373046875,
        "z": 32.556854248046875
      },
      "entity_size": {
        "x": 1.0,
        "y": 1.0,
        "z": 1.0
      },
      "owner": "SDBP_Aich_Shenxin_C_2147469895",
      "grid_x": "6",
      "grid_y": "3",
      "grid_id": "88",
      "chain_item_id": null
    }
  ],
  "agents": [
    {
      "id": "SDBP_Aich_AIBaby_Tiantian_90_C_2147338095",
      "base_id": "SDBP_Aich_AIBaby_Tiantian_90",
      "type": "boy",
      "location": {
        "x": -269.8680114746094,
        "y": -471.7080078125,
        "z": 81.96121215820312
      },
      "rotation": {
        "x": -0.0,
        "y": 0.0,
        "z": -0.8386749029159546,
        "w": 0.5446323752403259
      },
      "entity_size": {
        "x": 1.0,
        "y": 1.0,
        "z": 1.0
      },
      "direction": "front",
      "status": "standing",
      "skeleton": {
        "spine_03": {
          "x": -270.24237,
          "y": -472.45422,
          "z": 59.671436
        },
        "clavicle_l": {
          "x": -273.03732,
          "y": -469.21527,
          "z": 71.65342
        },
        "pelvis": {
          "x": -269.63794,
          "y": -471.1216,
          "z": 42.29729
        },
        "lowerarm_r": {
          "x": -257.25638,
          "y": -475.56223,
          "z": 55.382008
        },
        "ball_r": {
          "x": -267.36804,
          "y": -475.7619,
          "z": 2.6218007
        },
        "head": {
          "x": -269.39188,
          "y": -470.54672,
          "z": 78.38415
        },
        "pinky_01_r": {
          "x": -255.39467,
          "y": -477.38608,
          "z": 39.94177
        },
        "foot_r": {
          "x": -264.6724,
          "y": -469.11826,
          "z": 4.2797427
        },
        "thumb_01_l": {
          "x": -283.42743,
          "y": -466.83746,
          "z": 45.361706
        },
        "hand_l": {
          "x": -282.90546,
          "y": -464.72812,
          "z": 45.960106
        },
        "calf_l": {
          "x": -274.12677,
          "y": -467.89093,
          "z": 23.0697
        },
        "neck_01": {
          "x": -269.13034,
          "y": -469.97006,
          "z": 74.42104
        },
        "thigh_l": {
          "x": -276.87976,
          "y": -468.81622,
          "z": 39.74267
        },
        "calf_r": {
          "x": -264.88617,
          "y": -473.41498,
          "z": 22.98331
        },
        "thumb_01_r": {
          "x": -257.71124,
          "y": -478.68945,
          "z": 45.038647
        },
        "pinky_01_l": {
          "x": -284.08148,
          "y": -463.96152,
          "z": 40.420574
        },
        "spine_02": {
          "x": -270.41638,
          "y": -472.8669,
          "z": 48.922302
        },
        "upperarm_r": {
          "x": -259.3458,
          "y": -474.65353,