{
  "scene_info": {
    "map_name": "SDBP_Map_205",
    "room_name": "livingRoom",
    "room_bound": {
      "x_min": -589.2449951171875,
      "y_min": -1039.8409423828125,
      "z_min": 6.625,
      "x_max": -132.81100463867188,
      "y_max": -438.00201416015625,
      "z_max": 285.5450134277344
    },
    "table_id": "BP_CoffeeTable_28_C_0",
    "base_id": "BP_CoffeeTable_28",
    "position": {
      "x": -328.49298095703125,
      "y": -779.2374877929688,
      "z": 6.624989032745361
    },
    "rotation": {
      "x": 0.0,
      "y": 0.0,
      "z": 0.0,
      "w": 1.0
    },
    "aabb_bounds": {
      "min": {
        "x": -375.8290710449219,
        "y": -826.5635375976562,
        "z": 6.526169300079346
      },
      "max": {
        "x": -281.1669616699219,
        "y": -731.9114379882812,
        "z": 46.7499885559082
      }
    }
  },
  "objects": [
    {
      "id": "BP_Sofa_Element_C_2147326224",
      "base_id": "BP_Sofa_Element",
      "type": "shortBackrestSofa",
      "location": {
        "x": -480.208,
        "y": -719.435,
        "z": 6.625
      },
      "rotation": {
        "x": 0.0,
        "y": 0.0,
        "z": -0.707,
        "w": 0.707
      },
      "entity_min": {
        "x": -522.0076293945312,
        "y": -782.0213012695312,
        "z": 6.624979019165039
      },
      "entity_max": {
        "x": -445.9027404785156,
        "y": -656.94189453125,
        "z": 116.92687225341797
      },
      "entity_size": {
        "x": 1.0,
        "y": 1.0,
        "z": 1.0
      },
      "direction": "right",
      "is_sittable": true,
      "movable": false,
      "matched": false,
      "owner": "room"
    },
    {
      "id": "BP_Sofa_Element_C_2147326221",
      "base_id": "BP_Sofa_Element",
      "type": "shortBackrestSofa",
      "location": {
        "x": -480.208,
        "y": -844.514,
        "z": 6.625
      },
      "rotation": {
        "x": 0.0,
        "y": 0.0,
        "z": -0.707,
        "w": 0.707
      },
      "entity_min": {
        "x": -522.0076293945312,
        "y": -907.1001586914062,
        "z": 6.624978065490723
      },
      "entity_max": {
        "x": -445.9027404785156,
        "y": -782.020751953125,
        "z": 116.92687225341797
      },
      "entity_size": {
        "x": 1.0,
        "y": 1.0,
        "z": 1.0
      },
      "direction": "right",
      "is_sittable": true,
      "movable": false,
      "matched": false,
      "owner": "room"
    },
    {
      "id": "BP_Sofa_Corner_C_2147326218",
      "base_id": "BP_Sofa_Corner",
      "type": "longBackrestSofa",
      "location": {
        "x": -426.147,
        "y": -623.987,
        "z": 6.625
      },
      "rotation": {
        "x": 0.0,
        "y": 0.0,
        "z": 1.0,
        "w": 0.0
      },
      "entity_min": {
        "x": -516.6354370117188,
        "y": -658.9833374023438,
        "z": 5.211103439331055
      },
      "entity_max": {
        "x": -335.65875244140625,
        "y": -582.187255859375,
        "z": 116.9268798828125
      },
      "entity_size": {
        "x": 1.0,
        "y": 1.0,
        "z": 1.0
      },
      "direction": "front",
      "is_sittable": true,
      "movable": false,
      "matched": false,
      "owner": "room"
    },
    {
      "id": "BP_Stool_Footpad_C_2147326215",
      "base_id": "BP_Stool_Footpad",
      "type": "stool",
      "location": {
        "x": -253.398,
        "y": -898.58,
        "z": 6.74
      },
      "rotation": {
        "x": 0.0,
        "y": 0.0,
        "z": 0.0,
        "w": 1.0
      },
      "entity_min": {
        "x": -275.25701904296875,
        "y": -920.445556640625,
        "z": 6.624988079071045
      },
      "entity_max": {
        "x": -231.49134826660156,
        "y": -876.66064453125,
        "z": 37.32861328125
      },
      "entity_size": {
        "x": 1.0,
        "y": 1.0,
        "z": 1.0
      },
      "direction": "back",
      "owner": "room"
    },
    {
      "id": "BP_Plate_02_TL_C_2147326016",
      "base_id": "BP_Plate_02_TL",
      "my_type": "plate",
      "location": {
        "x": -298.5121154785156,
        "y": -799.2390747070312,
        "z": 47.074893951416016
      },
      "rotation": {
        "w": 0.7844956517219543,
        "x": -4.002822151960572e-06,
        "y": -7.567147122244933e-07,
        "z": 0.6201342940330505
      },
      "entity_min": {
        "x": -304.3400573730469,
        "y": -808.6995849609375,
        "z": 46.74998092651367
      },
      "entity_max": {
        "x": -292.6882629394531,
        "y": -789.797607421875,
        "z": 47.93590545654297
      },
      "entity_size": {
        "x": 0.6499999761581421,
        "y": 0.6499999761581421,
        "z": 0.6499999761581421
      },
      "owner": "SDBP_Aich_Liqiuyue_C_2147408713",
      "grid_x": "3,3,3",
      "grid_y": "-2,-1,-3",
      "grid_id": "54,38,66",
      "chain_item_id": "BP_Fruit_Plum_C_2147408478"
    },
    {
      "id": "BP_Bag_Bag_C_2147326015",
      "base_id": "BP_Bag_Bag",
      "my_type": "redbag",
      "location": {
        "x": -348.5821228027344,
        "y": -799.5178833007812,
        "z": 47.29222869873047
      },
      "rotation": {
        "w": 0.31919822096824646,
        "x": -0.0011176002444699407,
        "y": 0.00027487834449857473,
        "z": -0.9476872682571411
      },
      "entity_min": {
        "x": -351.6448974609375,
        "y": -812.3743896484375,
        "z": 46.73991012573242
      },
      "entity_max": {
        "x": -345.47100830078125,
        "y": -786.642333984375,
        "z": 59.23831558227539
      },
      "entity_size": {
        "x": 1.0,
        "y": 1.0,
        "z": 1.0
      },
      "owner": "SDBP_Aich_Liqiuyue_C_2147408713",
      "grid_x": "-2,-2,-2",
      "grid_y": "-2,-1,-3",
      "grid_id": "37,23,53",
      "chain_item_id": null
    },
    {
      "id": "BP_Tesseract_02_C_2147326014",
      "base_id": "BP_Tesseract_02",
      "my_type": "toy",
      "location": {
        "x": -318.4980163574219,
        "y": -799.2374877929688,
        "z": 46.82033157348633
      },
      "rotation": {
        "w": 0.9694520235061646,
        "x": 1.5342046026489697e-05,
        "y": -1.574072302901186e-05,
        "z": 0.24528099596500397
      },
      "entity_min": {
        "x": -319.5141296386719,
        "y": -802.83837890625,
        "z": 46.74987030029297
      },
      "entity_max": {
        "x": -317.41436767578125,
        "y": -795.5255737304688,
        "z": 52.07049560546875
      },
      "entity_size": {
        "x": 1.0,
        "y": 1.0,
        "z": 1.0
      },
      "owner": "SDBP_Aich_AIBaby_Tiantian_90_C_2147408616",
      "grid_x": "1",
      "grid_y": "-2",
      "grid_id": "20",
      "chain_item_id": null
    },
    {
      "id": "BP_Fruit_Plum_C_2147326013",
      "base_id": "BP_Fruit_Plum",
      "my_type": "platefood",
      "location": {
        "x": -298.5881042480469,
        "y": -799.2194213867188,
        "z": 47.6268424987793
      },
      "rotation": {
        "w": 0.9919560551643372,
        "x": 0.011120258830487728,
        "y": -0.011474937200546265,
        "z": 0.12556998431682587
      },
      "entity_min": {
        "x": -300.54132080078125,
        "y": -802.5780029296875,
        "z": 47.38663101196289
      },
      "entity_max": {
        "x": -296.7223815917969,
        "y": -795.9700927734375,
        "z": 52.24449920654297
      },
      "entity_size": {
        "x": 1.0,
        "y": 1.0,
        "z": 1.0
      },
      "owner": "SDBP_Aich_Liqiuyue_C_2147408713",
      "grid_x": "3,3,3",
      "grid_y": "-2,-1,-3",
      "grid_id": "54,38,66",
      "chain_item_id": "BP_Plate_02_TL_C_2147408479"
    },
    {
      "id": "BP_Cup_Kitchen_003_C_2147326012",
      "base_id": "BP_Cup_Kitchen_003",
      "my_type": "bigcup",
      "location": {
        "x": -298.4980163574219,
        "y": -769.2374877929688,
        "z": 46.75911331176758
      },
      "rotation": {
        "w": 0.586103618144989,
        "x": -0.0,