{
  "scene_info": {
    "map_name": "SDBP_Map_001",
    "room_name": "livingRoom",
    "room_bound": {
      "x_min": 100.17400360107422,
      "y_min": -265.0450134277344,
      "z_min": 1.5,
      "x_max": 666.8939819335938,
      "y_max": 303.8710021972656,
      "z_max": 287.0
    },
    "table_id": "BP_CoffeeTable_Table_Coffee_C_0",
    "base_id": "BP_CoffeeTable_Table_Coffee",
    "position": {
      "x": 498.91754150390625,
      "y": -44.21162796020508,
      "z": 1.3366773128509521
    },
    "rotation": {
      "x": 0.0,
      "y": -0.0,
      "z": 0.7071067690849304,
      "w": 0.7071067690849304
    },
    "aabb_bounds": {
      "min": {
        "x": 455.7310485839844,
        "y": -114.81076049804688,
        "z": 1.3366773128509521
      },
      "max": {
        "x": 542.10400390625,
        "y": 26.387508392333984,
        "z": 33.09556198120117
      }
    }
  },
  "objects": [
    {
      "id": "BP_Sofa_001_C_2147357835",
      "base_id": "BP_Sofa_001",
      "type": "longBackrestSofa",
      "location": {
        "x": 348.97,
        "y": -77.717,
        "z": -2.494
      },
      "rotation": {
        "x": 0.0,
        "y": 0.0,
        "z": -0.707,
        "w": 0.707
      },
      "entity_min": {
        "x": 293.7313232421875,
        "y": -206.09378051757812,
        "z": -2.762751579284668
      },
      "entity_max": {
        "x": 405.0168151855469,
        "y": 50.04229736328125,
        "z": 60.68777084350586
      },
      "entity_size": {
        "x": 1.0,
        "y": 1.0,
        "z": 1.0
      },
      "direction": "right",
      "is_sittable": true,
      "movable": false,
      "matched": false,
      "owner": "room"
    },
    {
      "id": "BP_Sofa_003_C_2147357831",
      "base_id": "BP_Sofa_003",
      "type": "shortBacklessSofa",
      "location": {
        "x": 511.797,
        "y": -195.643,
        "z": 0.337
      },
      "rotation": {
        "x": 0.0,
        "y": 0.0,
        "z": 0.0,
        "w": 1.0
      },
      "entity_min": {
        "x": 458.7568664550781,
        "y": -237.4432830810547,
        "z": 0.5113370418548584
      },
      "entity_max": {
        "x": 564.8373413085938,
        "y": -161.3242645263672,
        "z": 110.63909912109375
      },
      "entity_size": {
        "x": 1.0,
        "y": 1.0,
        "z": 1.0
      },
      "direction": "back",
      "is_sittable": true,
      "movable": false,
      "matched": false,
      "owner": "room"
    },
    {
      "id": "BP_Plate_02_TL_C_2147357631",
      "base_id": "BP_Plate_02_TL",
      "my_type": "plate",
      "location": {
        "x": 508.9205322265625,
        "y": -84.19768524169922,
        "z": 33.42053985595703
      },
      "rotation": {
        "w": 0.923865020275116,
        "x": -2.003924691962311e-06,
        "y": 2.9475329483830137e-06,
        "z": -0.3827185332775116
      },
      "entity_min": {
        "x": 497.8111572265625,
        "y": -84.19193267822266,
        "z": 33.09561538696289
      },
      "entity_max": {
        "x": 520.015869140625,
        "y": -84.18994903564453,
        "z": 34.28156280517578
      },
      "entity_size": {
        "x": 0.6499999761581421,
        "y": 0.6499999761581421,
        "z": 0.6499999761581421
      },
      "owner": "SDBP_Aich_Liqiuyue_C_2147465440",
      "grid_x": "1,0,2",
      "grid_y": "-4,-4,-4",
      "grid_id": "48,33,64",
      "chain_item_id": "BP_Fruit_Plum_C_2147465241"
    },
    {
      "id": "BP_Bag_Bag_C_2147357630",
      "base_id": "BP_Bag_Bag",
      "my_type": "redbag",
      "location": {
        "x": 518.2937622070312,
        "y": -104.49768829345703,
        "z": 33.527313232421875
      },
      "rotation": {
        "w": 0.12928231060504913,
        "x": -0.0023633006494492292,
        "y": 0.0006609607953578234,
        "z": 0.9916048049926758
      },
      "entity_min": {
        "x": 506.2305603027344,
        "y": -109.97517395019531,
        "z": 33.08033752441406
      },
      "entity_max": {
        "x": 530.3450927734375,
        "y": -99.08938598632812,
        "z": 45.58854675292969
      },
      "entity_size": {
        "x": 1.0,
        "y": 1.0,
        "z": 1.0
      },
      "owner": "SDBP_Aich_Liqiuyue_C_2147465440",
      "grid_x": "2,1,3",
      "grid_y": "-6,-6,-6",
      "grid_id": "84,74,90",
      "chain_item_id": null
    },
    {
      "id": "BP_Toy_LD_C_2147357629",
      "base_id": "BP_Toy_LD",
      "my_type": "toy",
      "location": {
        "x": 468.62457275390625,
        "y": -94.30770874023438,
        "z": 32.85059356689453
      },
      "rotation": {
        "w": 0.06867478787899017,
        "x": 0.044118721038103104,
        "y": 0.42268484830856323,
        "z": 0.9025933742523193
      },
      "entity_min": {
        "x": 461.00811767578125,
        "y": -91.41213989257812,
        "z": 28.122142791748047
      },
      "entity_max": {
        "x": 477.7432861328125,
        "y": -88.88691711425781,
        "z": 44.162818908691406
      },
      "entity_size": {
        "x": 0.6000000238418579,
        "y": 0.6000000238418579,
        "z": 0.6000000238418579
      },
      "owner": "SDBP_Aich_Liuhaoxuan_C_2147465343",
      "grid_x": "-3",
      "grid_y": "-5",
      "grid_id": "87",
      "chain_item_id": null
    },
    {
      "id": "BP_Fruit_Plum_C_2147357628",
      "base_id": "BP_Fruit_Plum",
      "my_type": "platefood",
      "location": {
        "x": 508.5673522949219,
        "y": -84.37773132324219,
        "z": 33.97599792480469
      },
      "rotation": {
        "w": 0.23827049136161804,
        "x": -0.02224734239280224,
        "y": -0.003185166511684656,
        "z": -0.9709387421607971
      },
      "entity_min": {
        "x": 507.61651611328125,
        "y": -88.02129364013672,
        "z": 33.74882507324219
      },
      "entity_max": {
        "x": 509.70074462890625,
        "y": -80.66064453125,
        "z": 38.578433990478516
      },
      "entity_size": {
        "x": 1.0,
        "y": 1.0,
        "z": 1.0
      },
      "owner": "SDBP_Aich_Liqiuyue_C_2147465440",
      "grid_x": "1,0,2",
      "grid_y": "-4,-4,-4",
      "grid_id": "48,33,64",
      "chain_item_id": "BP_Plate_02_TL_C_2147465243"
    },
    {
      "id": "BP_Book_12_C_2147357627",
      "base_id": "BP_Book_12",
      "my_type": "book",
      "location": {
        "x": 478.91766357421875,
        "y": -74.21163177490234,
        "z": 33.16447067260742
      },
      "rotation": {
        "w": 0.15875211358070374,
        "x": 0.15776389837265015,
        "y": -0.6890120506286621,
        "z": -0.689326286315918
      },
      "entity_min": {
        "x": 464.42596435546875,
        "y": -74.2667007446289,
        "z": 33.084293365478516
      },
      "entity_max": {
        "x": 479.0331726074219,
        "y": -64.55810546875,
        "z": 35.28681564331055
      },
      "entity_size": {
        "x": 0.800000011920929,
        "y": 0.800000011920929,
        "z": 0.800000011920929
      },
      "owner": "SDBP_Aich_Liuhaoxuan_C_2147465343",
      "grid_x": "-2,-2,-3,-3",
      "grid_y": "-3,-2,-2,-3",
      "grid_id": "51,37,53,67",
      "chain_item_id": null
    },
    {
      "id": "BP_Drink_Sprite_02_C_2147357626",
      "base_id": "BP_Drink_Sprite_02",
      "my_type": "drink",
      "location": {
        "x": 488.91754150390625,
        "y": -104.21160888671875,
        "z": 33.09556579589844
      },
      "rotation": {
        "w": 0.904147744178772,
        "x": 0.0,
        "y": -0.0,
        "z": 0.4272198975086212
      },
      "entity_min": {
        "x": 488.4196472167969,
        "y": -109.60912322998047,
        "z": 33.09556579589844
      },