{
  "scene_info": {
    "map_name": "SDBP_Map_073",
    "room_name": "diningRoom",
    "room_bound": {
      "x_min": -58.00600051879883,
      "y_min": 137.79200744628906,
      "z_min": 0.0,
      "x_max": 407.64898681640625,
      "y_max": 800.4660034179688,
      "z_max": 263.9549865722656
    },
    "table_id": "BP_DiningTable_23_C_0",
    "base_id": "BP_DiningTable_23",
    "position": {
      "x": 285.55023193359375,
      "y": 336.80999755859375,
      "z": -7.000000096013537e-06
    },
    "rotation": {
      "x": 0.0,
      "y": 0.0,
      "z": 0.0,
      "w": 1.0
    },
    "aabb_bounds": {
      "min": {
        "x": 175.09376525878906,
        "y": 284.8841247558594,
        "z": -7.000000096013537e-06
      },
      "max": {
        "x": 394.72137451171875,
        "y": 388.7358703613281,
        "z": 76.5702896118164
      }
    }
  },
  "objects": [
    {
      "id": "BP_Chair_0_C_2147356867",
      "base_id": "BP_Chair_0",
      "type": "chair",
      "location": {
        "x": 316.077,
        "y": 418.428,
        "z": 1.375
      },
      "rotation": {
        "x": 0.0,
        "y": 0.0,
        "z": 0.991,
        "w": 0.131
      },
      "entity_min": {
        "x": 273.6947021484375,
        "y": 398.43536376953125,
        "z": 0.5413637161254883
      },
      "entity_max": {
        "x": 361.48187255859375,
        "y": 449.4898376464844,
        "z": 111.67689514160156
      },
      "entity_size": {
        "x": 1.0,
        "y": 1.0,
        "z": 1.0
      },
      "direction": "front",
      "is_sittable": true,
      "movable": true,
      "matched": false,
      "owner": "room"
    },
    {
      "id": "BP_Chair_0_C_2147356863",
      "base_id": "BP_Chair_0",
      "type": "chair",
      "location": {
        "x": 328.156005859375,
        "y": 253.29800415039062,
        "z": 1.375
      },
      "rotation": {
        "x": 0.0,
        "y": -0.0,
        "z": 0.04399862140417099,
        "w": 0.9990316033363342
      },
      "entity_min": {
        "x": 296.2032165527344,
        "y": 208.51565551757812,
        "z": 0.5413637161254883
      },
      "entity_max": {
        "x": 361.0774230957031,
        "y": 286.6468811035156,
        "z": 111.67689514160156
      },
      "entity_size": {
        "x": 1.0,
        "y": 1.0,
        "z": 1.0
      },
      "direction": "back",
      "is_sittable": true,
      "movable": true,
      "matched": "SDBP_Aich_AIBaby_Tiantian_90_C_2147360495",
      "is_sit": true,
      "owner": "room"
    },
    {
      "id": "BP_Chair_0_C_2147356859",
      "base_id": "BP_Chair_0",
      "type": "chair",
      "location": {
        "x": 231.89700317382812,
        "y": 250.57400512695312,
        "z": 1.375
      },
      "rotation": {
        "x": 0.0,
        "y": -0.0,
        "z": 0.04399862140417099,
        "w": 0.9990316033363342
      },
      "entity_min": {
        "x": 199.94422912597656,
        "y": 205.79165649414062,
        "z": 0.5413637161254883
      },
      "entity_max": {
        "x": 264.81842041015625,
        "y": 283.9228820800781,
        "z": 111.67689514160156
      },
      "entity_size": {
        "x": 1.0,
        "y": 1.0,
        "z": 1.0
      },
      "direction": "back",
      "is_sittable": true,
      "movable": true,
      "matched": "SDBP_Aich_Zhanghaoran_C_2147360300",
      "is_sit": true,
      "owner": "room"
    },
    {
      "id": "BP_Plate_C_2147356657",
      "base_id": "BP_Plate",
      "my_type": "plate",
      "location": {
        "x": 294.9075622558594,
        "y": 306.80999755859375,
        "z": 76.5702896118164
      },
      "rotation": {
        "w": 0.9850496053695679,
        "x": 0.0,
        "y": -0.0,
        "z": 0.17227087914943695
      },
      "entity_min": {
        "x": 287.8738708496094,
        "y": 291.86688232421875,
        "z": 76.5702896118164
      },
      "entity_max": {
        "x": 301.9432067871094,
        "y": 321.8197326660156,
        "z": 78.76911163330078
      },
      "entity_size": {
        "x": 0.6499999761581421,
        "y": 0.6499999761581421,
        "z": 0.6499999761581421
      },
      "owner": "SDBP_Aich_AIBaby_Tiantian_90_C_2147360495",
      "grid_x": "1,1,1",
      "grid_y": "-3,-2,-4",
      "grid_id": "34,20,50",
      "chain_item_id": "BP_Apple_Red_04_C_2147360185"
    },
    {
      "id": "BP_Toy_Truck_C_2147356656",
      "base_id": "BP_Toy_Truck",
      "my_type": "boytoy",
      "location": {
        "x": 334.9075622558594,
        "y": 306.80999755859375,
        "z": 76.5702896118164
      },
      "rotation": {
        "w": 0.35923758149147034,
        "x": 0.0,
        "y": -0.0,
        "z": 0.9332461357116699
      },
      "entity_min": {
        "x": 316.9812927246094,
        "y": 299.8595886230469,
        "z": 76.5702896118164
      },
      "entity_max": {
        "x": 350.1114807128906,
        "y": 310.74822998046875,
        "z": 94.64237976074219
      },
      "entity_size": {
        "x": 0.75,
        "y": 0.75,
        "z": 0.75
      },
      "owner": "SDBP_Aich_AIBaby_Tiantian_90_C_2147360495",
      "grid_x": "5,4,6",
      "grid_y": "-3,-3,-3",
      "grid_id": "106,88,124",
      "chain_item_id": null
    },
    {
      "id": "BP_Laptop_01_C_2147356655",
      "base_id": "BP_Laptop_01",
      "my_type": "computer",
      "location": {
        "x": 234.90516662597656,
        "y": 296.79681396484375,
        "z": 76.8102035522461
      },
      "rotation": {
        "w": 0.17300774157047272,
        "x": 0.0005281863268464804,
        "y": 0.00022259073739405721,
        "z": 0.98492032289505
      },
      "entity_min": {
        "x": 221.20086669921875,
        "y": 293.2830505371094,
        "z": 76.5452880859375
      },
      "entity_max": {
        "x": 250.5693817138672,
        "y": 305.7204284667969,
        "z": 92.951171875
      },
      "entity_size": {
        "x": 0.699999988079071,
        "y": 0.699999988079071,
        "z": 0.699999988079071
      },
      "owner": "SDBP_Aich_Zhanghaoran_C_2147360300",
      "grid_x": "-5,-4,-6",
      "grid_y": "-4,-4,-4",
      "grid_id": "123,105,141",
      "chain_item_id": null
    },
    {
      "id": "BP_Apple_Red_04_C_2147356654",
      "base_id": "BP_Apple_Red_04",
      "my_type": "platefood",
      "location": {
        "x": 294.9075927734375,
        "y": 306.8100280761719,
        "z": 78.7437515258789
      },
      "rotation": {
        "w": 0.6934913396835327,
        "x": -2.3291197237540473e-07,
        "y": -8.795479971013265e-07,
        "z": 0.7204649448394775
      },
      "entity_min": {
        "x": 292.8548278808594,
        "y": 304.1167907714844,
        "z": 78.76911163330078
      },
      "entity_max": {
        "x": 296.9638977050781,
        "y": 307.9761962890625,
        "z": 85.2110824584961
      },
      "entity_size": {
        "x": 1.0,
        "y": 1.0,
        "z": 1.0
      },
      "owner": "SDBP_Aich_AIBaby_Tiantian_90_C_2147360495",
      "grid_x": "1,1,1",
      "grid_y": "-3,-2,-4",
      "grid_id": "34,20,50",
      "chain_item_id": "BP_Plate_C_2147360186"
    },
    {
      "id": "BP_Food_179_C_2147356653",
      "base_id": "BP_Food_179",
      "my_type": "snack",
      "location": {
        "x": 234.90847778320312,
        "y": 316.8132019042969,
        "z": 76.56743621826172
      },
      "rotation": {
        "w": 0.9795628786087036,
        "x": 0.0007067648693919182,
        "y": 0.00017920999380294234,
        "z": -0.20113688707351685
      },
      "entity_min": {
        "x": 225.9886932373047,
        "y": 315.4315185546875,
        "z": 76.5660171508789
      },
      "entity_max": {
        "x": 243.82960510253906,
        "y": 318.16510009765625,
        "z": 97.00489807128906
      },
      "entity_size": {
        "x": 0.6000000238418579,
        "y": 0.6000000238418579,
        "z": 0.6000000238418579
      },
      "owner": "SDBP_Aich_Zhanghaoran_C_2147360300",
      "grid_x": "-5",
      "grid_y": "-2",
      "grid_id": "91",