{
  "scene_info": {
    "map_name": "SDBP_Map_015",
    "room_name": "livingRoom",
    "room_bound": {
      "x_min": -624.0230102539062,
      "y_min": -547.2520141601562,
      "z_min": 3.750999927520752,
      "x_max": 9.204999923706055,
      "y_max": -105.2030029296875,
      "z_max": 286.40301513671875
    },
    "table_id": "BP_CoffeeTable_Table_Coffee_C_0",
    "base_id": "BP_CoffeeTable_Table_Coffee",
    "position": {
      "x": -223.8824462890625,
      "y": -384.6573181152344,
      "z": 5.351233005523682
    },
    "rotation": {
      "x": 0.0,
      "y": -0.0,
      "z": 0.7071067690849304,
      "w": 0.7071067690849304
    },
    "aabb_bounds": {
      "min": {
        "x": -254.11297607421875,
        "y": -434.07672119140625,
        "z": 5.351233005523682
      },
      "max": {
        "x": -193.65191650390625,
        "y": -335.2379150390625,
        "z": 37.1101188659668
      }
    }
  },
  "objects": [
    {
      "id": "BP_Toy_Car_C_2147322233",
      "base_id": "BP_Toy_Car",
      "my_type": "boytoy",
      "location": {
        "x": -233.95359802246094,
        "y": -344.55712890625,
        "z": 37.2117805480957
      },
      "rotation": {
        "w": 0.8832346796989441,
        "x": -1.9955554307671264e-05,
        "y": 6.661398219875991e-05,
        "z": -0.4689312279224396
      },
      "entity_min": {
        "x": -243.5692596435547,
        "y": -345.0596618652344,
        "z": 37.11154556274414
      },
      "entity_max": {
        "x": -223.9397430419922,
        "y": -344.03887939453125,
        "z": 45.69732666015625
      },
      "entity_size": {
        "x": 0.75,
        "y": 0.75,
        "z": 0.75
      },
      "owner": "SDBP_Aich_AIBaby_Tiantian_90_C_2147461375",
      "grid_x": "-1,0,-2",
      "grid_y": "4,4,4",
      "grid_id": "35,24,43",
      "chain_item_id": null
    },
    {
      "id": "BP_Laptop_01_C_2147322232",
      "base_id": "BP_Laptop_01",
      "my_type": "computer",
      "location": {
        "x": -233.89340209960938,
        "y": -414.6595458984375,
        "z": 37.350032806396484
      },
      "rotation": {
        "w": 0.6721850633621216,
        "x": 0.0005932293715886772,
        "y": -8.327173418365419e-05,
        "z": 0.7403829097747803
      },
      "entity_min": {
        "x": -242.95501708984375,
        "y": -424.9681091308594,
        "z": 37.08407211303711
      },
      "entity_max": {
        "x": -219.10382080078125,
        "y": -403.7959899902344,
        "z": 53.49173355102539
      },
      "entity_size": {
        "x": 0.699999988079071,
        "y": 0.699999988079071,
        "z": 0.699999988079071
      },
      "owner": "SDBP_Aich_Zhanghaoran_C_2147461274",
      "grid_x": "-1,0,0,-1,0,-2,-1,-2,-2",
      "grid_y": "-3,-2,-3,-2,-4,-2,-4,-3,-4",
      "grid_id": "31,9,19,21,29,33,39,41,45",
      "chain_item_id": null
    },
    {
      "id": "BP_Cup_Kitchen_003_C_2147322230",
      "base_id": "BP_Cup_Kitchen_003",
      "my_type": "bigcup",
      "location": {
        "x": -203.8824462890625,
        "y": -354.6573486328125,
        "z": 37.11650848388672
      },
      "rotation": {
        "w": 0.9965502619743347,
        "x": -1.1101928976131603e-07,
        "y": -1.353026846118155e-07,
        "z": 0.08299153298139572
      },
      "entity_min": {
        "x": -206.5660400390625,
        "y": -360.445068359375,
        "z": 37.11012268066406
      },
      "entity_max": {
        "x": -201.1942138671875,
        "y": -348.7035827636719,
        "z": 43.21541213989258
      },
      "entity_size": {
        "x": 0.8400000333786011,
        "y": 0.8400000333786011,
        "z": 0.8400000333786011
      },
      "owner": "SDBP_Aich_AIBaby_Tiantian_90_C_2147461375",
      "grid_x": "2",
      "grid_y": "3",
      "grid_id": "36",
      "chain_item_id": null
    },
    {
      "id": "BP_Food_181_C_2147322225",
      "base_id": "BP_Food_181",
      "my_type": "snack",
      "location": {
        "x": -244.2806854248047,
        "y": -383.5813293457031,
        "z": 40.095821380615234
      },
      "rotation": {
        "w": -0.5747588276863098,
        "x": 0.4118886888027191,
        "y": 0.5747588276863098,
        "z": 0.4118886888027191
      },
      "entity_min": {
        "x": -249.472412109375,
        "y": -385.3433837890625,
        "z": 37.11016845703125
      },
      "entity_max": {
        "x": -243.58941650390625,
        "y": -368.55914306640625,
        "z": 43.08147430419922
      },
      "entity_size": {
        "x": 0.6000000238418579,
        "y": 0.6000000238418579,
        "z": 0.6000000238418579
      },
      "owner": "SDBP_Aich_Zhanghaoran_C_2147461274",
      "grid_x": "-2,-2",
      "grid_y": "0,1",
      "grid_id": "13,18",
      "chain_item_id": null
    },
    {
      "id": "BP_Food_186_C_2147322224",
      "base_id": "BP_Food_186",
      "my_type": "snack",
      "location": {
        "x": -223.3641357421875,
        "y": -355.8901672363281,
        "z": 40.271217346191406
      },
      "rotation": {
        "w": 0.3842732310295105,
        "x": 0.5935773849487305,
        "y": -0.3842732310295105,
        "z": 0.5935773849487305
      },
      "entity_min": {
        "x": -222.69613647460938,
        "y": -370.77294921875,
        "z": 37.11016082763672
      },
      "entity_max": {
        "x": -218.36190795898438,
        "y": -353.64593505859375,
        "z": 43.432273864746094
      },
      "entity_size": {
        "x": 0.6000000238418579,
        "y": 0.6000000238418579,
        "z": 0.6000000238418579
      },
      "owner": "SDBP_Aich_AIBaby_Tiantian_90_C_2147461375",
      "grid_x": "0",
      "grid_y": "3",
      "grid_id": "14",
      "chain_item_id": null
    }
  ],
  "agents": [
    {
      "id": "SDBP_Aich_Zhanghaoran_C_2147322425",
      "base_id": "SDBP_Aich_Zhanghaoran",
      "type": "man",
      "location": {
        "x": -212.8209991455078,
        "y": -301.3630065917969,
        "z": 91.90126037597656
      },
      "rotation": {
        "x": -0.0,
        "y": 0.0,
        "z": -0.5664085745811462,
        "w": 0.8241245746612549
      },
      "entity_size": {
        "x": 1.0,
        "y": 1.0,
        "z": 1.0
      },
      "direction": "front",
      "status": "standing",
      "skeleton": {
        "spine_03": {
          "x": -211.41223,
          "y": -302.67502,
          "z": 118.13446
        },
        "clavicle_l": {
          "x": -215.28255,
          "y": -306.0332,
          "z": 138.65027
        },
        "pelvis": {
          "x": -212.036,
          "y": -302.0658,
          "z": 94.21429
        },
        "lowerarm_r": {
          "x": -192.60124,
          "y": -287.18024,
          "z": 110.831215
        },
        "ball_r": {
          "x": -193.01231,
          "y": -301.86185,
          "z": 5.3790812
        },
        "head": {
          "x": -208.38538,
          "y": -307.9457,
          "z": 153.09576
        },
        "pinky_01_r": {
          "x": -188.55554,
          "y": -285.88245,
          "z": 81.70673
        },
        "foot_r": {
          "x": -202.0919,
          "y": -292.36246,
          "z": 9.082842
        },
        "thumb_01_l": {
          "x": -235.5377,
          "y": -306.53836,
          "z": 89.402405
        },
        "hand_l": {
          "x": -237.72409,
          "y": -305.97025,
          "z": 90.597145
        },
        "calf_l": {
          "x": -222.38623,
          "y": -308.07986,
          "z": 51.263565
        },
        "thigh_l": {
          "x": -220.58762,
          "y": -305.123,
          "z": 92.31903
        },
        "calf_r": {
          "x": -200.08171,
          "y": -299.71692,