{
  "scene_info": {
    "map_name": "SDBP_Map_006",
    "room_name": "livingRoom",
    "room_bound": {
      "x_min": -110.02999877929688,
      "y_min": 274.1050109863281,
      "z_min": 10.251999855041504,
      "x_max": 312.71099853515625,
      "y_max": 649.6790161132812,
      "z_max": 331.8479919433594
    },
    "table_id": "BP_CoffeeTable_Table_Coffee_C_1",
    "base_id": "BP_CoffeeTable_Table_Coffee",
    "position": {
      "x": 94.35726165771484,
      "y": 463.2768249511719,
      "z": 11.340825080871582
    },
    "rotation": {
      "x": 0.0,
      "y": -0.0,
      "z": 0.7071067690849304,
      "w": 0.7071067690849304
    },
    "aabb_bounds": {
      "min": {
        "x": 51.170780181884766,
        "y": 392.67767333984375,
        "z": 11.340825080871582
      },
      "max": {
        "x": 137.5437469482422,
        "y": 533.8759765625,
        "z": 43.09971237182617
      }
    }
  },
  "objects": [
    {
      "id": "BP_Plate_C_2147330880",
      "base_id": "BP_Plate",
      "my_type": "plate",
      "location": {
        "x": 84.35728454589844,
        "y": 503.2767028808594,
        "z": 43.09976577758789
      },
      "rotation": {
        "w": 0.4458739459514618,
        "x": -6.322771923805703e-07,
        "y": 2.602616007152392e-07,
        "z": -0.8950957655906677
      },
      "entity_min": {
        "x": 82.08373260498047,
        "y": 486.861328125,
        "z": 43.09976577758789
      },
      "entity_max": {
        "x": 86.66560363769531,
        "y": 519.6351928710938,
        "z": 45.298583984375
      },
      "entity_size": {
        "x": 0.6499999761581421,
        "y": 0.6499999761581421,
        "z": 0.6499999761581421
      },
      "owner": "SDBP_Aich_AIBaby_Lele_Shoes_C_2147360040",
      "grid_x": "-1,-1,-1",
      "grid_y": "4,3,5",
      "grid_id": "42,28,56",
      "chain_item_id": "BP_Fruit_Mango_02_C_2147359836"
    },
    {
      "id": "BP_Doll_ncteague_C_2147330879",
      "base_id": "BP_Doll_ncteague",
      "my_type": "doll",
      "location": {
        "x": 64.36734771728516,
        "y": 503.2821960449219,
        "z": 43.117427825927734
      },
      "rotation": {
        "w": 0.24972319602966309,
        "x": 0.001345179509371519,
        "y": -0.00360177643597126,
        "z": 0.9683096408843994
      },
      "entity_min": {
        "x": 55.359066009521484,
        "y": 499.1381530761719,
        "z": 43.135093688964844
      },
      "entity_max": {
        "x": 72.98574829101562,
        "y": 507.31964111328125,
        "z": 65.52465057373047
      },
      "entity_size": {
        "x": 1.100000023841858,
        "y": 1.100000023841858,
        "z": 1.100000023841858
      },
      "owner": "SDBP_Aich_AIBaby_Lele_Shoes_C_2147360040",
      "grid_x": "-3",
      "grid_y": "4",
      "grid_id": "73",
      "chain_item_id": null
    },
    {
      "id": "BP_Decor_Eyeglasses01Frame01_C_2147330878",
      "base_id": "BP_Decor_Eyeglasses01Frame01",
      "my_type": "glasses",
      "location": {
        "x": 124.37654113769531,
        "y": 473.27294921875,
        "z": 43.16685485839844
      },
      "rotation": {
        "w": 0.8124839663505554,
        "x": 0.021720536053180695,
        "y": 0.015555591322481632,
        "z": 0.5823710560798645
      },
      "entity_min": {
        "x": 125.74666595458984,
        "y": 465.63702392578125,
        "z": 42.5936393737793
      },
      "entity_max": {
        "x": 131.52752685546875,
        "y": 478.1961975097656,
        "z": 45.866966247558594
      },
      "entity_size": {
        "x": 0.6499999761581421,
        "y": 0.6499999761581421,
        "z": 0.6499999761581421
      },
      "owner": "SDBP_Aich_Nainai_C_2147359938",
      "grid_x": "3",
      "grid_y": "1",
      "grid_id": "31",
      "chain_item_id": null
    },
    {
      "id": "BP_Fruit_Mango_02_C_2147330877",
      "base_id": "BP_Fruit_Mango_02",
      "my_type": "platefood",
      "location": {
        "x": 84.35662078857422,
        "y": 503.27740478515625,
        "z": 53.16655349731445
      },
      "rotation": {
        "w": 0.9998515248298645,
        "x": -4.243868534103967e-05,
        "y": -4.5561155275208876e-05,
        "z": -0.017231589183211327
      },
      "entity_min": {
        "x": 78.20259857177734,
        "y": 498.04791259765625,
        "z": 45.2987174987793
      },
      "entity_max": {
        "x": 90.49131774902344,
        "y": 508.51031494140625,
        "z": 61.03438949584961
      },
      "entity_size": {
        "x": 1.0,
        "y": 1.0,
        "z": 1.0
      },
      "owner": "SDBP_Aich_AIBaby_Lele_Shoes_C_2147360040",
      "grid_x": "-1,-1,-1",
      "grid_y": "4,3,5",
      "grid_id": "42,28,56",
      "chain_item_id": "BP_Plate_C_2147359837"
    },
    {
      "id": "BP_Book_33_C_2147330876",
      "base_id": "BP_Book_33",
      "my_type": "book",
      "location": {
        "x": 114.357177734375,
        "y": 453.2768249511719,
        "z": 43.171566009521484
      },
      "rotation": {
        "w": 0.634425938129425,
        "x": 0.6343680620193481,
        "y": 0.3119348883628845,
        "z": 0.3126940429210663
      },
      "entity_min": {
        "x": 114.22921752929688,
        "y": 451.1210021972656,
        "z": 43.09143829345703
      },
      "entity_max": {
        "x": 131.63658142089844,
        "y": 453.2744140625,
        "z": 45.287967681884766
      },
      "entity_size": {
        "x": 0.800000011920929,
        "y": 0.800000011920929,
        "z": 0.800000011920929
      },
      "owner": "SDBP_Aich_Nainai_C_2147359938",
      "grid_x": "2,3",
      "grid_y": "-1,-1",
      "grid_id": "22,38",
      "chain_item_id": null
    },
    {
      "id": "BP_Tesseract_03_C_2147330875",
      "base_id": "BP_Tesseract_03",
      "my_type": "toy",
      "location": {
        "x": 64.35736083984375,
        "y": 483.27703857421875,
        "z": 43.1732292175293
      },
      "rotation": {
        "w": 0.2173783928155899,
        "x": -0.0008867579163052142,
        "y": -0.0013953050365671515,
        "z": -0.9760860204696655
      },
      "entity_min": {
        "x": 63.171913146972656,
        "y": 480.1107177734375,
        "z": 43.088592529296875
      },
      "entity_max": {
        "x": 65.44935607910156,
        "y": 486.43377685546875,
        "z": 47.87193298339844
      },
      "entity_size": {
        "x": 1.0,
        "y": 1.0,
        "z": 1.0
      },
      "owner": "SDBP_Aich_AIBaby_Lele_Shoes_C_2147360040",
      "grid_x": "-3",
      "grid_y": "2",
      "grid_id": "46",
      "chain_item_id": null
    }
  ],
  "agents": [
    {
      "id": "SDBP_Aich_Nainai_C_2147331073",
      "base_id": "SDBP_Aich_Nainai",
      "type": "grandma",
      "location": {
        "x": 27.944000244140625,
        "y": 481.10198974609375,
        "z": 94.40229034423828
      },
      "rotation": {
        "x": -0.0,
        "y": 0.0,
        "z": -0.1564355492591858,
        "w": 0.9876881837844849
      },
      "entity_size": {
        "x": 1.0,
        "y": 1.0,
        "z": 1.0
      },
      "direction": "right",
      "status": "standing",
      "skeleton": {
        "spine_03": {
          "x": 30.992792,
          "y": 479.4424,
          "z": 122.96118
        },
        "clavicle_l": {
          "x": 27.735558,
          "y": 475.2364,
          "z": 142.56978
        },
        "pelvis": {
          "x": 29.531683,
          "y": 479.73853,
          "z": 99.80699
        },
        "lowerarm_r": {
          "x": 31.555971,
          "y": 501.43668,
          "z": 114.84667
        },
        "ball_r": {
          "x": 39.60057,
          "y": 495.1682,
          "z": 11.902003
        },
        "head": {
          "x": 30.379467,
          "y": 479.24393,
          "z": 153.80386
        },
        "pinky_01_r": {
          "x": 38.779514,
          "y": 505.18567,
          "z": 85.83351
        },
        "foot_r": {
          "x": 27.595057,
          "y": 494.12894,
          "z": 15.48423
        },