{
  "scene_info": {
    "map_name": "SDBP_Map_205",
    "room_name": "diningRoom",
    "room_bound": {
      "x_min": -131.83200073242188,
      "y_min": -1039.8409423828125,
      "z_min": 6.625,
      "x_max": 400.4570007324219,
      "y_max": -438.00201416015625,
      "z_max": 285.5450134277344
    },
    "table_id": "BP_DiningTable_23_C_0",
    "base_id": "BP_DiningTable_23",
    "position": {
      "x": 137.3399200439453,
      "y": -634.9365234375,
      "z": 6.624995231628418
    },
    "rotation": {
      "x": 0.0,
      "y": -0.0,
      "z": 0.7071067690849304,
      "w": 0.7071067690849304
    },
    "aabb_bounds": {
      "min": {
        "x": 85.41407012939453,
        "y": -745.3930053710938,
        "z": 6.624995231628418
      },
      "max": {
        "x": 189.26577758789062,
        "y": -525.765380859375,
        "z": 83.1952896118164
      }
    }
  },
  "objects": [
    {
      "id": "BP_Chair_0_C_2147350081",
      "base_id": "BP_Chair_0",
      "type": "chair",
      "location": {
        "x": 221.3979949951172,
        "y": -683.0430297851562,
        "z": 5.932000160217285
      },
      "rotation": {
        "x": 0.0,
        "y": -0.0,
        "z": 0.588020384311676,
        "w": 0.808846116065979
      },
      "entity_min": {
        "x": 203.57131958007812,
        "y": -729.9586791992188,
        "z": 5.098363876342773
      },
      "entity_max": {
        "x": 250.1270751953125,
        "y": -639.705078125,
        "z": 116.23389434814453
      },
      "entity_size": {
        "x": 1.0,
        "y": 1.0,
        "z": 1.0
      },
      "direction": "left",
      "is_sittable": true,
      "movable": true,
      "matched": "SDBP_Aich_AIBaby_Tiantian_90_C_2147415184",
      "is_sit": true,
      "owner": "room"
    },
    {
      "id": "BP_Plate_01_C_2147349880",
      "base_id": "BP_Plate_01",
      "my_type": "plate",
      "location": {
        "x": 157.33987426757812,
        "y": -695.5791015625,
        "z": 83.19529724121094
      },
      "rotation": {
        "w": 0.3531706929206848,
        "x": -5.537977813219186e-06,
        "y": 8.61651699324284e-07,
        "z": 0.9355589151382446
      },
      "entity_min": {
        "x": 140.7972412109375,
        "y": -696.6439819335938,
        "z": 83.19544982910156
      },
      "entity_max": {
        "x": 173.82318115234375,
        "y": -694.5446166992188,
        "z": 85.39396667480469
      },
      "entity_size": {
        "x": 0.6499999761581421,
        "y": 0.6499999761581421,
        "z": 0.6499999761581421
      },
      "owner": "SDBP_Aich_AIBaby_Tiantian_90_C_2147415184",
      "grid_x": "2,1,3",
      "grid_y": "-6,-6,-6",
      "grid_id": "108,88,128",
      "chain_item_id": "BP_Banana_03_C_2147414981"
    },
    {
      "id": "BP_Toy_Unicorn_C_2147349879",
      "base_id": "BP_Toy_Unicorn",
      "my_type": "toy",
      "location": {
        "x": 167.3399200439453,
        "y": -675.5792236328125,
        "z": 83.47181701660156
      },
      "rotation": {
        "w": 0.9844304919242859,
        "x": 1.7616783054563712e-07,
        "y": -2.347623961895806e-08,
        "z": 0.17577417194843292
      },
      "entity_min": {
        "x": 163.6534423828125,
        "y": -684.8335571289062,
        "z": 83.19529724121094
      },
      "entity_max": {
        "x": 171.76742553710938,
        "y": -668.33349609375,
        "z": 101.37254333496094
      },
      "entity_size": {
        "x": 0.6000000238418579,
        "y": 0.6000000238418579,
        "z": 0.6000000238418579
      },
      "owner": "SDBP_Aich_AIBaby_Tiantian_90_C_2147415184",
      "grid_x": "3,3",
      "grid_y": "-4,-5",
      "grid_id": "92,110",
      "chain_item_id": null
    },
    {
      "id": "BP_Decor_Eyeglasses01Frame01_C_2147349878",
      "base_id": "BP_Decor_Eyeglasses01Frame01",
      "my_type": "glasses",
      "location": {
        "x": 137.34022521972656,
        "y": -725.5979614257812,
        "z": 83.26244354248047
      },
      "rotation": {
        "w": 0.9979623556137085,
        "x": 0.02667415700852871,
        "y": -0.0015577853191643953,
        "z": -0.0579417385160923
      },
      "entity_min": {
        "x": 131.3714141845703,
        "y": -734.189697265625,
        "z": 82.6891860961914
      },
      "entity_max": {
        "x": 142.4412384033203,
        "y": -725.9065551757812,
        "z": 85.96253204345703
      },
      "entity_size": {
        "x": 0.6499999761581421,
        "y": 0.6499999761581421,
        "z": 0.6499999761581421
      },
      "owner": "SDBP_Aich_Yeye_C_2147415085",
      "grid_x": "0",
      "grid_y": "-9",
      "grid_id": "123",
      "chain_item_id": null
    },
    {
      "id": "BP_Banana_03_C_2147349877",
      "base_id": "BP_Banana_03",
      "my_type": "platefood",
      "location": {
        "x": 157.33645629882812,
        "y": -695.5760498046875,
        "z": 85.89434814453125
      },
      "rotation": {
        "w": 0.9633015394210815,
        "x": 4.4496167106444773e-07,
        "y": 5.847345718734687e-08,
        "z": 0.26842159032821655
      },
      "entity_min": {
        "x": 158.29336547851562,
        "y": -705.611328125,
        "z": 85.39410400390625
      },
      "entity_max": {
        "x": 161.32949829101562,
        "y": -691.2869262695312,
        "z": 94.38441467285156
      },
      "entity_size": {
        "x": 0.6000000238418579,
        "y": 0.6000000238418579,
        "z": 0.6000000238418579
      },
      "owner": "SDBP_Aich_AIBaby_Tiantian_90_C_2147415184",
      "grid_x": "2,1,3",
      "grid_y": "-6,-6,-6",
      "grid_id": "108,88,128",
      "chain_item_id": "BP_Plate_01_C_2147414982"
    },
    {
      "id": "BP_Cup_Kitchen_003_C_2147349876",
      "base_id": "BP_Cup_Kitchen_003",
      "my_type": "bigcup",
      "location": {
        "x": 157.3399200439453,
        "y": -735.5792236328125,
        "z": 83.20441436767578
      },
      "rotation": {
        "w": 0.23435749113559723,
        "x": 0.0,
        "y": -0.0,
        "z": 0.9721505045890808
      },
      "entity_min": {
        "x": 149.18345642089844,
        "y": -740.1137084960938,
        "z": 83.1952896118164
      },
      "entity_max": {
        "x": 165.3495635986328,
        "y": -731.2311401367188,
        "z": 91.9171371459961
      },
      "entity_size": {
        "x": 1.2000000476837158,
        "y": 1.2000000476837158,
        "z": 1.2000000476837158
      },
      "owner": "SDBP_Aich_Yeye_C_2147415085",
      "grid_x": "2",
      "grid_y": "-10",
      "grid_id": "172",
      "chain_item_id": null
    },
    {
      "id": "BP_Toy_Car_C_2147349871",
      "base_id": "BP_Toy_Car",
      "my_type": "boytoy",
      "location": {
        "x": 177.32272338867188,
        "y": -645.5748291015625,
        "z": 83.2968521118164
      },
      "rotation": {
        "w": 0.9782118797302246,
        "x": -2.852589932444971e-05,
        "y": 5.64640540687833e-05,
        "z": -0.20760907232761383
      },
      "entity_min": {
        "x": 169.43113708496094,
        "y": -651.0917358398438,
        "z": 83.19646453857422
      },
      "entity_max": {
        "x": 185.54371643066406,
        "y": -639.8338623046875,
        "z": 91.78256225585938
      },
      "entity_size": {
        "x": 0.75,
        "y": 0.75,
        "z": 0.75
      },
      "owner": "SDBP_Aich_AIBaby_Tiantian_90_C_2147415184",
      "grid_x": "4",
      "grid_y": "-1",
      "grid_id": "58",
      "chain_item_id": null
    }
  ],
  "agents": [
    {
      "id": "SDBP_Aich_Yeye_C_2147350071",
      "base_id": "SDBP_Aich_Yeye",
      "type": "grandpa",
      "location": {
        "x": 192.2953338623047,
        "y": -673.605712890625,
        "z": 98.82830810546875
      },
      "rotation": {
        "x": 0.0,
        "y": -0.0,
        "z": 0.987733781337738,
        "w": 0.15614736080169678
      },
      "entity_size": {
        "x": 1.0,
        "y": 1.0,
        "z": 1.0
      },
      "direction": "left",
      "status": "sitting",