{
  "scene_info": {
    "map_name": "SDBP_Map_243",
    "room_name": "livingRoom_8",
    "room_bound": {
      "x_min": 208.3820037841797,
      "y_min": -418.9930114746094,
      "z_min": 6.5,
      "x_max": 678.0989990234375,
      "y_max": 409.8059997558594,
      "z_max": 258.61700439453125
    },
    "table_id": "BP_DiningTable_41_C_5",
    "base_id": "BP_DiningTable_41",
    "position": {
      "x": 413.0,
      "y": 192.0,
      "z": 7.0
    },
    "rotation": {
      "x": 0.0,
      "y": 0.0,
      "z": 0.0,
      "w": 1.0
    },
    "aabb_bounds": {
      "min": {
        "x": 351.28900146484375,
        "y": 130.240966796875,
        "z": 6.855510234832764
      },
      "max": {
        "x": 474.71099853515625,
        "y": 253.75901794433594,
        "z": 82.0999755859375
      }
    }
  },
  "objects": [
    {
      "id": "BP_Plate_02_TL_C_2147343996",
      "base_id": "BP_Plate_02_TL",
      "my_type": "plate",
      "location": {
        "x": 382.98516845703125,
        "y": 171.98037719726562,
        "z": 82.42491912841797
      },
      "rotation": {
        "w": 0.47547590732574463,
        "x": 5.812466497445712e-06,
        "y": -1.1124512866445002e-06,
        "z": 0.8797287344932556
      },
      "entity_min": {
        "x": 372.1222229003906,
        "y": 169.70547485351562,
        "z": 82.09980773925781
      },
      "entity_max": {
        "x": 393.859130859375,
        "y": 174.2392120361328,
        "z": 83.2861328125
      },
      "entity_size": {
        "x": 0.6499999761581421,
        "y": 0.6499999761581421,
        "z": 0.6499999761581421
      },
      "owner": "SDBP_Aich_Liuhaoxuan_C_2147400153",
      "grid_x": "-3,-2,-4",
      "grid_y": "-2,-2,-2",
      "grid_id": "57,37,79",
      "chain_item_id": "BP_Fruit_Plum_C_2147400047"
    },
    {
      "id": "BP_Laptop_01_C_2147343995",
      "base_id": "BP_Laptop_01",
      "my_type": "computer",
      "location": {
        "x": 453.014892578125,
        "y": 172.00344848632812,
        "z": 82.33988952636719
      },
      "rotation": {
        "w": 0.6897063851356506,
        "x": -0.00012299392255954444,
        "y": -0.0005969770718365908,
        "z": -0.7240889072418213
      },
      "entity_min": {
        "x": 439.87139892578125,
        "y": 159.9438934326172,
        "z": 82.07351684570312
      },
      "entity_max": {
        "x": 460.4100341796875,
        "y": 184.34228515625,
        "z": 98.48188781738281
      },
      "entity_size": {
        "x": 0.699999988079071,
        "y": 0.699999988079071,
        "z": 0.699999988079071
      },
      "owner": "SDBP_Aich_Shenxin_C_2147400250",
      "grid_x": "4,3,3,4,3,4",
      "grid_y": "-2,-1,-2,-1,-3,-3",
      "grid_id": "78,38,56,58,76,94",
      "chain_item_id": null
    },
    {
      "id": "BP_Toy_HTL_C_2147343993",
      "base_id": "BP_Toy_HTL",
      "my_type": "toy",
      "location": {
        "x": 382.9779052734375,
        "y": 151.98370361328125,
        "z": 82.29558563232422
      },
      "rotation": {
        "w": 0.5254215002059937,
        "x": 0.0001541626115795225,
        "y": -0.00034817433333955705,
        "z": 0.8508419990539551
      },
      "entity_min": {
        "x": 375.4459228515625,
        "y": 149.80355834960938,
        "z": 82.0948486328125
      },
      "entity_max": {
        "x": 390.5474853515625,
        "y": 154.1178436279297,
        "z": 97.69825744628906
      },
      "entity_size": {
        "x": 0.6000000238418579,
        "y": 0.6000000238418579,
        "z": 0.6000000238418579
      },
      "owner": "SDBP_Aich_Liuhaoxuan_C_2147400153",
      "grid_x": "-3",
      "grid_y": "-4",
      "grid_id": "93",
      "chain_item_id": null
    },
    {
      "id": "BP_Flex_Cup_Kitchen_2_C_2147343992",
      "base_id": "BP_Flex_Cup_Kitchen_2",
      "my_type": "bigcup",
      "location": {
        "x": 463.0,
        "y": 202.0,
        "z": 82.10910034179688
      },
      "rotation": {
        "w": 0.4145015478134155,
        "x": -0.0,
        "y": 0.0,
        "z": -0.9100486040115356
      },
      "entity_min": {
        "x": 460.7059326171875,
        "y": 192.99237060546875,
        "z": 82.0999755859375
      },
      "entity_max": {
        "x": 465.4396667480469,
        "y": 210.82029724121094,
        "z": 90.82182312011719
      },
      "entity_size": {
        "x": 1.2000000476837158,
        "y": 1.2000000476837158,
        "z": 1.2000000476837158
      },
      "owner": "SDBP_Aich_Shenxin_C_2147400250",
      "grid_x": "5,5",
      "grid_y": "1,0",
      "grid_id": "70,60",
      "chain_item_id": null
    },
    {
      "id": "BP_Fruit_Plum_C_2147343991",
      "base_id": "BP_Fruit_Plum",
      "my_type": "platefood",
      "location": {
        "x": 383.2110290527344,
        "y": 172.08169555664062,
        "z": 82.97987365722656
      },
      "rotation": {
        "w": 0.5972442030906677,
        "x": 0.021776074543595314,
        "y": -0.007041603792458773,
        "z": 0.8017328381538391
      },
      "entity_min": {
        "x": 379.89654541015625,
        "y": 170.2629852294922,
        "z": 82.70350646972656
      },
      "entity_max": {
        "x": 386.6416015625,
        "y": 173.73703002929688,
        "z": 87.63134002685547
      },
      "entity_size": {
        "x": 1.0,
        "y": 1.0,
        "z": 1.0
      },
      "owner": "SDBP_Aich_Liuhaoxuan_C_2147400153",
      "grid_x": "-3,-2,-4",
      "grid_y": "-2,-2,-2",
      "grid_id": "57,37,79",
      "chain_item_id": "BP_Plate_02_TL_C_2147400048"
    },
    {
      "id": "BP_Toy_Dinosaur_C_2147343990",
      "base_id": "BP_Toy_Dinosaur",
      "my_type": "boytoy",
      "location": {
        "x": 413.0,
        "y": 152.0,
        "z": 82.32852172851562
      },
      "rotation": {
        "w": 0.7742437124252319,
        "x": -0.0,
        "y": 0.0,
        "z": -0.632887601852417
      },
      "entity_min": {
        "x": 406.6443176269531,
        "y": 144.58445739746094,
        "z": 82.0999755859375
      },
      "entity_max": {
        "x": 421.2291564941406,
        "y": 161.00257873535156,
        "z": 98.18946838378906
      },
      "entity_size": {
        "x": 0.75,
        "y": 0.75,
        "z": 0.75
      },
      "owner": "SDBP_Aich_Liuhaoxuan_C_2147400153",
      "grid_x": "0,0",
      "grid_y": "-4,-3",
      "grid_id": "33,19",
      "chain_item_id": null
    }
  ],
  "agents": [
    {
      "id": "SDBP_Aich_Liuhaoxuan_C_2147344187",
      "base_id": "SDBP_Aich_Liuhaoxuan",
      "type": "boy",
      "location": {
        "x": 500.20001220703125,
        "y": 169.63499450683594,
        "z": 63.650047302246094
      },
      "rotation": {
        "x": 0.0,
        "y": -0.0,
        "z": 0.9986317753791809,
        "w": 0.05229314789175987
      },
      "entity_size": {
        "x": 1.0,
        "y": 1.0,
        "z": 1.0
      },
      "direction": "left",
      "status": "standing",
      "skeleton": {
        "spine_03": {
          "x": 499.76193,
          "y": 169.71767,
          "z": 78.05202
        },
        "clavicle_l": {
          "x": 502.43427,
          "y": 173.00706,
          "z": 91.407295
        },
        "pelvis": {
          "x": 500.8341,
          "y": 169.59735,
          "z": 60.25876
        },
        "lowerarm_r": {
          "x": 501.16437,
          "y": 156.14075,
          "z": 72.821434
        },
        "ball_r": {
          "x": 495.85358,
          "y": 164.36497,
          "z": 8.146214
        },
        "head": {
          "x": 502.2168,
          "y": 169.43614,
          "z": 100.37294
        },
        "pinky_01_r": {
          "x": 499.31836,
          "y": 153.52463,
          "z": 53.668453
        },
        "foot_r": {
          "x": 505.3597,
          "y": 163.85468,
          "z": 9.806851
        },
        "thumb_01_l": {
          "x": 501.2022,
          "y": 184.83846,
          "z": 58.651882
        },
        "hand_l": {
          "x": 502.82455,
          "y": 185.02551,