{
  "scene_info": {
    "map_name": "SDBP_Map_073",
    "room_name": "diningRoom",
    "room_bound": {
      "x_min": -58.00600051879883,
      "y_min": 137.79200744628906,
      "z_min": 0.0,
      "x_max": 407.64898681640625,
      "y_max": 800.4660034179688,
      "z_max": 263.9549865722656
    },
    "table_id": "BP_DiningTable_23_C_0",
    "base_id": "BP_DiningTable_23",
    "position": {
      "x": 285.55023193359375,
      "y": 336.80999755859375,
      "z": -7.000000096013537e-06
    },
    "rotation": {
      "x": 0.0,
      "y": 0.0,
      "z": 0.0,
      "w": 1.0
    },
    "aabb_bounds": {
      "min": {
        "x": 175.09376525878906,
        "y": 284.8841247558594,
        "z": -7.000000096013537e-06
      },
      "max": {
        "x": 394.72137451171875,
        "y": 388.7358703613281,
        "z": 76.5702896118164
      }
    }
  },
  "objects": [
    {
      "id": "BP_Chair_0_C_2147351470",
      "base_id": "BP_Chair_0",
      "type": "chair",
      "location": {
        "x": 316.0769958496094,
        "y": 418.4280090332031,
        "z": 1.375
      },
      "rotation": {
        "x": 0.0,
        "y": -0.0,
        "z": 0.9913628697395325,
        "w": 0.13114744424819946
      },
      "entity_min": {
        "x": 273.6947021484375,
        "y": 398.43536376953125,
        "z": 0.5413637161254883
      },
      "entity_max": {
        "x": 361.48187255859375,
        "y": 449.4898376464844,
        "z": 111.67689514160156
      },
      "entity_size": {
        "x": 1.0,
        "y": 1.0,
        "z": 1.0
      },
      "direction": "front",
      "is_sittable": true,
      "movable": true,
      "matched": "SDBP_Aich_AIBaby_Lele_Shoes_C_2147447450",
      "is_sit": true,
      "owner": "room"
    },
    {
      "id": "BP_Chair_0_C_2147351466",
      "base_id": "BP_Chair_0",
      "type": "chair",
      "location": {
        "x": 240.768,
        "y": 418.428,
        "z": 1.375
      },
      "rotation": {
        "x": 0.0,
        "y": 0.0,
        "z": 0.991,
        "w": 0.131
      },
      "entity_min": {
        "x": 198.3856964111328,
        "y": 398.43536376953125,
        "z": 0.5413637161254883
      },
      "entity_max": {
        "x": 286.1728515625,
        "y": 449.4898376464844,
        "z": 111.67689514160156
      },
      "entity_size": {
        "x": 1.0,
        "y": 1.0,
        "z": 1.0
      },
      "direction": "front",
      "is_sittable": true,
      "movable": true,
      "matched": false,
      "owner": "room"
    },
    {
      "id": "BP_Chair_0_C_2147351462",
      "base_id": "BP_Chair_0",
      "type": "chair",
      "location": {
        "x": 328.156005859375,
        "y": 253.29800415039062,
        "z": 1.375
      },
      "rotation": {
        "x": 0.0,
        "y": -0.0,
        "z": 0.04399862140417099,
        "w": 0.9990316033363342
      },
      "entity_min": {
        "x": 296.2032165527344,
        "y": 208.51565551757812,
        "z": 0.5413637161254883
      },
      "entity_max": {
        "x": 361.0774230957031,
        "y": 286.6468811035156,
        "z": 111.67689514160156
      },
      "entity_size": {
        "x": 1.0,
        "y": 1.0,
        "z": 1.0
      },
      "direction": "back",
      "is_sittable": true,
      "movable": true,
      "matched": "SDBP_Aich_Liqiuyue_C_2147447347",
      "is_sit": true,
      "owner": "room"
    },
    {
      "id": "BP_Cap_01_C_2147351258",
      "base_id": "BP_Cap_01",
      "my_type": "cap",
      "location": {
        "x": 304.9715270996094,
        "y": 376.7377014160156,
        "z": 76.760498046875
      },
      "rotation": {
        "w": 0.49691498279571533,
        "x": -0.00015864839951973408,
        "y": -0.00018045055912807584,
        "z": 0.8677992224693298
      },
      "entity_min": {
        "x": 290.2743835449219,
        "y": 375.98602294921875,
        "z": 76.57292175292969
      },
      "entity_max": {
        "x": 319.34375,
        "y": 377.8415222167969,
        "z": 85.69528198242188
      },
      "entity_size": {
        "x": 1.0,
        "y": 1.0,
        "z": 1.0
      },
      "owner": "SDBP_Aich_AIBaby_Lele_Shoes_C_2147447450",
      "grid_x": "2,1,3",
      "grid_y": "4,4,4",
      "grid_id": "60,42,78",
      "chain_item_id": null
    },
    {
      "id": "BP_Perfume_Box_C_2147351257",
      "base_id": "BP_Perfume_Box",
      "my_type": "perfume",
      "location": {
        "x": 304.9075622558594,
        "y": 296.80999755859375,
        "z": 76.5702896118164
      },
      "rotation": {
        "w": 0.12436927855014801,
        "x": 0.0,
        "y": -0.0,
        "z": 0.9922360181808472
      },
      "entity_min": {
        "x": 300.04742431640625,
        "y": 295.3595886230469,
        "z": 76.5702896118164
      },
      "entity_max": {
        "x": 309.7677001953125,
        "y": 298.2604064941406,
        "z": 90.64149475097656
      },
      "entity_size": {
        "x": 1.0,
        "y": 1.0,
        "z": 1.0
      },
      "owner": "SDBP_Aich_Liqiuyue_C_2147447347",
      "grid_x": "2",
      "grid_y": "-4",
      "grid_id": "68",
      "chain_item_id": null
    },
    {
      "id": "BP_FoodContainer_Oreo_C_2147351256",
      "base_id": "BP_FoodContainer_Oreo",
      "my_type": "snack",
      "location": {
        "x": 304.485595703125,
        "y": 364.2717590332031,
        "z": 78.95668029785156
      },
      "rotation": {
        "w": 0.07599116116762161,
        "x": 0.00685759074985981,
        "y": -0.038476601243019104,
        "z": 0.9963422417640686
      },
      "entity_min": {
        "x": 293.1934814453125,
        "y": 361.260498046875,
        "z": 77.24775695800781
      },
      "entity_max": {
        "x": 314.6771240234375,
        "y": 367.53460693359375,
        "z": 80.71528625488281
      },
      "entity_size": {
        "x": 0.6000000238418579,
        "y": 0.6000000238418579,
        "z": 0.6000000238418579
      },
      "owner": "SDBP_Aich_AIBaby_Lele_Shoes_C_2147447450",
      "grid_x": "2,1,3",
      "grid_y": "3,3,3",
      "grid_id": "44,27,62",
      "chain_item_id": null
    },
    {
      "id": "BP_Book_9_C_2147351255",
      "base_id": "BP_Book_9",
      "my_type": "book",
      "location": {
        "x": 334.9075622558594,
        "y": 306.80999755859375,
        "z": 76.86067962646484
      },
      "rotation": {
        "w": 0.5984216928482056,
        "x": 0.598421573638916,
        "y": -0.37668493390083313,
        "z": -0.3766849637031555
      },
      "entity_min": {
        "x": 324.9522705078125,
        "y": 288.56622314453125,
        "z": 76.5702896118164
      },
      "entity_max": {
        "x": 335.07232666015625,
        "y": 307.2929382324219,
        "z": 79.09442901611328
      },
      "entity_size": {
        "x": 0.800000011920929,
        "y": 0.800000011920929,
        "z": 0.800000011920929
      },
      "owner": "SDBP_Aich_Liqiuyue_C_2147447347",
      "grid_x": "5,4,4,5",
      "grid_y": "-3,-3,-4,-4",
      "grid_id": "106,88,104,122",
      "chain_item_id": null
    },
    {
      "id": "BP_Doll_Sofia_C_2147351254",
      "base_id": "BP_Doll_Sofia",
      "my_type": "doll",
      "location": {
        "x": 274.90771484375,
        "y": 366.8100280761719,
        "z": 76.68836975097656
      },
      "rotation": {
        "w": 0.9897714257240295,
        "x": 5.0708995331660844e-06,
        "y": 0.0007751915836706758,
        "z": 0.1426600068807602
      },
      "entity_min": {
        "x": 269.2364807128906,
        "y": 352.94793701171875,
        "z": 76.56629943847656
      },
      "entity_max": {
        "x": 280.6153869628906,
        "y": 380.6767883300781,
        "z": 102.06548309326172
      },
      "entity_size": {
        "x": 1.100000023841858,
        "y": 1.100000023841858,
        "z": 1.100000023841858
      },
      "owner": "SDBP_Aich_AIBaby_Lele_Shoes_C_2147447450",
      "grid_x": "-1,-1,-1",
      "grid_y": "3,2,4",
      "grid_id": "28,16,43",
      "chain_item_id": null
    }
  ],