{
  "scene_info": {
    "map_name": "SDBP_Map_013",
    "room_name": "livingRoom",
    "room_bound": {
      "x_min": -618.7969970703125,
      "y_min": -734.6229858398438,
      "z_min": 0.125,
      "x_max": -46.51499938964844,
      "y_max": -50.15700149536133,
      "z_max": 283.52801513671875
    },
    "table_id": "BP_CoffeeTable_Table_Coffee_C_0",
    "base_id": "BP_CoffeeTable_Table_Coffee",
    "position": {
      "x": -286.3751220703125,
      "y": -554.4496459960938,
      "z": -0.002033852506428957
    },
    "rotation": {
      "x": 0.0,
      "y": 0.0,
      "z": 0.0,
      "w": 1.0
    },
    "aabb_bounds": {
      "min": {
        "x": -356.9742736816406,
        "y": -597.6361083984375,
        "z": -0.002033852506428957
      },
      "max": {
        "x": -215.77597045898438,
        "y": -511.2631530761719,
        "z": 31.756853103637695
      }
    }
  },
  "objects": [
    {
      "id": "BP_Doll_Sofia_C_2147341771",
      "base_id": "BP_Doll_Sofia",
      "my_type": "doll",
      "location": {
        "x": -346.3750915527344,
        "y": -544.4495849609375,
        "z": 31.885120391845703
      },
      "rotation": {
        "w": 0.9117751717567444,
        "x": -0.0002340052160434425,
        "y": 0.00020064694399479777,
        "z": 0.4106895327568054
      },
      "entity_min": {
        "x": -348.93267822265625,
        "y": -559.2064208984375,
        "z": 31.75969886779785
      },
      "entity_max": {
        "x": -343.81475830078125,
        "y": -529.6796264648438,
        "z": 57.26560974121094
      },
      "entity_size": {
        "x": 1.100000023841858,
        "y": 1.100000023841858,
        "z": 1.100000023841858
      },
      "owner": "SDBP_Aich_AIBabyV7_Shoes_C_2147359045",
      "grid_x": "-6,-6,-6",
      "grid_y": "1,0,2",
      "grid_id": "73,67,83",
      "chain_item_id": null
    },
    {
      "id": "BP_Phone_02_C_2147341770",
      "base_id": "BP_Phone_02",
      "my_type": "phone",
      "location": {
        "x": -306.3751220703125,
        "y": -574.4496459960938,
        "z": 31.756853103637695
      },
      "rotation": {
        "w": 0.7944599986076355,
        "x": -0.0,
        "y": 0.0,
        "z": -0.6073164939880371
      },
      "entity_min": {
        "x": -310.8684997558594,
        "y": -579.6680297851562,
        "z": 31.756853103637695
      },
      "entity_max": {
        "x": -301.87933349609375,
        "y": -569.2400512695312,
        "z": 32.6246223449707
      },
      "entity_size": {
        "x": 1.0,
        "y": 1.0,
        "z": 1.0
      },
      "owner": "SDBP_Aich_Liqiuyue_C_2147358945",
      "grid_x": "-2",
      "grid_y": "-2",
      "grid_id": "35",
      "chain_item_id": null
    },
    {
      "id": "BP_Cup_Coffee_01_C_2147341769",
      "base_id": "BP_Cup_Coffee_01",
      "my_type": "pinkcup",
      "location": {
        "x": -316.3747253417969,
        "y": -524.449951171875,
        "z": 32.083717346191406
      },
      "rotation": {
        "w": 0.7108215689659119,
        "x": 5.678143133991398e-05,
        "y": 5.966628305031918e-05,
        "z": 0.7033723592758179
      },
      "entity_min": {
        "x": -325.4651184082031,
        "y": -529.2821044921875,
        "z": 31.755950927734375
      },
      "entity_max": {
        "x": -311.6436462402344,
        "y": -519.5718994140625,
        "z": 43.330970764160156
      },
      "entity_size": {
        "x": 1.2000000476837158,
        "y": 1.2000000476837158,
        "z": 1.2000000476837158
      },
      "owner": "SDBP_Aich_AIBabyV7_Shoes_C_2147359045",
      "grid_x": "-3,-4",
      "grid_y": "3,3",
      "grid_id": "55,69",
      "chain_item_id": null
    },
    {
      "id": "BP_Drink_Sprite_02_C_2147341764",
      "base_id": "BP_Drink_Sprite_02",
      "my_type": "drink",
      "location": {
        "x": -336.3751220703125,
        "y": -584.4496459960938,
        "z": 31.756853103637695
      },
      "rotation": {
        "w": 0.9881831407546997,
        "x": -0.0,
        "y": 0.0,
        "z": -0.15327778458595276
      },
      "entity_min": {
        "x": -341.20245361328125,
        "y": -586.9150390625,
        "z": 31.756853103637695
      },
      "entity_max": {
        "x": -331.54779052734375,
        "y": -581.9842529296875,
        "z": 46.367862701416016
      },
      "entity_size": {
        "x": 0.20000000298023224,
        "y": 0.20000000298023224,
        "z": 0.20000000298023224
      },
      "owner": "SDBP_Aich_Liqiuyue_C_2147358945",
      "grid_x": "-5",
      "grid_y": "-3",
      "grid_id": "85",
      "chain_item_id": null
    },
    {
      "id": "BP_Toy_Plane_main_C_2147341763",
      "base_id": "BP_Toy_Plane_main",
      "my_type": "toy",
      "location": {
        "x": -326.3580322265625,
        "y": -544.586669921875,
        "z": 32.15147399902344
      },
      "rotation": {
        "w": 0.9087046384811401,
        "x": 0.041045647114515305,
        "y": 0.36499857902526855,
        "z": -0.19836118817329407
      },
      "entity_min": {
        "x": -334.29730224609375,
        "y": -551.6924438476562,
        "z": 34.42613220214844
      },
      "entity_max": {
        "x": -315.8046569824219,
        "y": -545.2916259765625,
        "z": 36.41865921020508
      },
      "entity_size": {
        "x": 0.6000000238418579,
        "y": 0.6000000238418579,
        "z": 0.6000000238418579
      },
      "owner": "SDBP_Aich_AIBabyV7_Shoes_C_2147359045",
      "grid_x": "-4,-3",
      "grid_y": "1,1",
      "grid_id": "45,31",
      "chain_item_id": null
    }
  ],
  "agents": [
    {
      "id": "SDBP_Aich_Liqiuyue_C_2147341962",
      "base_id": "SDBP_Aich_Liqiuyue",
      "type": "woman",
      "location": {
        "x": -388.8269958496094,
        "y": -523.6909790039062,
        "z": 82.2750015258789
      },
      "rotation": {
        "x": 0.0,
        "y": 0.0,
        "z": 0.0,
        "w": 1.0
      },
      "entity_size": {
        "x": 1.0,
        "y": 1.0,
        "z": 1.0
      },
      "direction": "right",
      "status": "standing",
      "skeleton": {
        "spine_03": {
          "x": -384.8971,
          "y": -523.0188,
          "z": 110.70374
        },
        "lowerarm_r": {
          "x": -391.27655,
          "y": -501.5093,
          "z": 101.8464
        },
        "pelvis": {
          "x": -386.7337,
          "y": -523.33966,
          "z": 86.92606
        },
        "clavicle_l": {
          "x": -386.53952,
          "y": -527.508,
          "z": 130.08139
        },
        "ball_r": {
          "x": -380.80707,
          "y": -506.29776,
          "z": 3.53055
        },
        "head": {
          "x": -384.44867,
          "y": -522.1958,
          "z": 142.4445
        },
        "pinky_01_r": {
          "x": -386.206,
          "y": -497.16748,
          "z": 72.768936
        },
        "foot_r": {
          "x": -392.91602,
          "y": -511.39554,
          "z": 7.1984334
        },
        "thumb_01_l": {
          "x": -384.41702,
          "y": -545.877,
          "z": 80.08364
        },
        "hand_l": {
          "x": -386.2593,
          "y": -547.3829,
          "z": 81.15003
        },
        "calf_l": {
          "x": -386.05875,
          "y": -534.3917,
          "z": 46.153954
        },
        "neck_01": {
          "x": -387.07928,
          "y": -522.3606,
          "z": 135.56163
        },
        "thigh_l": {
          "x": -387.9777,
          "y": -531.6743,
          "z": 84.854454
        },
        "calf_r": {
          "x": -385.8977,
          "y": -511.90524,
          "z": 45.918633
        },
        "thumb_01_r": {
          "x": -384.5457,
          "y": -499.92526,
          "z": 79.289154
        },
        "pinky_01_l": {
          "x": -385.5152,
          "y": -548.863,
          "z": 73.54507
        },
        "spine_02": {
          "x": -385.23547,
          "y": -523.26544,
          "z": 97.71831
        },
        "eye_jiont_r": {
          "x": -378.04303,