{
  "scene_info": {
    "map_name": "SDBP_Map_014",
    "room_name": "diningRoom",
    "room_bound": {
      "x_min": -607.4409790039062,
      "y_min": -131.14500427246094,
      "z_min": 3.994999885559082,
      "x_max": -1.4110000133514404,
      "y_max": 369.3919982910156,
      "z_max": 299.072998046875
    },
    "table_id": "BP_DiningTable_0_C_1",
    "base_id": "BP_DiningTable_0",
    "position": {
      "x": -383.4450988769531,
      "y": 139.25987243652344,
      "z": 3.751255512237549
    },
    "rotation": {
      "x": 0.0,
      "y": -0.0,
      "z": 0.7071067690849304,
      "w": 0.7071067690849304
    },
    "aabb_bounds": {
      "min": {
        "x": -429.10955810546875,
        "y": 38.57958984375,
        "z": 2.8109476566314697
      },
      "max": {
        "x": -337.7736511230469,
        "y": 239.94017028808594,
        "z": 80.0817642211914
      }
    }
  },
  "objects": [
    {
      "id": "BP_Chair_0_C_2147352450",
      "base_id": "BP_Chair_0",
      "type": "chair",
      "location": {
        "x": -309.317,
        "y": 116.63,
        "z": 3.751
      },
      "rotation": {
        "x": 0.0,
        "y": 0.0,
        "z": 0.696,
        "w": 0.718
      },
      "entity_min": {
        "x": -338.5142517089844,
        "y": 79.57850646972656,
        "z": 2.9173636436462402
      },
      "entity_max": {
        "x": -268.6521911621094,
        "y": 153.28358459472656,
        "z": 114.05289459228516
      },
      "entity_size": {
        "x": 1.0,
        "y": 1.0,
        "z": 1.0
      },
      "direction": "left",
      "is_sittable": true,
      "movable": true,
      "matched": false,
      "owner": "room"
    },
    {
      "id": "BP_Chair_0_C_2147352446",
      "base_id": "BP_Chair_0",
      "type": "chair",
      "location": {
        "x": -458.114013671875,
        "y": 191.9239959716797,
        "z": 3.750999927520752
      },
      "rotation": {
        "x": -0.0,
        "y": 0.0,
        "z": -0.7239951491355896,
        "w": 0.6898050904273987
      },
      "entity_min": {
        "x": -498.13623046875,
        "y": 154.774169921875,
        "z": 2.9173636436462402
      },
      "entity_max": {
        "x": -429.55078125,
        "y": 229.66868591308594,
        "z": 114.05289459228516
      },
      "entity_size": {
        "x": 1.0,
        "y": 1.0,
        "z": 1.0
      },
      "direction": "right",
      "is_sittable": true,
      "movable": true,
      "matched": "SDBP_Aich_AIBaby_Tiantian_90_C_2147464055",
      "is_sit": true,
      "owner": "room"
    },
    {
      "id": "BP_Chair_0_C_2147352442",
      "base_id": "BP_Chair_0",
      "type": "chair",
      "location": {
        "x": -544.48,
        "y": -57.509,
        "z": 3.751
      },
      "rotation": {
        "x": 0.0,
        "y": 0.0,
        "z": 0.0,
        "w": 1.0
      },
      "entity_min": {
        "x": -580.2459716796875,
        "y": -99.30892944335938,
        "z": 2.9173636436462402
      },
      "entity_max": {
        "x": -508.7542724609375,
        "y": -27.183425903320312,
        "z": 114.05289459228516
      },
      "entity_size": {
        "x": 1.0,
        "y": 1.0,
        "z": 1.0
      },
      "direction": "right",
      "is_sittable": true,
      "movable": true,
      "matched": false,
      "owner": "room"
    },
    {
      "id": "BP_Plate_C_2147352241",
      "base_id": "BP_Plate",
      "my_type": "plate",
      "location": {
        "x": -413.48974609375,
        "y": 89.26245880126953,
        "z": 79.06743621826172
      },
      "rotation": {
        "w": 0.10023367404937744,
        "x": 0.011425258591771126,
        "y": -0.001154960016719997,
        "z": -0.9948976635932922
      },
      "entity_min": {
        "x": -422.6747131347656,
        "y": 75.43097686767578,
        "z": 79.27689361572266
      },
      "entity_max": {
        "x": -404.36688232421875,
        "y": 103.0283203125,
        "z": 81.05595397949219
      },
      "entity_size": {
        "x": 0.6499999761581421,
        "y": 0.6499999761581421,
        "z": 0.6499999761581421
      },
      "owner": "SDBP_Aich_Zhanghaoran_C_2147463956",
      "grid_x": "-3,-2,-2,-3,-2,-4,-3,-4,-4",
      "grid_y": "-5,-4,-5,-4,-6,-4,-6,-5,-6",
      "grid_id": "111,73,91,93,109,113,129,131,147",
      "chain_item_id": "BP_Fruit_Mango_02_C_2147463831"
    },
    {
      "id": "BP_Cap_01_C_2147352240",
      "base_id": "BP_Cap_01",
      "my_type": "cap",
      "location": {
        "x": -423.44134521484375,
        "y": 159.20594787597656,
        "z": 79.03313446044922
      },
      "rotation": {
        "w": 0.2613586485385895,
        "x": 0.01965733990073204,
        "y": -0.0072477348148822784,
        "z": -0.9650143384933472
      },
      "entity_min": {
        "x": -424.94537353515625,
        "y": 144.54800415039062,
        "z": 78.818359375
      },
      "entity_max": {
        "x": -422.6561279296875,
        "y": 173.57598876953125,
        "z": 87.97394561767578
      },
      "entity_size": {
        "x": 1.0,
        "y": 1.0,
        "z": 1.0
      },
      "owner": "SDBP_Aich_AIBaby_Tiantian_90_C_2147464055",
      "grid_x": "-4,-4,-4",
      "grid_y": "2,1,3",
      "grid_id": "68,50,86",
      "chain_item_id": null
    },
    {
      "id": "BP_Phone_05_C_2147352239",
      "base_id": "BP_Phone_05",
      "my_type": "phone",
      "location": {
        "x": -403.44061279296875,
        "y": 119.26053619384766,
        "z": 79.29793548583984
      },
      "rotation": {
        "w": 0.6985822319984436,
        "x": 0.008205881342291832,
        "y": -0.008011587895452976,
        "z": -0.7154378890991211
      },
      "entity_min": {
        "x": -406.4152526855469,
        "y": 113.14554595947266,
        "z": 79.22969818115234
      },
      "entity_max": {
        "x": -400.48431396484375,
        "y": 125.37553405761719,
        "z": 80.16594696044922
      },
      "entity_size": {
        "x": 1.0,
        "y": 1.0,
        "z": 1.0
      },
      "owner": "SDBP_Aich_Zhanghaoran_C_2147463956",
      "grid_x": "-2",
      "grid_y": "-2",
      "grid_id": "37",
      "chain_item_id": null
    },
    {
      "id": "BP_Fanta_01_C_2147352238",
      "base_id": "BP_Fanta_01",
      "my_type": "drink",
      "location": {
        "x": -403.29736328125,
        "y": 179.2948760986328,
        "z": 79.30366516113281
      },
      "rotation": {
        "w": 0.34414029121398926,
        "x": -0.011099077761173248,
        "y": -0.004057885613292456,
        "z": 0.938843846321106
      },
      "entity_min": {
        "x": -409.5318908691406,
        "y": 178.82040405273438,
        "z": 79.43389892578125
      },
      "entity_max": {
        "x": -397.7878112792969,
        "y": 179.76995849609375,
        "z": 109.84043884277344
      },
      "entity_size": {
        "x": 0.20000000298023224,
        "y": 0.20000000298023224,
        "z": 0.20000000298023224
      },
      "owner": "SDBP_Aich_AIBaby_Tiantian_90_C_2147464055",
      "grid_x": "-2",
      "grid_y": "4",
      "grid_id": "64",
      "chain_item_id": null
    },
    {
      "id": "BP_Drink_Sprite_01_C_2147352237",
      "base_id": "BP_Drink_Sprite_01",
      "my_type": "drink",
      "location": {
        "x": -403.1973876953125,
        "y": 149.22134399414062,
        "z": 79.30522155761719
      },
      "rotation": {
        "w": 0.7954275608062744,
        "x": 0.00711237033829093,
        "y": -0.009357395581901073,
        "z": -0.605934739112854
      },
      "entity_min": {
        "x": -408.2804870605469,
        "y": 146.37045288085938,
        "z": 79.18563842773438
      },
      "entity_max": {
        "x": -398.841064453125,
        "y": 152.07301330566406,
        "z": 110.33529663085938
      },
      "entity_size": {
        "x": 0.20000000298023224,
        "y": 0.20000000298023224,
        "z": 0.20000000298023224
      },
      "owner": "SDBP_Aich_Zhanghaoran_C_2147463956",
      "grid_x": "-2",
      "grid_y": "1",