{
  "scene_info": {
    "map_name": "SDBP_Map_006",
    "room_name": "kitchen",
    "room_bound": {
      "x_min": -295.43499755859375,
      "y_min": -219.1230010986328,
      "z_min": 10.253000259399414,
      "x_max": 180.5,
      "y_max": 164.41299438476562,
      "z_max": 331.8479919433594
    },
    "table_id": "BP_DiningTable_0_C_0",
    "base_id": "BP_DiningTable_0",
    "position": {
      "x": 32.17375946044922,
      "y": 9.474374771118164,
      "z": 7.572394371032715
    },
    "rotation": {
      "x": 0.0,
      "y": -0.0,
      "z": 0.7071067690849304,
      "w": 0.7071067690849304
    },
    "aabb_bounds": {
      "min": {
        "x": -5.2711029052734375,
        "y": -79.1242904663086,
        "z": 6.632086753845215
      },
      "max": {
        "x": 69.62435913085938,
        "y": 98.07304382324219,
        "z": 83.90290069580078
      }
    }
  },
  "objects": [
    {
      "id": "BP_Chair_0_C_2147356172",
      "base_id": "BP_Chair_0",
      "type": "chair",
      "location": {
        "x": 97.837,
        "y": 26.85,
        "z": 10.235
      },
      "rotation": {
        "x": 0.0,
        "y": 0.0,
        "z": 0.685,
        "w": 0.729
      },
      "entity_min": {
        "x": 69.76639556884766,
        "y": -11.419427871704102,
        "z": 9.401363372802734
      },
      "entity_max": {
        "x": 137.35775756835938,
        "y": 64.3734359741211,
        "z": 120.53689575195312
      },
      "entity_size": {
        "x": 1.0,
        "y": 1.0,
        "z": 1.0
      },
      "direction": "left",
      "is_sittable": true,
      "movable": true,
      "matched": false,
      "owner": "room"
    },
    {
      "id": "BP_Chair_0_C_2147356168",
      "base_id": "BP_Chair_0",
      "type": "chair",
      "location": {
        "x": -46.82699966430664,
        "y": -6.798999786376953,
        "z": 11.413999557495117
      },
      "rotation": {
        "x": -0.0,
        "y": 0.0,
        "z": -0.6129900217056274,
        "w": 0.7900906801223755
      },
      "entity_min": {
        "x": -96.2032470703125,
        "y": -33.868690490722656,
        "z": 10.580363273620605
      },
      "entity_max": {
        "x": -8.57522201538086,
        "y": 17.458471298217773,
        "z": 121.71589660644531
      },
      "entity_size": {
        "x": 1.0,
        "y": 1.0,
        "z": 1.0
      },
      "direction": "right",
      "is_sittable": true,
      "movable": true,
      "matched": "SDBP_Aich_Shenxin_C_2147475710",
      "is_sit": true,
      "owner": "room"
    },
    {
      "id": "BP_Laptop_01_C_2147355966",
      "base_id": "BP_Laptop_01",
      "my_type": "computer",
      "location": {
        "x": 22.182544708251953,
        "y": -0.5322859287261963,
        "z": 83.53825378417969
      },
      "rotation": {
        "w": 0.7186793684959412,
        "x": -0.00916994921863079,
        "y": -0.010181703604757786,
        "z": 0.6952066421508789
      },
      "entity_min": {
        "x": 14.152676582336426,
        "y": -12.667067527770996,
        "z": 83.64646911621094
      },
      "entity_max": {
        "x": 35.51686477661133,
        "y": 11.412610054016113,
        "z": 99.46073913574219
      },
      "entity_size": {
        "x": 0.699999988079071,
        "y": 0.699999988079071,
        "z": 0.699999988079071
      },
      "owner": "SDBP_Aich_Shenxin_C_2147475710",
      "grid_x": "-1,0,0,-1,0,-1",
      "grid_y": "-1,0,-1,0,-2,-2",
      "grid_id": "11,1,3,5,9,21",
      "chain_item_id": null
    },
    {
      "id": "BP_Toy_XYY_C_2147355964",
      "base_id": "BP_Toy_XYY",
      "my_type": "toy",
      "location": {
        "x": 22.096141815185547,
        "y": -60.48576736450195,
        "z": 83.29740142822266
      },
      "rotation": {
        "w": 0.9558354616165161,
        "x": 0.004198684822767973,
        "y": -0.013515794649720192,
        "z": -0.29356130957603455
      },
      "entity_min": {
        "x": 14.192338943481445,
        "y": -60.968238830566406,
        "z": 83.07357025146484
      },
      "entity_max": {
        "x": 29.56355857849121,
        "y": -60.00469970703125,
        "z": 98.93347930908203
      },
      "entity_size": {
        "x": 0.6000000238418579,
        "y": 0.6000000238418579,
        "z": 0.6000000238418579
      },
      "owner": "SDBP_Aich_AIBabyV7_Shoes_C_2147475612",
      "grid_x": "-1",
      "grid_y": "-7",
      "grid_id": "91",
      "chain_item_id": null
    },
    {
      "id": "BP_Book_5_C_2147355963",
      "base_id": "BP_Book_5",
      "my_type": "book",
      "location": {
        "x": 32.15091323852539,
        "y": 29.473960876464844,
        "z": 84.02143859863281
      },
      "rotation": {
        "w": 0.5287566184997559,
        "x": 0.5285924673080444,
        "y": 0.469485878944397,
        "z": 0.46966952085494995
      },
      "entity_min": {
        "x": 32.07948684692383,
        "y": 29.438386917114258,
        "z": 83.80992126464844
      },
      "entity_max": {
        "x": 56.05707550048828,
        "y": 41.64974594116211,
        "z": 84.93688201904297
      },
      "entity_size": {
        "x": 0.800000011920929,
        "y": 0.800000011920929,
        "z": 0.800000011920929
      },
      "owner": "SDBP_Aich_Shenxin_C_2147475710",
      "grid_x": "0,0,1,1,2,2",
      "grid_y": "2,3,2,3,2,3",
      "grid_id": "6,14,15,27,29,43",
      "chain_item_id": null
    },
    {
      "id": "BP_Food_179_C_2147355962",
      "base_id": "BP_Food_179",
      "my_type": "snack",
      "location": {
        "x": 52.256141662597656,
        "y": -60.59458923339844,
        "z": 83.6350326538086
      },
      "rotation": {
        "w": 0.9808127880096436,
        "x": 0.000958195305429399,
        "y": 0.01577422209084034,
        "z": -0.19431044161319733
      },
      "entity_min": {
        "x": 43.36037063598633,
        "y": -62.100975036621094,
        "z": 83.89505004882812
      },
      "entity_max": {
        "x": 61.776641845703125,
        "y": -59.251922607421875,
        "z": 103.80086517333984
      },
      "entity_size": {
        "x": 0.6000000238418579,
        "y": 0.6000000238418579,
        "z": 0.6000000238418579
      },
      "owner": "SDBP_Aich_AIBabyV7_Shoes_C_2147475612",
      "grid_x": "2,3",
      "grid_y": "-7,-7",
      "grid_id": "104,112",
      "chain_item_id": null
    },
    {
      "id": "BP_Mouse_01_C_2147355961",
      "base_id": "BP_Mouse_01",
      "my_type": "mousepad",
      "location": {
        "x": 12.153664588928223,
        "y": 29.47034454345703,
        "z": 82.99681854248047
      },
      "rotation": {
        "w": 0.9213929772377014,
        "x": 0.0047362917102873325,
        "y": -0.014641719870269299,
        "z": -0.3883274495601654
      },
      "entity_min": {
        "x": 6.448231220245361,
        "y": 27.834033966064453,
        "z": 82.84098052978516
      },
      "entity_max": {
        "x": 17.81353759765625,
        "y": 31.30353546142578,
        "z": 85.51747131347656
      },
      "entity_size": {
        "x": 1.0,
        "y": 1.0,
        "z": 1.0
      },
      "owner": "SDBP_Aich_Shenxin_C_2147475710",
      "grid_x": "-2",
      "grid_y": "2",
      "grid_id": "30",
      "chain_item_id": null
    }
  ],
  "agents": [
    {
      "id": "SDBP_Aich_AIBabyV7_Shoes_C_2147356161",
      "base_id": "SDBP_Aich_AIBabyV7_Shoes",
      "type": "girl",
      "location": {
        "x": -17.192014694213867,
        "y": 0.8033373355865479,
        "z": 91.310302734375
      },
      "rotation": {
        "x": 0.0,
        "y": -0.0,
        "z": 0.12522904574871063,
        "w": 0.9921278357505798
      },
      "entity_size": {
        "x": 1.0,
        "y": 1.0,
        "z": 1.0
      },
      "direction": "right",
      "status": "sitting",
      "chair_id": "BP_Chair_0_C_2147356168",
      "skeleton": {
        "spine_03": {
          "x": -40.024,
          "y": -5.058961,
          "z": 86.98713
        },
        "lowerarm_r": {
          "x": -47.662556,