{
  "scene_info": {
    "map_name": "SDBP_Map_013",
    "room_name": "diningRoom",
    "room_bound": {
      "x_min": -626.801025390625,
      "y_min": 252.56700134277344,
      "z_min": 0.125,
      "x_max": -109.10800170898438,
      "y_max": 729.7520141601562,
      "z_max": 283.52801513671875
    },
    "table_id": "BP_DiningTable_06_C_1",
    "base_id": "BP_DiningTable_06",
    "position": {
      "x": -437.83416748046875,
      "y": 504.7080993652344,
      "z": -0.002032453892752528
    },
    "rotation": {
      "x": 0.0,
      "y": -0.0,
      "z": 0.7071067690849304,
      "w": 0.7071067690849304
    },
    "aabb_bounds": {
      "min": {
        "x": -482.83416748046875,
        "y": 419.70941162109375,
        "z": -0.18953245878219604
      },
      "max": {
        "x": -392.83416748046875,
        "y": 589.7872924804688,
        "z": 74.98797607421875
      }
    }
  },
  "objects": [
    {
      "id": "BP_Chair_0_C_2147355366",
      "base_id": "BP_Chair_0",
      "type": "chair",
      "location": {
        "x": -352.48199462890625,
        "y": 564.9769897460938,
        "z": -0.0020000000949949026
      },
      "rotation": {
        "x": 0.0,
        "y": -0.0,
        "z": 0.8198970556259155,
        "w": 0.5725109577178955
      },
      "entity_min": {
        "x": -393.2578125,
        "y": 545.7984008789062,
        "z": -0.8356362581253052
      },
      "entity_max": {
        "x": -300.920166015625,
        "y": 588.0702514648438,
        "z": 110.29989624023438
      },
      "entity_size": {
        "x": 1.0,
        "y": 1.0,
        "z": 1.0
      },
      "direction": "left",
      "is_sittable": true,
      "movable": true,
      "matched": "SDBP_Aich_Yeye_C_2147466987",
      "is_sit": true,
      "owner": "room"
    },
    {
      "id": "BP_Plate_C_2147355164",
      "base_id": "BP_Plate",
      "my_type": "plate",
      "location": {
        "x": -437.8330993652344,
        "y": 564.7550659179688,
        "z": 74.98799133300781
      },
      "rotation": {
        "w": 0.3753342628479004,
        "x": -5.609986146737356e-06,
        "y": 4.1349085222464055e-06,
        "z": -0.9268895387649536
      },
      "entity_min": {
        "x": -438.08306884765625,
        "y": 548.1801147460938,
        "z": 74.98804473876953
      },
      "entity_max": {
        "x": -437.5574951171875,
        "y": 581.2684936523438,
        "z": 77.18675994873047
      },
      "entity_size": {
        "x": 0.6499999761581421,
        "y": 0.6499999761581421,
        "z": 0.6499999761581421
      },
      "owner": "SDBP_Aich_Yeye_C_2147466987",
      "grid_x": "0,0,0",
      "grid_y": "6,5,7",
      "grid_id": "60,42,78",
      "chain_item_id": "BP_Fruit_Food_Pears_01_C_2147466785"
    },
    {
      "id": "BP_Plate_02_TL_C_2147355163",
      "base_id": "BP_Plate_02_TL",
      "my_type": "plate",
      "location": {
        "x": -417.7792053222656,
        "y": 525.0970458984375,
        "z": 75.31256866455078
      },
      "rotation": {
        "w": 0.5002377033233643,
        "x": 1.264880302187521e-05,
        "y": 6.687358836643398e-05,
        "z": 0.8658881187438965
      },
      "entity_min": {
        "x": -428.4964904785156,
        "y": 522.2091064453125,
        "z": 74.9869155883789
      },
      "entity_max": {
        "x": -407.0517578125,
        "y": 527.9683227539062,
        "z": 76.17432403564453
      },
      "entity_size": {
        "x": 0.6499999761581421,
        "y": 0.6499999761581421,
        "z": 0.6499999761581421
      },
      "owner": "SDBP_Aich_Yeye_C_2147466987",
      "grid_x": "2,1,3",
      "grid_y": "2,2,2",
      "grid_id": "29,15,47",
      "chain_item_id": "BP_Apple_Green_01_C_2147466776"
    },
    {
      "id": "BP_Decor_Eyeglasses01Frame01_C_2147355162",
      "base_id": "BP_Decor_Eyeglasses01Frame01",
      "my_type": "glasses",
      "location": {
        "x": -417.8167724609375,
        "y": 554.7504272460938,
        "z": 75.05512237548828
      },
      "rotation": {
        "w": 0.7100909352302551,
        "x": 0.018990034237504005,
        "y": 0.018802091479301453,
        "z": 0.70360267162323
      },
      "entity_min": {
        "x": -418.0537414550781,
        "y": 549.7316284179688,
        "z": 74.48178100585938
      },
      "entity_max": {
        "x": -408.6377258300781,
        "y": 559.8552856445312,
        "z": 77.75523376464844
      },
      "entity_size": {
        "x": 0.6499999761581421,
        "y": 0.6499999761581421,
        "z": 0.6499999761581421
      },
      "owner": "SDBP_Aich_Yeye_C_2147466987",
      "grid_x": "2,3",
      "grid_y": "5,5",
      "grid_id": "81,101",
      "chain_item_id": null
    },
    {
      "id": "BP_Doll_ncteague_C_2147355161",
      "base_id": "BP_Doll_ncteague",
      "my_type": "doll",
      "location": {
        "x": -467.84320068359375,
        "y": 574.755615234375,
        "z": 75.00569152832031
      },
      "rotation": {
        "w": 0.6716567873954773,
        "x": -0.003748960793018341,
        "y": 0.0008549807826057076,
        "z": -0.7408524751663208
      },
      "entity_min": {
        "x": -474.9617919921875,
        "y": 568.1229248046875,
        "z": 75.0233383178711
      },
      "entity_max": {
        "x": -460.4723815917969,
        "y": 581.072509765625,
        "z": 97.41293334960938
      },
      "entity_size": {
        "x": 1.100000023841858,
        "y": 1.100000023841858,
        "z": 1.100000023841858
      },
      "owner": "SDBP_Aich_AIBabyV7_Shoes_C_2147466889",
      "grid_x": "-3",
      "grid_y": "7",
      "grid_id": "133",
      "chain_item_id": null
    },
    {
      "id": "BP_Fruit_Food_Pears_01_C_2147355160",
      "base_id": "BP_Fruit_Food_Pears_01",
      "my_type": "platefood",
      "location": {
        "x": -438.05413818359375,
        "y": 565.05322265625,
        "z": 77.39600372314453
      },
      "rotation": {
        "w": 0.8727617263793945,
        "x": 0.1824062615633011,
        "y": 0.2764250934123993,
        "z": 0.35861408710479736
      },
      "entity_min": {
        "x": -438.0378112792969,
        "y": 560.0516357421875,
        "z": 76.65750885009766
      },
      "entity_max": {
        "x": -432.162109375,
        "y": 568.85791015625,
        "z": 85.9033432006836
      },
      "entity_size": {
        "x": 1.0,
        "y": 1.0,
        "z": 1.0
      },
      "owner": "SDBP_Aich_Yeye_C_2147466987",
      "grid_x": "0,0,0",
      "grid_y": "6,5,7",
      "grid_id": "60,42,78",
      "chain_item_id": "BP_Plate_C_2147466786"
    },
    {
      "id": "BP_Book_35_C_2147355159",
      "base_id": "BP_Book_35",
      "my_type": "book",
      "location": {
        "x": -467.8342590332031,
        "y": 544.748291015625,
        "z": 75.05773162841797
      },
      "rotation": {
        "w": 0.6004734039306641,
        "x": 0.6004952192306519,
        "y": 0.37290915846824646,
        "z": 0.3738662004470825
      },
      "entity_min": {
        "x": -467.9592590332031,
        "y": 544.7208251953125,
        "z": 74.97756958007812
      },
      "entity_max": {
        "x": -450.4684753417969,
        "y": 546.0274658203125,
        "z": 77.17835998535156
      },
      "entity_size": {
        "x": 0.800000011920929,
        "y": 0.800000011920929,
        "z": 0.800000011920929
      },
      "owner": "SDBP_Aich_AIBabyV7_Shoes_C_2147466889",
      "grid_x": "-3,-2",
      "grid_y": "4,4",
      "grid_id": "84,64",
      "chain_item_id": null
    },
    {
      "id": "BP_Apple_Green_01_C_2147355158",
      "base_id": "BP_Apple_Green_01",
      "my_type": "platefood",
      "location": {
        "x": -417.8971862792969,
        "y": 525.14208984375,
        "z": 75.87694549560547
      },
      "rotation": {
        "w": 0.3327021598815918,
        "x": 0.004998956341296434,
        "y": 0.0031233797781169415,
        "z": -0.9430135488510132
      },
      "entity_min": {
        "x": -418.330322265625,
        "y": 519.1573486328125,