{
  "scene_info": {
    "map_name": "SDBP_Map_064",
    "room_name": "livingRoom",
    "room_bound": {
      "x_min": -78.66799926757812,
      "y_min": -744.1270141601562,
      "z_min": 3.25,
      "x_max": 483.3789978027344,
      "y_max": -133.56100463867188,
      "z_max": 284.8599853515625
    },
    "table_id": "BP_CoffeeTable_01_C_0",
    "base_id": "BP_CoffeeTable_01",
    "position": {
      "x": 214.5508575439453,
      "y": -468.9273376464844,
      "z": 4.52474308013916
    },
    "rotation": {
      "x": 0.0,
      "y": 0.0,
      "z": 0.0,
      "w": 1.0
    },
    "aabb_bounds": {
      "min": {
        "x": 164.79566955566406,
        "y": -524.0064086914062,
        "z": 5.812009811401367
      },
      "max": {
        "x": 269.48834228515625,
        "y": -419.1669921875,
        "z": 54.570045471191406
      }
    }
  },
  "objects": [
    {
      "id": "BP_Plate_02_TL_C_2147322854",
      "base_id": "BP_Plate_02_TL",
      "my_type": "plate",
      "location": {
        "x": 227.1935577392578,
        "y": -431.52813720703125,
        "z": 54.89501190185547
      },
      "rotation": {
        "w": 0.8258882761001587,
        "x": 9.076737796931411e-07,
        "y": -2.8181589186715428e-06,
        "z": -0.5638337731361389
      },
      "entity_min": {
        "x": 217.0194091796875,
        "y": -435.9716796875,
        "z": 54.5699462890625
      },
      "entity_max": {
        "x": 237.36021423339844,
        "y": -427.0666198730469,
        "z": 55.75617599487305
      },
      "entity_size": {
        "x": 0.6499999761581421,
        "y": 0.6499999761581421,
        "z": 0.6499999761581421
      },
      "owner": "SDBP_Aich_Yeye_C_2147441833",
      "grid_x": "1,0,2",
      "grid_y": "4,4,4",
      "grid_id": "42,26,58",
      "chain_item_id": "BP_Fruit_Food_Pears_01_C_2147441614"
    },
    {
      "id": "BP_Paper_Newspaper01_C_2147322853",
      "base_id": "BP_Paper_Newspaper01",
      "my_type": "newspaper",
      "location": {
        "x": 227.14205932617188,
        "y": -461.5867004394531,
        "z": 54.6584587097168
      },
      "rotation": {
        "w": 0.8454946279525757,
        "x": -0.0003279804368503392,
        "y": 0.00020720509928651154,
        "z": -0.5339838266372681
      },
      "entity_min": {
        "x": 210.64328002929688,
        "y": -469.7015686035156,
        "z": 54.57006072998047
      },
      "entity_max": {
        "x": 243.6587371826172,
        "y": -453.4945068359375,
        "z": 56.93450164794922
      },
      "entity_size": {
        "x": 0.800000011920929,
        "y": 0.800000011920929,
        "z": 0.800000011920929
      },
      "owner": "SDBP_Aich_Yeye_C_2147441833",
      "grid_x": "1,0,2",
      "grid_y": "1,1,1",
      "grid_id": "7,2,17",
      "chain_item_id": null
    },
    {
      "id": "BP_Toy_Unicorn_C_2147322852",
      "base_id": "BP_Toy_Unicorn",
      "my_type": "toy",
      "location": {
        "x": 237.14199829101562,
        "y": -501.5867004394531,
        "z": 54.846588134765625
      },
      "rotation": {
        "w": 0.9610558748245239,
        "x": 0.0,
        "y": -0.0,
        "z": 0.2763541042804718
      },
      "entity_min": {
        "x": 235.4324188232422,
        "y": -511.40045166015625,
        "z": 54.570068359375
      },
      "entity_max": {
        "x": 239.98890686035156,
        "y": -493.5867614746094,
        "z": 72.747314453125
      },
      "entity_size": {
        "x": 0.6000000238418579,
        "y": 0.6000000238418579,
        "z": 0.6000000238418579
      },
      "owner": "SDBP_Aich_AIBaby_Tiantian_90_C_2147441735",
      "grid_x": "2,2",
      "grid_y": "-3,-4",
      "grid_id": "52,64",
      "chain_item_id": null
    },
    {
      "id": "BP_Fruit_Food_Pears_01_C_2147322851",
      "base_id": "BP_Fruit_Food_Pears_01",
      "my_type": "platefood",
      "location": {
        "x": 226.96707153320312,
        "y": -431.0438232421875,
        "z": 55.01276397705078
      },
      "rotation": {
        "w": 0.9355096817016602,
        "x": 0.1135939210653305,
        "y": 0.18158318102359772,
        "z": 0.28097254037857056
      },
      "entity_min": {
        "x": 226.196044921875,
        "y": -436.03533935546875,
        "z": 54.78595733642578
      },
      "entity_max": {
        "x": 231.5666046142578,
        "y": -427.1215515136719,
        "z": 64.2337646484375
      },
      "entity_size": {
        "x": 1.0,
        "y": 1.0,
        "z": 1.0
      },
      "owner": "SDBP_Aich_Yeye_C_2147441833",
      "grid_x": "1,0,2",
      "grid_y": "4,4,4",
      "grid_id": "42,26,58",
      "chain_item_id": "BP_Plate_02_TL_C_2147441615"
    },
    {
      "id": "BP_Book_15_C_2147322850",
      "base_id": "BP_Book_15",
      "my_type": "book",
      "location": {
        "x": 217.14215087890625,
        "y": -491.5865478515625,
        "z": 54.67007064819336
      },
      "rotation": {
        "w": 0.040210235863924026,
        "x": 0.03913450241088867,
        "y": -0.7064598202705383,
        "z": -0.7055254578590393
      },
      "entity_min": {
        "x": 202.94570922851562,
        "y": -491.6770935058594,
        "z": 54.570064544677734
      },
      "entity_max": {
        "x": 217.23272705078125,
        "y": -476.9745178222656,
        "z": 55.72005844116211
      },
      "entity_size": {
        "x": 0.800000011920929,
        "y": 0.800000011920929,
        "z": 0.800000011920929
      },
      "owner": "SDBP_Aich_AIBaby_Tiantian_90_C_2147441735",
      "grid_x": "0,0,-1,-1",
      "grid_y": "-2,-1,-1,-2",
      "grid_id": "9,3,11,21",
      "chain_item_id": null
    },
    {
      "id": "BP_Flex_Cup_Kitchen_2_C_2147322849",
      "base_id": "BP_Flex_Cup_Kitchen_2",
      "my_type": "bigcup",
      "location": {
        "x": 257.1419982910156,
        "y": -481.5867004394531,
        "z": 54.57918930053711
      },
      "rotation": {
        "w": 0.9467027187347412,
        "x": -0.0,
        "y": 0.0,
        "z": -0.322108656167984
      },
      "entity_min": {
        "x": 248.47540283203125,
        "y": -484.4063720703125,
        "z": 54.570064544677734
      },
      "entity_max": {
        "x": 265.9868469238281,
        "y": -478.6104431152344,
        "z": 63.291908264160156
      },
      "entity_size": {
        "x": 1.2000000476837158,
        "y": 1.2000000476837158,
        "z": 1.2000000476837158
      },
      "owner": "SDBP_Aich_Yeye_C_2147441833",
      "grid_x": "4",
      "grid_y": "-1",
      "grid_id": "56",
      "chain_item_id": null
    }
  ],
  "agents": [
    {
      "id": "SDBP_Aich_AIBaby_Tiantian_90_C_2147323049",
      "base_id": "SDBP_Aich_AIBaby_Tiantian_90",
      "type": "boy",
      "location": {
        "x": 298.7650146484375,
        "y": -427.5010070800781,
        "z": 89.13652038574219
      },
      "rotation": {
        "x": -0.0,
        "y": 0.0,
        "z": -0.8526431322097778,
        "w": 0.5224937200546265
      },
      "entity_size": {
        "x": 1.0,
        "y": 1.0,
        "z": 1.0
      },
      "direction": "left",
      "status": "standing",
      "skeleton": {
        "spine_03": {
          "x": 298.3521,
          "y": -428.2266,
          "z": 64.17118
        },
        "clavicle_l": {
          "x": 295.73047,
          "y": -424.84583,
          "z": 76.15317
        },
        "pelvis": {
          "x": 299.02545,
          "y": -426.92746,
          "z": 46.79704
        },
        "lowerarm_r": {
          "x": 311.15765,
          "y": -432.00992,
          "z": 59.881756
        },
        "ball_r": {
          "x": 301.0494,
          "y": -431.68015,
          "z": 7.1215477
        },
        "head": {
          "x": 299.30127,
          "y": -426.36624,
          "z": 82.883896
        },
        "pinky_01_r": {
          "x": 312.9214,
          "y": -433.9287,
          "z": 44.441513
        },
        "foot_r": {
          "x": 304.08902,
          "y": -425.1867,
          "z": 8.7794895
        },