{
  "scene_info": {
    "map_name": "SDBP_Map_203",
    "room_name": "guide_room",
    "room_bound": null,
    "table_id": "BP_DiningTable_Table_Dining_Set_C_0",
    "base_id": "BP_DiningTable_Table_Dining_Set",
    "position": {
      "x": -240.73817443847656,
      "y": -14.243790626525879,
      "z": 5.192863941192627
    },
    "rotation": {
      "x": 0.0,
      "y": -0.0,
      "z": 0.7071067690849304,
      "w": 0.7071067690849304
    },
    "aabb_bounds": {
      "min": {
        "x": -274.92510986328125,
        "y": -89.99461364746094,
        "z": 4.425734519958496
      },
      "max": {
        "x": -206.4938507080078,
        "y": 57.594078063964844,
        "z": 53.804229736328125
      }
    }
  },
  "objects": [
    {
      "id": "BP_Toy_Dinosaur_C_2147457724",
      "base_id": "BP_Toy_Dinosaur",
      "my_type": "toy",
      "location": {
        "x": -275.3810119628906,
        "y": -1.9485926628112793,
        "z": 58.139015197753906
      },
      "rotation": {
        "w": 0.40209370851516724,
        "x": -0.16072143614292145,
        "y": -0.14733141660690308,
        "z": 0.8892596364021301
      },
      "entity_min": {
        "x": -297.2148132324219,
        "y": -8.416658401489258,
        "z": 62.43274688720703
      },
      "entity_max": {
        "x": -262.8970947265625,
        "y": -1.270190715789795,
        "z": 71.85674285888672
      },
      "entity_size": {
        "x": 1.0,
        "y": 1.0,
        "z": 1.0
      },
      "owner": "SDBP_Aich_AIBaby_Tiantian_90_C_2147457617",
      "grid_x": null,
      "grid_y": null,
      "grid_id": null,
      "chain_item_id": null
    },
    {
      "id": "BP_Toy_Pig_C_2147457722",
      "base_id": "BP_Toy_Pig",
      "my_type": "toy",
      "location": {
        "x": -216.45852661132812,
        "y": -16.212881088256836,
        "z": 54.012725830078125
      },
      "rotation": {
        "w": 0.002312478143721819,
        "x": -0.004046604502946138,
        "y": -0.0030889660120010376,
        "z": -0.9999843835830688
      },
      "entity_min": {
        "x": -226.08802795410156,
        "y": -23.388267517089844,
        "z": 53.324459075927734
      },
      "entity_max": {
        "x": -207.3693084716797,
        "y": -9.850976943969727,
        "z": 80.27470397949219
      },
      "entity_size": {
        "x": 1.0,
        "y": 1.0,
        "z": 1.0
      },
      "owner": "SDBP_Aich_AIBabyV7_Shoes_C_2147457714",
      "grid_x": null,
      "grid_y": null,
      "grid_id": null,
      "chain_item_id": null
    }
  ],
  "agents": [
    {
      "id": "SDBP_Aich_AIBabyV7_Shoes_C_2147457714",
      "base_id": "SDBP_Aich_AIBabyV7_Shoes",
      "type": "girl",
      "location": {
        "x": -189.99710083007812,
        "y": -40.198848724365234,
        "z": 58.9012565612793
      },
      "rotation": {
        "w": 0.45402252674102783,
        "x": -0.0,
        "y": 0.0,
        "z": -0.8909901976585388
      },
      "entity_size": {
        "x": 1.0,
        "y": 1.0,
        "z": 1.0
      },
      "direction": "right",
      "status": "standing",
      "skeleton": {
        "spine_03": {
          "x": -190.76378,
          "y": -41.203487,
          "z": 73.24594
        },
        "lowerarm_r": {
          "x": -177.38687,
          "y": -47.109764,
          "z": 69.52927
        },
        "pelvis": {
          "x": -189.69806,
          "y": -39.7365,
          "z": 54.33839
        },
        "clavicle_l": {
          "x": -193.03787,
          "y": -37.238182,
          "z": 87.93814
        },
        "ball_r": {
          "x": -188.26695,
          "y": -47.141754,
          "z": 4.8495903
        },
        "head": {
          "x": -189.6315,
          "y": -39.643658,
          "z": 96.76192
        },
        "pinky_01_r": {
          "x": -175.57281,
          "y": -49.200108,
          "z": 51.692295
        },
        "thumb_01_l": {
          "x": -203.17516,
          "y": -31.429983,
          "z": 57.08138
        },
        "foot_r": {
          "x": -182.78107,
          "y": -39.127815,
          "z": 7.2474155
        },
        "hand_l": {
          "x": -202.2472,
          "y": -29.624552,
          "z": 57.99213
        },
        "calf_l": {
          "x": -193.32863,
          "y": -34.247353,
          "z": 28.469215
        },
        "thigh_l": {
          "x": -196.66159,
          "y": -35.36365,
          "z": 51.840435
        },
        "calf_r": {
          "x": -184.646,
          "y": -42.914444,
          "z": 28.33295
        },
        "neck_01": {
          "x": -189.09683,
          "y": -38.90683,
          "z": 91.65502
        },
        "thumb_01_r": {
          "x": -178.07335,
          "y": -50.041702,
          "z": 56.680847
        },
        "pinky_01_l": {
          "x": -203.17883,
          "y": -28.489147,
          "z": 52.252605
        },
        "spine_02": {
          "x": -190.9975,
          "y": -41.52681,
          "z": 61.461132
        },
        "eye_jiont_r": {
          "x": -190.71527,
          "y": -45.87977,
          "z": 100.89514
        },
        "upperarm_r": {
          "x": -179.75864,
          "y": -45.960117,
          "z": 84.64498
        },
        "lowerarm_l": {
          "x": -199.79526,
          "y": -28.408192,
          "z": 69.79649
        },
        "ring_01_r": {
          "x": -176.39478,
          "y": -50.26456,
          "z": 52.012897
        },
        "cc_base_r_eye": {
          "x": -190.71527,
          "y": -45.87977,
          "z": 100.89514
        },
        "eye_jiont_l": {
          "x": -195.26564,
          "y": -42.633186,
          "z": 100.94038
        },
        "cc_base_l_eye": {
          "x": -195.26564,
          "y": -42.633186,
          "z": 100.94038
        },
        "clavicle_r": {
          "x": -186.29866,
          "y": -42.13392,
          "z": 87.928246
        },
        "foot_l": {
          "x": -190.57161,
          "y": -32.48873,
          "z": 7.2099786
        },
        "ring_01_l": {
          "x": -204.01982,
          "y": -29.5621,
          "z": 52.55154
        },
        "index_01_l": {
          "x": -205.18758,
          "y": -32.08321,
          "z": 53.21209
        },
        "upperarm_l": {
          "x": -198.56879,
          "y": -32.042896,
          "z": 84.692604
        },
        "ball_l": {
          "x": -197.20404,
          "y": -39.627457,
          "z": 4.774201
        },
        "thigh_r": {
          "x": -183.39066,
          "y": -45.012314,
          "z": 51.838978
        },
        "spine_01": {
          "x": -190.24104,
          "y": -40.48354,
          "z": 58.895836
        },
        "cc_base_pelvis": {
          "x": -189.69806,
          "y": -39.736504,
          "z": 54.338024
        },
        "index_01_r": {
          "x": -178.51878,
          "y": -51.993217,
          "z": 52.75733
        },
        "middle_01_r": {
          "x": -177.25198,
          "y": -51.331196,
          "z": 52.27509
        },
        "hand_r": {
          "x": -176.4922,
          "y": -48.738308,
          "z": 57.52248
        },
        "middle_01_l": {
          "x": -204.85475,
          "y": -30.664785,
          "z": 52.788708
        }
      },
      "skeleton_bone_count": 37,
      "action_status": {
        "full_body_type": "STANDING",
        "upper_body_type": "BODY_IDLE",
        "left_hand_state_type": "HAND_IDLE",
        "right_hand_state_type": "HAND_IDLE",
        "head_state_type": "HEAD_IDLE",
        "current_speed": 0.0
      }
    },
    {
      "id": "SDBP_Aich_AIBaby_Tiantian_90_C_2147457617",