{
  "scene_info": {
    "map_name": "SDBP_Map_073",
    "room_name": "diningRoom",
    "room_bound": {
      "x_min": -58.00600051879883,
      "y_min": 137.79200744628906,
      "z_min": 0.0,
      "x_max": 407.64898681640625,
      "y_max": 800.4660034179688,
      "z_max": 263.9549865722656
    },
    "table_id": "BP_DiningTable_23_C_0",
    "base_id": "BP_DiningTable_23",
    "position": {
      "x": 285.55023193359375,
      "y": 336.80999755859375,
      "z": -7.000000096013537e-06
    },
    "rotation": {
      "x": 0.0,
      "y": 0.0,
      "z": 0.0,
      "w": 1.0
    },
    "aabb_bounds": {
      "min": {
        "x": 175.09376525878906,
        "y": 284.8841247558594,
        "z": -7.000000096013537e-06
      },
      "max": {
        "x": 394.72137451171875,
        "y": 388.7358703613281,
        "z": 76.5702896118164
      }
    }
  },
  "objects": [
    {
      "id": "BP_Chair_0_C_2147321504",
      "base_id": "BP_Chair_0",
      "type": "chair",
      "location": {
        "x": 328.156,
        "y": 253.298,
        "z": 1.375
      },
      "rotation": {
        "x": 0.0,
        "y": 0.0,
        "z": 0.044,
        "w": 0.999
      },
      "entity_min": {
        "x": 296.2032165527344,
        "y": 208.51565551757812,
        "z": 0.5413637161254883
      },
      "entity_max": {
        "x": 361.0774230957031,
        "y": 286.6468811035156,
        "z": 111.67689514160156
      },
      "entity_size": {
        "x": 1.0,
        "y": 1.0,
        "z": 1.0
      },
      "direction": "back",
      "is_sittable": true,
      "movable": true,
      "matched": false,
      "owner": "room"
    },
    {
      "id": "BP_Chair_0_C_2147321500",
      "base_id": "BP_Chair_0",
      "type": "chair",
      "location": {
        "x": 231.89700317382812,
        "y": 250.57400512695312,
        "z": 1.375
      },
      "rotation": {
        "x": 0.0,
        "y": -0.0,
        "z": 0.04399862140417099,
        "w": 0.9990316033363342
      },
      "entity_min": {
        "x": 199.94422912597656,
        "y": 205.79165649414062,
        "z": 0.5413637161254883
      },
      "entity_max": {
        "x": 264.81842041015625,
        "y": 283.9228820800781,
        "z": 111.67689514160156
      },
      "entity_size": {
        "x": 1.0,
        "y": 1.0,
        "z": 1.0
      },
      "direction": "back",
      "is_sittable": true,
      "movable": true,
      "matched": "SDBP_Aich_AIBabyV7_Shoes_C_2147436887",
      "is_sit": true,
      "owner": "room"
    },
    {
      "id": "BP_Plate_02_TL_C_2147321298",
      "base_id": "BP_Plate_02_TL",
      "my_type": "plate",
      "location": {
        "x": 253.61041259765625,
        "y": 294.8092346191406,
        "z": 76.88387298583984
      },
      "rotation": {
        "w": 0.9080975651741028,
        "x": -0.0011292924173176289,
        "y": -2.7812289772555232e-05,
        "z": -0.4187571406364441
      },
      "entity_min": {
        "x": 242.5357208251953,
        "y": 293.9447021484375,
        "z": 76.56696319580078
      },
      "entity_max": {
        "x": 264.6726379394531,
        "y": 295.689453125,
        "z": 77.73686981201172
      },
      "entity_size": {
        "x": 0.6499999761581421,
        "y": 0.6499999761581421,
        "z": 0.6499999761581421
      },
      "owner": "SDBP_Aich_AIBabyV7_Shoes_C_2147436887",
      "grid_x": "-3",
      "grid_y": "-4",
      "grid_id": "87",
      "chain_item_id": "BP_Orange_01_C_2147436687"
    },
    {
      "id": "BP_Plate_01_C_2147321297",
      "base_id": "BP_Plate_01",
      "my_type": "plate",
      "location": {
        "x": 234.90765380859375,
        "y": 366.8099670410156,
        "z": 76.57032012939453
      },
      "rotation": {
        "w": 0.051262564957141876,
        "x": 6.608609510294627e-06,
        "y": -1.2573873391374946e-06,
        "z": 0.9986851811408997
      },
      "entity_min": {
        "x": 222.05587768554688,
        "y": 356.33984375,
        "z": 76.57018280029297
      },
      "entity_max": {
        "x": 247.72879028320312,
        "y": 377.2209167480469,
        "z": 78.76927947998047
      },
      "entity_size": {
        "x": 0.6499999761581421,
        "y": 0.6499999761581421,
        "z": 0.6499999761581421
      },
      "owner": "SDBP_Aich_Liqiuyue_C_2147436788",
      "grid_x": "-5,-4,-4,-5,-4,-6,-5,-6,-6",
      "grid_y": "3,2,3,2,4,2,4,3,4",
      "grid_id": "99,65,81,83,97,101,115,117,133",
      "chain_item_id": "BP_Fruit_Mango_02_C_2147436683"
    },
    {
      "id": "BP_Doll_ncteague_C_2147321296",
      "base_id": "BP_Doll_ncteague",
      "my_type": "doll",
      "location": {
        "x": 214.898681640625,
        "y": 306.802734375,
        "z": 76.58800506591797
      },
      "rotation": {
        "w": 0.9880408048629761,
        "x": -0.0034531443379819393,
        "y": -0.0016903437208384275,
        "z": -0.15414458513259888
      },
      "entity_min": {
        "x": 207.22744750976562,
        "y": 301.1697998046875,
        "z": 76.60565948486328
      },
      "entity_max": {
        "x": 222.9316864013672,
        "y": 312.61590576171875,
        "z": 98.9952392578125
      },
      "entity_size": {
        "x": 1.100000023841858,
        "y": 1.100000023841858,
        "z": 1.100000023841858
      },
      "owner": "SDBP_Aich_AIBabyV7_Shoes_C_2147436887",
      "grid_x": "-7",
      "grid_y": "-3",
      "grid_id": "143",
      "chain_item_id": null
    },
    {
      "id": "BP_Perfume_Box_C_2147321295",
      "base_id": "BP_Perfume_Box",
      "my_type": "perfume",
      "location": {
        "x": 294.9075622558594,
        "y": 356.80999755859375,
        "z": 76.5702896118164
      },
      "rotation": {
        "w": 0.5382239818572998,
        "x": 0.0,
        "y": -0.0,
        "z": 0.8428018689155579
      },
      "entity_min": {
        "x": 290.7136535644531,
        "y": 353.9576416015625,
        "z": 76.5702896118164
      },
      "entity_max": {
        "x": 299.1014709472656,
        "y": 359.662353515625,
        "z": 90.64149475097656
      },
      "entity_size": {
        "x": 1.0,
        "y": 1.0,
        "z": 1.0
      },
      "owner": "SDBP_Aich_Liqiuyue_C_2147436788",
      "grid_x": "1",
      "grid_y": "2",
      "grid_id": "15",
      "chain_item_id": null
    },
    {
      "id": "BP_Orange_01_C_2147321294",
      "base_id": "BP_Orange_01",
      "my_type": "platefood",
      "location": {
        "x": 254.28680419921875,
        "y": 295.70196533203125,
        "z": 77.46614837646484
      },
      "rotation": {
        "w": 0.5776960849761963,
        "x": -0.0011590247740969062,
        "y": -0.004951084032654762,
        "z": 0.816236138343811
      },
      "entity_min": {
        "x": 247.81875610351562,
        "y": 292.46710205078125,
        "z": 77.36157989501953
      },
      "entity_max": {
        "x": 260.7077331542969,
        "y": 298.89801025390625,
        "z": 89.28872680664062
      },
      "entity_size": {
        "x": 1.0,
        "y": 1.0,
        "z": 1.0
      },
      "owner": "SDBP_Aich_AIBabyV7_Shoes_C_2147436887",
      "grid_x": "-3",
      "grid_y": "-4",
      "grid_id": "87",
      "chain_item_id": "BP_Plate_02_TL_C_2147436688"
    },
    {
      "id": "BP_Fruit_Mango_02_C_2147321293",
      "base_id": "BP_Fruit_Mango_02",
      "my_type": "platefood",
      "location": {
        "x": 234.90863037109375,
        "y": 366.8096618652344,
        "z": 86.63712310791016
      },
      "rotation": {
        "w": 0.2152281552553177,
        "x": -5.9240806876914576e-05,
        "y": 3.433038727962412e-05,
        "z": -0.9765638113021851
      },
      "entity_min": {
        "x": 231.79660034179688,
        "y": 359.37103271484375,
        "z": 78.769287109375
      },
      "entity_max": {
        "x": 238.03944396972656,
        "y": 374.25396728515625,
        "z": 94.50495910644531
      },
      "entity_size": {
        "x": 1.0,
        "y": 1.0,
        "z": 1.0
      },