{
  "scene_info": {
    "map_name": "SDBP_Map_015",
    "room_name": "livingRoom",
    "room_bound": {
      "x_min": -624.0230102539062,
      "y_min": -547.2520141601562,
      "z_min": 3.750999927520752,
      "x_max": 9.204999923706055,
      "y_max": -105.2030029296875,
      "z_max": 286.40301513671875
    },
    "table_id": "BP_CoffeeTable_Table_Coffee_C_0",
    "base_id": "BP_CoffeeTable_Table_Coffee",
    "position": {
      "x": -223.8824462890625,
      "y": -384.6573181152344,
      "z": 5.351233005523682
    },
    "rotation": {
      "x": 0.0,
      "y": -0.0,
      "z": 0.7071067690849304,
      "w": 0.7071067690849304
    },
    "aabb_bounds": {
      "min": {
        "x": -254.11297607421875,
        "y": -434.07672119140625,
        "z": 5.351233005523682
      },
      "max": {
        "x": -193.65191650390625,
        "y": -335.2379150390625,
        "z": 37.1101188659668
      }
    }
  },
  "objects": [
    {
      "id": "BP_Toy_KW_C_2147327330",
      "base_id": "BP_Toy_KW",
      "my_type": "toy",
      "location": {
        "x": -224.41839599609375,
        "y": -355.87677001953125,
        "z": 37.67839050292969
      },
      "rotation": {
        "w": 0.4073655903339386,
        "x": 0.455486536026001,
        "y": -0.2418615221977234,
        "z": 0.7537162899971008
      },
      "entity_min": {
        "x": -225.0078582763672,
        "y": -365.81982421875,
        "z": 31.507410049438477
      },
      "entity_max": {
        "x": -217.62013244628906,
        "y": -355.9776611328125,
        "z": 50.169822692871094
      },
      "entity_size": {
        "x": 0.6000000238418579,
        "y": 0.6000000238418579,
        "z": 0.6000000238418579
      },
      "owner": "SDBP_Aich_AIBabyV7_Shoes_C_2147460673",
      "grid_x": "0,0",
      "grid_y": "3,2",
      "grid_id": "14,6",
      "chain_item_id": null
    },
    {
      "id": "BP_Phone_02_C_2147327329",
      "base_id": "BP_Phone_02",
      "my_type": "phone",
      "location": {
        "x": -233.8824462890625,
        "y": -414.6573181152344,
        "z": 37.1101188659668
      },
      "rotation": {
        "w": 0.6251762509346008,
        "x": -0.0,
        "y": 0.0,
        "z": -0.780483603477478
      },
      "entity_min": {
        "x": -235.42538452148438,
        "y": -421.3706359863281,
        "z": 37.1101188659668
      },
      "entity_max": {
        "x": -232.34149169921875,
        "y": -407.952880859375,
        "z": 37.97789001464844
      },
      "entity_size": {
        "x": 1.0,
        "y": 1.0,
        "z": 1.0
      },
      "owner": "SDBP_Aich_Zhanghaoran_C_2147460572",
      "grid_x": "-1",
      "grid_y": "-3",
      "grid_id": "31",
      "chain_item_id": null
    },
    {
      "id": "BP_Book_47_C_2147327328",
      "base_id": "BP_Book_47",
      "my_type": "book",
      "location": {
        "x": -243.88238525390625,
        "y": -374.6572570800781,
        "z": 37.19216537475586
      },
      "rotation": {
        "w": 0.6805593967437744,
        "x": 0.6798702478408813,
        "y": -0.1930769681930542,
        "z": -0.19322699308395386
      },
      "entity_min": {
        "x": -243.9064483642578,
        "y": -395.1217346191406,
        "z": 37.09206008911133
      },
      "entity_max": {
        "x": -243.76675415039062,
        "y": -374.52496337890625,
        "z": 39.31011199951172
      },
      "entity_size": {
        "x": 0.800000011920929,
        "y": 0.800000011920929,
        "z": 0.800000011920929
      },
      "owner": "SDBP_Aich_AIBabyV7_Shoes_C_2147460673",
      "grid_x": "-2,-2,-2",
      "grid_y": "1,0,-1",
      "grid_id": "18,13,23",
      "chain_item_id": null
    },
    {
      "id": "BP_Cola_02_C_2147327327",
      "base_id": "BP_Cola_02",
      "my_type": "drink",
      "location": {
        "x": -233.8824462890625,
        "y": -344.6573181152344,
        "z": 37.1101188659668
      },
      "rotation": {
        "w": 0.36171984672546387,
        "x": 0.0,
        "y": -0.0,
        "z": 0.9322868585586548
      },
      "entity_min": {
        "x": -239.29859924316406,
        "y": -344.8725891113281,
        "z": 37.1101188659668
      },
      "entity_max": {
        "x": -228.46629333496094,
        "y": -344.4420471191406,
        "z": 51.72113037109375
      },
      "entity_size": {
        "x": 0.20000000298023224,
        "y": 0.20000000298023224,
        "z": 0.20000000298023224
      },
      "owner": "SDBP_Aich_Zhanghaoran_C_2147460572",
      "grid_x": "-1",
      "grid_y": "4",
      "grid_id": "35",
      "chain_item_id": null
    },
    {
      "id": "BP_Toy_Pig_C_2147327326",
      "base_id": "BP_Toy_Pig",
      "my_type": "doll",
      "location": {
        "x": -243.88262939453125,
        "y": -364.65679931640625,
        "z": 37.4554328918457
      },
      "rotation": {
        "w": 0.8536285161972046,
        "x": -3.119311077171005e-05,
        "y": 2.70890595857054e-05,
        "z": -0.5208823084831238
      },
      "entity_min": {
        "x": -249.76048278808594,
        "y": -367.9242858886719,
        "z": 37.110591888427734
      },
      "entity_max": {
        "x": -237.28065490722656,
        "y": -361.5240173339844,
        "z": 53.13801193237305
      },
      "entity_size": {
        "x": 0.6000000238418579,
        "y": 0.6000000238418579,
        "z": 0.6000000238418579
      },
      "owner": "SDBP_Aich_AIBabyV7_Shoes_C_2147460673",
      "grid_x": "-2",
      "grid_y": "2",
      "grid_id": "28",
      "chain_item_id": null
    }
  ],
  "agents": [
    {
      "id": "SDBP_Aich_Zhanghaoran_C_2147327522",
      "base_id": "SDBP_Aich_Zhanghaoran",
      "type": "man",
      "location": {
        "x": -253.37100219726562,
        "y": -301.2359924316406,
        "z": 91.90126037597656
      },
      "rotation": {
        "x": -0.0,
        "y": 0.0,
        "z": -0.6883590817451477,
        "w": 0.7253701090812683
      },
      "entity_size": {
        "x": 1.0,
        "y": 1.0,
        "z": 1.0
      },
      "direction": "front",
      "status": "standing",
      "skeleton": {
        "spine_03": {
          "x": -252.05905,
          "y": -302.91696,
          "z": 118.136375
        },
        "lowerarm_r": {
          "x": -229.41943,
          "y": -293.98065,
          "z": 110.858116
        },
        "pelvis": {
          "x": -252.392,
          "y": -302.22632,
          "z": 94.21457
        },
        "clavicle_l": {
          "x": -256.86264,
          "y": -304.8027,
          "z": 138.64307
        },
        "ball_r": {
          "x": -234.67886,
          "y": -307.81055,
          "z": 5.3762283
        },
        "head": {
          "x": -250.9663,
          "y": -308.7186,
          "z": 153.12755
        },
        "pinky_01_r": {
          "x": -225.10365,
          "y": -294.0594,
          "z": 81.74579
        },
        "foot_r": {
          "x": -240.37747,
          "y": -295.96973,
          "z": 9.079799
        },
        "thumb_01_l": {
          "x": -276.1551,
          "y": -299.20883,
          "z": 89.282394
        },
        "hand_l": {
          "x": -278.0493,
          "y": -297.99387,
          "z": 90.49332
        },
        "calf_l": {
          "x": -264.30032,
          "y": -304.65054,
          "z": 51.257893
        },
        "thigh_l": {
          "x": -261.4674,
          "y": -302.44757,
          "z": 92.30239
        },
        "calf_r": {
          "x": -240.53235,
          "y": -303.59756,
          "z": 51.0084
        },
        "neck_01": {
          "x": -251.32129,
          "y": -304.8298,
          "z": 146.06802
        },
        "thumb_01_r": {
          "x": -228.18394,
          "y": -296.61533,
          "z": 88.60952
        },
        "pinky_01_l": {
          "x": -279.8152,
          "y": -297.702,
          "z": 82.39291
        },
        "spine_02": {
          "x": -252.27524,
          "y": -303.19894,
          "z": 105.22366
        },