{
  "scene_info": {
    "map_name": "SDBP_Map_006",
    "room_name": "kitchen",
    "room_bound": {
      "x_min": -295.43499755859375,
      "y_min": -219.1230010986328,
      "z_min": 10.253000259399414,
      "x_max": 180.5,
      "y_max": 164.41299438476562,
      "z_max": 331.8479919433594
    },
    "table_id": "BP_DiningTable_0_C_0",
    "base_id": "BP_DiningTable_0",
    "position": {
      "x": 32.17375946044922,
      "y": 9.474374771118164,
      "z": 7.572394371032715
    },
    "rotation": {
      "x": 0.0,
      "y": -0.0,
      "z": 0.7071067690849304,
      "w": 0.7071067690849304
    },
    "aabb_bounds": {
      "min": {
        "x": -5.2711029052734375,
        "y": -79.1242904663086,
        "z": 6.632086753845215
      },
      "max": {
        "x": 69.62435913085938,
        "y": 98.07304382324219,
        "z": 83.90290069580078
      }
    }
  },
  "objects": [
    {
      "id": "BP_Clock_Alarm_C_1",
      "base_id": "BP_Clock_Alarm",
      "type": "clock",
      "location": {
        "x": 177.011,
        "y": -26.496,
        "z": 159.734
      },
      "rotation": {
        "x": 0.0,
        "y": 0.0,
        "z": 0.707,
        "w": 0.707
      },
      "entity_min": {
        "x": 175.01063537597656,
        "y": -51.49614715576172,
        "z": 159.73426818847656
      },
      "entity_max": {
        "x": 179.01063537597656,
        "y": -1.4961490631103516,
        "z": 209.73426818847656
      },
      "entity_size": {
        "x": 2.0,
        "y": 1.0,
        "z": 2.0
      },
      "direction": "left",
      "owner": "room"
    },
    {
      "id": "BP_Plant_009_C_1",
      "base_id": "BP_Plant_009",
      "type": "plant",
      "location": {
        "x": 113.207,
        "y": -173.45,
        "z": 10.205
      },
      "rotation": {
        "x": 0.0,
        "y": 0.0,
        "z": 0.0,
        "w": 1.0
      },
      "entity_min": {
        "x": 97.607421875,
        "y": -191.5477752685547,
        "z": 10.252259254455566
      },
      "entity_max": {
        "x": 124.942626953125,
        "y": -164.24513244628906,
        "z": 61.32758712768555
      },
      "entity_size": {
        "x": 1.399999976158142,
        "y": 1.399999976158142,
        "z": 1.399999976158142
      },
      "direction": "back",
      "owner": "room"
    },
    {
      "id": "BP_Switch_01_C_2",
      "base_id": "BP_Switch_01",
      "type": "onOff",
      "location": {
        "x": 177.373,
        "y": 128.228,
        "z": 74.996
      },
      "rotation": {
        "x": 0.0,
        "y": 0.0,
        "z": 0.707,
        "w": 0.707
      },
      "entity_min": {
        "x": 175.79562377929688,
        "y": 121.19667053222656,
        "z": 74.86994171142578
      },
      "entity_max": {
        "x": 178.5100860595703,
        "y": 135.21435546875,
        "z": 88.86881256103516
      },
      "entity_size": {
        "x": 1.0,
        "y": 1.0,
        "z": 1.0
      },
      "direction": "left",
      "owner": "room"
    },
    {
      "id": "BP_Wall_06_07_C_1",
      "base_id": "BP_Wall_06_07",
      "type": "wall",
      "location": {
        "x": 184.276,
        "y": -34.7,
        "z": 147.548
      },
      "rotation": {
        "x": 0.0,
        "y": 0.0,
        "z": 0.0,
        "w": 1.0
      },
      "entity_min": {
        "x": 178.77569580078125,
        "y": -236.19989013671875,
        "z": 7.6374359130859375
      },
      "entity_max": {
        "x": 189.77578735351562,
        "y": 166.79989624023438,
        "z": 287.4581298828125
      },
      "entity_size": {
        "x": 1.0,
        "y": 1.0,
        "z": 1.0
      },
      "direction": "left",
      "owner": "room"
    },
    {
      "id": "BP_Toy_Dog_C_2147461057",
      "base_id": "BP_Toy_Dog",
      "my_type": "toy",
      "location": {
        "x": 32.02958679199219,
        "y": 79.47628784179688,
        "z": 83.63286590576172
      },
      "rotation": {
        "w": 0.26784101128578186,
        "x": -0.013510219752788544,
        "y": -0.0037563254591077566,
        "z": 0.9633610844612122
      },
      "entity_min": {
        "x": 19.571977615356445,
        "y": 76.61460876464844,
        "z": 83.9063949584961
      },
      "entity_max": {
        "x": 43.88653564453125,
        "y": 82.32240295410156,
        "z": 104.86715698242188
      },
      "entity_size": {
        "x": 0.6000000238418579,
        "y": 0.6000000238418579,
        "z": 0.6000000238418579
      },
      "owner": "SDBP_Aich_AIBabyV7_Shoes_C_2147461252",
      "grid_x": "0,1,-1",
      "grid_y": "7,7,7",
      "grid_id": "68,83,84",
      "chain_item_id": null
    },
    {
      "id": "BP_Radio_Dock_C_2147461033",
      "base_id": "BP_Radio_Dock",
      "my_type": "radio",
      "location": {
        "x": 12.121001243591309,
        "y": 59.47432327270508,
        "z": 82.94430541992188
      },
      "rotation": {
        "w": 0.8220142126083374,
        "x": -0.00801756139844656,
        "y": -0.011552255600690842,
        "z": 0.5692933797836304
      },
      "entity_min": {
        "x": 10.318522453308105,
        "y": 50.090675354003906,
        "z": 83.05799102783203
      },
      "entity_max": {
        "x": 13.576725006103516,
        "y": 68.86570739746094,
        "z": 94.45527648925781
      },
      "entity_size": {
        "x": 0.6000000238418579,
        "y": 0.6000000238418579,
        "z": 0.6000000238418579
      },
      "owner": "SDBP_Aich_Nainai_C_2147461152",
      "grid_x": "-2,-2,-2",
      "grid_y": "5,4,6",
      "grid_id": "72,58,86",
      "chain_item_id": null
    },
    {
      "id": "BP_Flex_Cup_Kitchen_C_2147461022",
      "base_id": "BP_Flex_Cup_Kitchen",
      "my_type": "pinkcup",
      "location": {
        "x": 52.22897720336914,
        "y": 79.42974853515625,
        "z": 83.64910888671875
      },
      "rotation": {
        "w": 0.9525186419487,
        "x": 0.004757963586598635,
        "y": 0.0148617560043931,
        "z": 0.3040800988674164
      },
      "entity_min": {
        "x": 52.242225646972656,
        "y": 70.31742858886719,
        "z": 83.63472747802734
      },
      "entity_max": {
        "x": 52.38978576660156,
        "y": 88.75811004638672,
        "z": 92.36590576171875
      },
      "entity_size": {
        "x": 1.2000000476837158,
        "y": 1.2000000476837158,
        "z": 1.2000000476837158
      },
      "owner": "SDBP_Aich_AIBabyV7_Shoes_C_2147461252",
      "grid_x": "2,2,2",
      "grid_y": "7,6,8",
      "grid_id": "98,85,108",
      "chain_item_id": null
    },
    {
      "id": "BP_Book_42_C_2147461010",
      "base_id": "BP_Book_42",
      "my_type": "book",
      "location": {
        "x": 2.1689162254333496,
        "y": 39.4779052734375,
        "z": 82.820556640625
      },
      "rotation": {
        "w": 0.70528244972229,
        "x": 0.7058570384979248,
        "y": -0.05541194975376129,
        "z": -0.035665400326251984
      },
      "entity_min": {
        "x": 2.0953402519226074,
        "y": 20.87700843811035,
        "z": 82.71835327148438
      },
      "entity_max": {
        "x": 10.639520645141602,
        "y": 39.58854675292969,
        "z": 85.17633056640625
      },
      "entity_size": {
        "x": 0.800000011920929,
        "y": 0.800000011920929,
        "z": 0.800000011920929
      },
      "owner": "SDBP_Aich_Nainai_C_2147461152",
      "grid_x": "-3,-3",
      "grid_y": "3,2",
      "grid_id": "60,46",
      "chain_item_id": null
    },
    {
      "id": "BP_Toy_Pig_C_2147460983",
      "base_id": "BP_Toy_Pig",
      "my_type": "doll",
      "location": {
        "x": 32.220794677734375,
        "y": 59.45524215698242,
        "z": 83.92508697509766
      },
      "rotation": {
        "w": 0.1556997299194336,
        "x": 0.013956365175545216,
        "y": -0.002195908920839429,
        "z": -0.9877033829689026
      },
      "entity_min": {
        "x": 27.487720489501953,
        "y": 53.46928405761719,
        "z": 83.69422912597656
      },