{
  "scene_info": {
    "map_name": "SDBP_Map_202",
    "room_name": "livingRoom",
    "room_bound": {
      "x_min": -602.47900390625,
      "y_min": -320.8819885253906,
      "z_min": 2.5,
      "x_max": -12.029999732971191,
      "y_max": 199.8979949951172,
      "z_max": 287.93701171875
    },
    "table_id": "BP_CoffeeTable_60_C_0",
    "base_id": "BP_CoffeeTable_60",
    "position": {
      "x": -420.2317199707031,
      "y": -46.41741943359375,
      "z": 3.2843220233917236
    },
    "rotation": {
      "x": 0.0,
      "y": 0.0,
      "z": 0.0,
      "w": 1.0
    },
    "aabb_bounds": {
      "min": {
        "x": -460.8482971191406,
        "y": -87.03751373291016,
        "z": 3.1843249797821045
      },
      "max": {
        "x": -379.6067199707031,
        "y": -5.79241943359375,
        "z": 43.69013595581055
      }
    }
  },
  "objects": [
    {
      "id": "BP_Plate_C_2147350571",
      "base_id": "BP_Plate",
      "my_type": "plate",
      "location": {
        "x": -440.2232971191406,
        "y": -26.41687774658203,
        "z": 43.690155029296875
      },
      "rotation": {
        "w": 0.5169448256492615,
        "x": 5.121941285324283e-06,
        "y": -5.782156677014427e-06,
        "z": 0.8560187220573425
      },
      "entity_min": {
        "x": -456.05804443359375,
        "y": -31.32855796813965,
        "z": 43.69003677368164
      },
      "entity_max": {
        "x": -424.454833984375,
        "y": -21.512462615966797,
        "z": 45.88909149169922
      },
      "entity_size": {
        "x": 0.6499999761581421,
        "y": 0.6499999761581421,
        "z": 0.6499999761581421
      },
      "owner": "SDBP_Aich_Yeye_C_2147422431",
      "grid_x": "-2,-1,-3",
      "grid_y": "2,2,2",
      "grid_id": "29,16,41",
      "chain_item_id": "BP_Fruit_Food_Pears_01_C_2147422306"
    },
    {
      "id": "BP_Cap_01_C_2147350570",
      "base_id": "BP_Cap_01",
      "my_type": "cap",
      "location": {
        "x": -440.29010009765625,
        "y": -56.34197998046875,
        "z": 43.88034439086914
      },
      "rotation": {
        "w": 0.864534318447113,
        "x": -0.0001795971329556778,
        "y": 0.00015983040793798864,
        "z": -0.5025737285614014
      },
      "entity_min": {
        "x": -454.6512756347656,
        "y": -57.637760162353516,
        "z": 43.692771911621094
      },
      "entity_max": {
        "x": -425.6086120605469,
        "y": -55.402591705322266,
        "z": 52.81512451171875
      },
      "entity_size": {
        "x": 1.0,
        "y": 1.0,
        "z": 1.0
      },
      "owner": "SDBP_Aich_AIBaby_Tiantian_90_C_2147422534",
      "grid_x": "-2,-1,-3",
      "grid_y": "-1,-1,-1",
      "grid_id": "23,11,37",
      "chain_item_id": null
    },
    {
      "id": "BP_Radio_01_TL_C_2147350569",
      "base_id": "BP_Radio_01_TL",
      "my_type": "radio",
      "location": {
        "x": -420.2275085449219,
        "y": -46.41496658325195,
        "z": 43.69013595581055
      },
      "rotation": {
        "w": 0.9933907389640808,
        "x": -0.0,
        "y": 0.0,
        "z": -0.1147819459438324
      },
      "entity_min": {
        "x": -429.2424011230469,
        "y": -48.277015686035156,
        "z": 43.69013595581055
      },
      "entity_max": {
        "x": -411.2126159667969,
        "y": -44.55291748046875,
        "z": 58.661563873291016
      },
      "entity_size": {
        "x": 0.6000000238418579,
        "y": 0.6000000238418579,
        "z": 0.6000000238418579
      },
      "owner": "SDBP_Aich_Yeye_C_2147422431",
      "grid_x": "0,1,-1",
      "grid_y": "0,0,0",
      "grid_id": "1,4,5",
      "chain_item_id": null
    },
    {
      "id": "BP_Book_01_C_2147350561",
      "base_id": "BP_Book_01",
      "my_type": "book",
      "location": {
        "x": -439.04913330078125,
        "y": -67.58859252929688,
        "z": 43.75824737548828
      },
      "rotation": {
        "w": 0.6540217399597168,
        "x": 0.653123676776886,
        "y": 0.2700759768486023,
        "z": 0.2697109580039978
      },
      "entity_min": {
        "x": -439.2175598144531,
        "y": -71.64130401611328,
        "z": 43.678279876708984
      },
      "entity_max": {
        "x": -420.0154113769531,
        "y": -67.61528015136719,
        "z": 45.28047561645508
      },
      "entity_size": {
        "x": 0.800000011920929,
        "y": 0.800000011920929,
        "z": 0.800000011920929
      },
      "owner": "SDBP_Aich_AIBaby_Tiantian_90_C_2147422534",
      "grid_x": "-2",
      "grid_y": "-2",
      "grid_id": "35",
      "chain_item_id": null
    },
    {
      "id": "BP_Fruit_Food_Pears_01_C_2147350560",
      "base_id": "BP_Fruit_Food_Pears_01",
      "my_type": "platefood",
      "location": {
        "x": -440.0418701171875,
        "y": -26.087261199951172,
        "z": 46.09809875488281
      },
      "rotation": {
        "w": 0.928381621837616,
        "x": 0.3026561737060547,
        "y": 0.13443076610565186,
        "z": -0.16862744092941284
      },
      "entity_min": {
        "x": -444.57769775390625,
        "y": -29.846363067626953,
        "z": 45.35971450805664
      },
      "entity_max": {
        "x": -434.1207580566406,
        "y": -28.194942474365234,
        "z": 54.60552978515625
      },
      "entity_size": {
        "x": 1.0,
        "y": 1.0,
        "z": 1.0
      },
      "owner": "SDBP_Aich_Yeye_C_2147422431",
      "grid_x": "-2,-1,-3",
      "grid_y": "2,2,2",
      "grid_id": "29,16,41",
      "chain_item_id": "BP_Plate_C_2147422307"
    },
    {
      "id": "BP_Decor_Eyeglasses01Frame01_C_2147350559",
      "base_id": "BP_Decor_Eyeglasses01Frame01",
      "my_type": "glasses",
      "location": {
        "x": -400.2308654785156,
        "y": -26.398399353027344,
        "z": 43.757286071777344
      },
      "rotation": {
        "w": 0.02714221365749836,
        "x": 0.0007143886759877205,
        "y": -0.026716383174061775,
        "z": -0.9992742538452148
      },
      "entity_min": {
        "x": -405.3103942871094,
        "y": -26.95874786376953,
        "z": 43.18388748168945
      },
      "entity_max": {
        "x": -395.80450439453125,
        "y": -16.919414520263672,
        "z": 46.45740509033203
      },
      "entity_size": {
        "x": 0.6499999761581421,
        "y": 0.6499999761581421,
        "z": 0.6499999761581421
      },
      "owner": "SDBP_Aich_Yeye_C_2147422431",
      "grid_x": "2,2",
      "grid_y": "2,3",
      "grid_id": "28,38",
      "chain_item_id": null
    }
  ],
  "agents": [
    {
      "id": "SDBP_Aich_Yeye_C_2147350762",
      "base_id": "SDBP_Aich_Yeye",
      "type": "grandpa",
      "location": {
        "x": -502.510009765625,
        "y": -76.87799835205078,
        "z": 90.65000915527344
      },
      "rotation": {
        "x": 0.0,
        "y": -0.0,
        "z": 0.05233621224761009,
        "w": 0.9986295104026794
      },
      "entity_size": {
        "x": 1.0,
        "y": 1.0,
        "z": 1.0
      },
      "direction": "right",
      "status": "standing",
      "skeleton": {
        "spine_03": {
          "x": -500.42603,
          "y": -77.25973,
          "z": 122.213585
        },
        "lowerarm_r": {
          "x": -509.96008,
          "y": -54.103542,
          "z": 115.8928
        },
        "pelvis": {
          "x": -501.62433,
          "y": -77.59044,
          "z": 96.54685
        },
        "clavicle_l": {
          "x": -501.53177,
          "y": -83.22793,
          "z": 143.54149
        },
        "ball_r": {
          "x": -496.07803,
          "y": -57.82341,
          "z": 4.757303
        },
        "head": {
          "x": -500.50394,
          "y": -77.68168,
          "z": 157.14323
        },
        "pinky_01_r": {
          "x": -505.54282,
          "y": -47.781136,
          "z": 86.0072
        },
        "foot_r": {
          "x": -508.42188,
          "y": -64.58763,
          "z": 8.0979595
        },