{
  "scene_info": {
    "map_name": "SDBP_Map_097",
    "room_name": "livingRoom",
    "room_bound": {
      "x_min": 64.81600189208984,
      "y_min": -705.3319702148438,
      "z_min": 0.0,
      "x_max": 575.0989990234375,
      "y_max": -195.36099243164062,
      "z_max": 294.9549865722656
    },
    "table_id": "BP_CoffeeTable_Emotion_002_C_1",
    "base_id": "BP_CoffeeTable_Emotion_002",
    "position": {
      "x": 310.81201171875,
      "y": -428.0719299316406,
      "z": 1.5948238372802734
    },
    "rotation": {
      "x": 0.0,
      "y": 0.0,
      "z": 0.0,
      "w": 1.0
    },
    "aabb_bounds": {
      "min": {
        "x": 247.53561401367188,
        "y": -491.0718994140625,
        "z": 1.6175488233566284
      },
      "max": {
        "x": 374.0768737792969,
        "y": -365.0718994140625,
        "z": 41.70225524902344
      }
    }
  },
  "objects": [
    {
      "id": "BP_Sofa_011_C_2147330309",
      "base_id": "BP_Sofa_011",
      "type": "longBackrestSofa",
      "location": {
        "x": 430.119140625,
        "y": -251.8976593017578,
        "z": -2.5916450023651123
      },
      "rotation": {
        "x": 0.0,
        "y": -0.0,
        "z": 0.7071067690849304,
        "w": 0.7071067690849304
      },
      "entity_min": {
        "x": 345.4207458496094,
        "y": -296.72021484375,
        "z": -2.5916450023651123
      },
      "entity_max": {
        "x": 514.4307861328125,
        "y": -198.14251708984375,
        "z": 78.3956298828125
      },
      "entity_size": {
        "x": -1.0,
        "y": 1.0,
        "z": 1.0
      },
      "direction": "front",
      "is_sittable": true,
      "movable": false,
      "matched": false,
      "owner": "room"
    },
    {
      "id": "BP_Sofa_008_C_2147330308",
      "base_id": "BP_Sofa_008",
      "type": "longBackrestSofa",
      "location": {
        "x": 478.307,
        "y": -426.614,
        "z": -1.692
      },
      "rotation": {
        "x": 0.0,
        "y": 0.0,
        "z": 0.707,
        "w": 0.707
      },
      "entity_min": {
        "x": 434.2700500488281,
        "y": -553.666259765625,
        "z": 3.418142795562744
      },
      "entity_max": {
        "x": 524.9279174804688,
        "y": -298.6275939941406,
        "z": 90.433837890625
      },
      "entity_size": {
        "x": -1.0,
        "y": 1.0,
        "z": 1.0
      },
      "direction": "left",
      "is_sittable": true,
      "movable": false,
      "matched": false,
      "owner": "room"
    },
    {
      "id": "BP_SofaStool_01_C_2147330307",
      "base_id": "BP_SofaStool_01",
      "type": "sofastool",
      "location": {
        "x": 194.76678466796875,
        "y": -374.90838623046875,
        "z": 0.0
      },
      "rotation": {
        "x": 0.0033741474617272615,
        "y": -0.005257170647382736,
        "z": -0.8415595293045044,
        "w": 0.540128231048584
      },
      "entity_min": {
        "x": 171.6637420654297,
        "y": -417.899658203125,
        "z": -0.458105206489563
      },
      "entity_max": {
        "x": 202.83201599121094,
        "y": -324.9836120605469,
        "z": 110.62583923339844
      },
      "entity_size": {
        "x": 1.0,
        "y": 1.0,
        "z": 1.0
      },
      "direction": "right",
      "is_sittable": true,
      "movable": true,
      "matched": "SDBP_Aich_AIBaby_Tiantian_90_C_2147320894",
      "is_sit": true,
      "owner": "room"
    },
    {
      "id": "BP_Toy_Truck_C_2147330104",
      "base_id": "BP_Toy_Truck",
      "my_type": "boytoy",
      "location": {
        "x": 280.8062438964844,
        "y": -388.0718994140625,
        "z": 41.70225143432617
      },
      "rotation": {
        "w": 0.21653017401695251,
        "x": -0.0,
        "y": 0.0,
        "z": -0.9762759208679199
      },
      "entity_min": {
        "x": 280.2391357421875,
        "y": -407.2900390625,
        "z": 41.70225143432617
      },
      "entity_max": {
        "x": 283.08990478515625,
        "y": -372.5331115722656,
        "z": 59.77433776855469
      },
      "entity_size": {
        "x": 0.75,
        "y": 0.75,
        "z": 0.75
      },
      "owner": "SDBP_Aich_AIBaby_Tiantian_90_C_2147320894",
      "grid_x": "-3,-3,-3,-3",
      "grid_y": "4,2,3,5",
      "grid_id": "85,48,67,99",
      "chain_item_id": null
    },
    {
      "id": "BP_Laptop_01_C_2147330103",
      "base_id": "BP_Laptop_01",
      "my_type": "computer",
      "location": {
        "x": 340.8076171875,
        "y": -388.059326171875,
        "z": 41.94216537475586
      },
      "rotation": {
        "w": 0.9958848357200623,
        "x": 0.0002908302703872323,
        "y": -0.0005236716824583709,
        "z": -0.09062552452087402
      },
      "entity_min": {
        "x": 326.8362731933594,
        "y": -399.4523010253906,
        "z": 41.676204681396484
      },
      "entity_max": {
        "x": 353.7408142089844,
        "y": -382.32672119140625,
        "z": 58.083866119384766
      },
      "entity_size": {
        "x": 0.699999988079071,
        "y": 0.699999988079071,
        "z": 0.699999988079071
      },
      "owner": "SDBP_Aich_Shenxin_C_2147320794",
      "grid_x": "3,2,2,3,4,4",
      "grid_y": "4,3,4,3,3,4",
      "grid_id": "84,45,64,66,86,100",
      "chain_item_id": null
    },
    {
      "id": "BP_Cup_Kitchen_003_C_2147330102",
      "base_id": "BP_Cup_Kitchen_003",
      "my_type": "bigcup",
      "location": {
        "x": 260.8062438964844,
        "y": -388.0718994140625,
        "z": 41.71138000488281
      },
      "rotation": {
        "w": 0.682126522064209,
        "x": 0.0,
        "y": -0.0,
        "z": 0.7312341928482056
      },
      "entity_min": {
        "x": 252.71144104003906,
        "y": -392.6860656738281,
        "z": 41.70225524902344
      },
      "entity_max": {
        "x": 268.6656188964844,
        "y": -383.42822265625,
        "z": 50.424102783203125
      },
      "entity_size": {
        "x": 1.2000000476837158,
        "y": 1.2000000476837158,
        "z": 1.2000000476837158
      },
      "owner": "SDBP_Aich_AIBaby_Tiantian_90_C_2147320894",
      "grid_x": "-5",
      "grid_y": "4",
      "grid_id": "113",
      "chain_item_id": null
    },
    {
      "id": "BP_Food_186_C_2147330097",
      "base_id": "BP_Food_186",
      "my_type": "snack",
      "location": {
        "x": 311.1964416503906,
        "y": -388.9307861328125,
        "z": 44.86328887939453
      },
      "rotation": {
        "w": 0.38331174850463867,
        "x": 0.5941987037658691,
        "y": -0.38331174850463867,
        "z": 0.5941987037658691
      },
      "entity_min": {
        "x": 311.9126281738281,
        "y": -403.8113098144531,
        "z": 41.702232360839844
      },
      "entity_max": {
        "x": 316.1913757324219,
        "y": -386.6703796386719,
        "z": 48.02434539794922
      },
      "entity_size": {
        "x": 0.6000000238418579,
        "y": 0.6000000238418579,
        "z": 0.6000000238418579
      },
      "owner": "SDBP_Aich_Shenxin_C_2147320794",
      "grid_x": "0",
      "grid_y": "4",
      "grid_id": "26",
      "chain_item_id": null
    },
    {
      "id": "BP_Book_21_C_2147330096",
      "base_id": "BP_Book_21",
      "my_type": "book",
      "location": {
        "x": 340.80615234375,
        "y": -408.0719299316406,
        "z": 41.77061462402344
      },
      "rotation": {
        "w": 0.6224930882453918,
        "x": 0.6224502921104431,
        "y": 0.33490946888923645,
        "z": 0.33599650859832764
      },
      "entity_min": {
        "x": 340.6787414550781,
        "y": -408.9512023925781,
        "z": 41.6904296875
      },
      "entity_max": {
        "x": 358.1964416503906,
        "y": -408.0837097167969,
        "z": 43.8940544128418
      },
      "entity_size": {
        "x": 0.800000011920929,
        "y": 0.800000011920929,
        "z": 0.800000011920929
      },
      "owner": "SDBP_Aich_Shenxin_C_2147320794",
      "grid_x": "3,4",
      "grid_y": "2,2",