{
  "scene_info": {
    "map_name": "SDBP_Map_092",
    "room_name": "livingRoom",
    "room_bound": {
      "x_min": -537.1389770507812,
      "y_min": -475.6860046386719,
      "z_min": 7.5,
      "x_max": -7.98799991607666,
      "y_max": 468.12298583984375,
      "z_max": 285.85699462890625
    },
    "table_id": "BP_DiningTable_20_C_1",
    "base_id": "BP_DiningTable_20",
    "position": {
      "x": -310.0,
      "y": 378.0,
      "z": 7.0
    },
    "rotation": {
      "x": 0.0,
      "y": -0.0,
      "z": 0.7071067690849304,
      "w": 0.7071067690849304
    },
    "aabb_bounds": {
      "min": {
        "x": -350.0,
        "y": 298.0,
        "z": 7.0
      },
      "max": {
        "x": -270.0,
        "y": 458.0,
        "z": 82.75724029541016
      }
    }
  },
  "objects": [
    {
      "id": "BP_Chair_0_C_2147361962",
      "base_id": "BP_Chair_0",
      "type": "chair",
      "location": {
        "x": -366.0,
        "y": 350.0,
        "z": 7.0
      },
      "rotation": {
        "x": 0.0,
        "y": 0.0,
        "z": -0.537,
        "w": 0.843
      },
      "entity_min": {
        "x": -419.0133056640625,
        "y": 330.47918701171875,
        "z": 6.166363716125488
      },
      "entity_max": {
        "x": -323.3983154296875,
        "y": 364.6978759765625,
        "z": 117.30189514160156
      },
      "entity_size": {
        "x": 1.0,
        "y": 1.0,
        "z": 1.0
      },
      "direction": "right",
      "is_sittable": true,
      "movable": true,
      "matched": false,
      "owner": "room"
    },
    {
      "id": "BP_Chair_0_C_2147361958",
      "base_id": "BP_Chair_0",
      "type": "chair",
      "location": {
        "x": -381.0,
        "y": 408.0,
        "z": 7.0
      },
      "rotation": {
        "x": -0.0,
        "y": 0.0,
        "z": -0.6760042309761047,
        "w": 0.7368977665901184
      },
      "entity_min": {
        "x": -425.72210693359375,
        "y": 375.015869140625,
        "z": 6.166363716125488
      },
      "entity_max": {
        "x": -347.7131652832031,
        "y": 440.0370178222656,
        "z": 117.30189514160156
      },
      "entity_size": {
        "x": 1.0,
        "y": 1.0,
        "z": 1.0
      },
      "direction": "right",
      "is_sittable": true,
      "movable": true,
      "matched": "SDBP_Aich_AIBaby_Tiantian_90_C_2147437260",
      "is_sit": true,
      "owner": "room"
    },
    {
      "id": "BP_Plate_C_2147361757",
      "base_id": "BP_Plate",
      "my_type": "plate",
      "location": {
        "x": -329.99993896484375,
        "y": 438.0000915527344,
        "z": 82.75724029541016
      },
      "rotation": {
        "w": 0.9749523997306824,
        "x": 6.702455834783905e-07,
        "y": -4.5693670358559757e-07,
        "z": 0.22241370379924774
      },
      "entity_min": {
        "x": -335.470703125,
        "y": 422.416748046875,
        "z": 82.75720977783203
      },
      "entity_max": {
        "x": -324.5340270996094,
        "y": 453.64990234375,
        "z": 84.95609283447266
      },
      "entity_size": {
        "x": 0.6499999761581421,
        "y": 0.6499999761581421,
        "z": 0.6499999761581421
      },
      "owner": "SDBP_Aich_AIBaby_Tiantian_90_C_2147437260",
      "grid_x": "-2,-2,-2",
      "grid_y": "6,5,7",
      "grid_id": "85,72,95",
      "chain_item_id": "BP_Banana_03_C_2147437050"
    },
    {
      "id": "BP_Toy_Plane_main_C_2147361756",
      "base_id": "BP_Toy_Plane_main",
      "my_type": "toy",
      "location": {
        "x": -320.069091796875,
        "y": 407.8585510253906,
        "z": 83.15190124511719
      },
      "rotation": {
        "w": 0.67323237657547,
        "x": 0.22477811574935913,
        "y": 0.290509968996048,
        "z": -0.6417452096939087
      },
      "entity_min": {
        "x": -330.0294189453125,
        "y": 398.1624450683594,
        "z": 85.42618560791016
      },
      "entity_max": {
        "x": -315.8431701660156,
        "y": 411.6419372558594,
        "z": 87.41930389404297
      },
      "entity_size": {
        "x": 0.6000000238418579,
        "y": 0.6000000238418579,
        "z": 0.6000000238418579
      },
      "owner": "SDBP_Aich_AIBaby_Tiantian_90_C_2147437260",
      "grid_x": "-1,-1,-2,-2",
      "grid_y": "3,2,2,3",
      "grid_id": "28,16,30,44",
      "chain_item_id": null
    },
    {
      "id": "BP_Laptop_01_C_2147361755",
      "base_id": "BP_Laptop_01",
      "my_type": "computer",
      "location": {
        "x": -329.99969482421875,
        "y": 317.9881286621094,
        "z": 82.99715423583984
      },
      "rotation": {
        "w": 0.017034735530614853,
        "x": 0.0004992265021428466,
        "y": 0.00032592096249572933,
        "z": 0.9998547434806824
      },
      "entity_min": {
        "x": -341.9505615234375,
        "y": 310.41778564453125,
        "z": 82.73130798339844
      },
      "entity_max": {
        "x": -317.8534851074219,
        "y": 331.3098449707031,
        "z": 99.13877868652344
      },
      "entity_size": {
        "x": 0.699999988079071,
        "y": 0.699999988079071,
        "z": 0.699999988079071
      },
      "owner": "SDBP_Aich_Shenxin_C_2147437161",
      "grid_x": "-2,-1,-1,-2,-3,-3",
      "grid_y": "-6,-5,-6,-5,-5,-6",
      "grid_id": "91,63,77,79,93,101",
      "chain_item_id": null
    },
    {
      "id": "BP_Banana_03_C_2147361753",
      "base_id": "BP_Banana_03",
      "my_type": "platefood",
      "location": {
        "x": -329.99871826171875,
        "y": 438.00457763671875,
        "z": 85.4563217163086
      },
      "rotation": {
        "w": 0.9883549809455872,
        "x": 5.359336228139e-06,
        "y": -2.0739064439112553e-06,
        "z": 0.15216562151908875
      },
      "entity_min": {
        "x": -331.4346008300781,
        "y": 428.0265808105469,
        "z": 84.95597076416016
      },
      "entity_max": {
        "x": -325.1070861816406,
        "y": 441.2313232421875,
        "z": 93.9464340209961
      },
      "entity_size": {
        "x": 0.6000000238418579,
        "y": 0.6000000238418579,
        "z": 0.6000000238418579
      },
      "owner": "SDBP_Aich_AIBaby_Tiantian_90_C_2147437260",
      "grid_x": "-2,-2,-2",
      "grid_y": "6,5,7",
      "grid_id": "85,72,95",
      "chain_item_id": "BP_Plate_C_2147437051"
    },
    {
      "id": "BP_Drink_Orange_01_C_2147361752",
      "base_id": "BP_Drink_Orange_01",
      "my_type": "drink",
      "location": {
        "x": -330.0,
        "y": 348.0,
        "z": 82.75724029541016
      },
      "rotation": {
        "w": 0.9327977299690247,
        "x": -0.0,
        "y": 0.0,
        "z": -0.36040031909942627
      },
      "entity_min": {
        "x": -335.8607177734375,
        "y": 347.687255859375,
        "z": 82.75724029541016
      },
      "entity_max": {
        "x": -324.1392822265625,
        "y": 348.312744140625,
        "z": 108.23951721191406
      },
      "entity_size": {
        "x": 0.20000000298023224,
        "y": 0.20000000298023224,
        "z": 0.20000000298023224
      },
      "owner": "SDBP_Aich_Shenxin_C_2147437161",
      "grid_x": "-2",
      "grid_y": "-3",
      "grid_id": "51",
      "chain_item_id": null
    },
    {
      "id": "BP_Toy_SpaceManA_C_2147361751",
      "base_id": "BP_Toy_SpaceManA",
      "my_type": "boytoy",
      "location": {
        "x": -329.9997253417969,
        "y": 388.0000305175781,
        "z": 83.1322250366211
      },
      "rotation": {
        "w": 0.9991523623466492,
        "x": -1.1717715096892789e-05,
        "y": 1.4371326528817008e-07,
        "z": 0.04116515815258026
      },
      "entity_min": {
        "x": -334.36468505859375,
        "y": 384.5989074707031,
        "z": 82.7573013305664
      },
      "entity_max": {
        "x": -325.589599609375,
        "y": 390.98394775390625,
        "z": 94.0465087890625
      },
      "entity_size": {
        "x": 0.75,
        "y": 0.75,
        "z": 0.75
      },