{
  "scene_info": {
    "map_name": "SDBP_Map_203",
    "room_name": "guide_room",
    "room_bound": null,
    "table_id": "BP_DiningTable_Table_Dining_Set_C_0",
    "base_id": "BP_DiningTable_Table_Dining_Set",
    "position": {
      "x": -240.73817443847656,
      "y": -14.243790626525879,
      "z": 5.192863941192627
    },
    "rotation": {
      "x": 0.0,
      "y": -0.0,
      "z": 0.7071067690849304,
      "w": 0.7071067690849304
    },
    "aabb_bounds": {
      "min": {
        "x": -274.92510986328125,
        "y": -89.99461364746094,
        "z": 4.425734519958496
      },
      "max": {
        "x": -206.4938507080078,
        "y": 57.594078063964844,
        "z": 53.804229736328125
      }
    }
  },
  "objects": [
    {
      "id": "BP_Plate_C_2147471990",
      "base_id": "BP_Plate",
      "my_type": "plate",
      "location": {
        "x": -240.70947265625,
        "y": -16.200267791748047,
        "z": 54.804229736328125
      },
      "rotation": {
        "w": 6.123234262925839e-17,
        "x": 0.0,
        "y": -0.0,
        "z": 1.0
      },
      "entity_min": {
        "x": -249.7188720703125,
        "y": -25.224111557006836,
        "z": 54.804229736328125
      },
      "entity_max": {
        "x": -231.7188720703125,
        "y": -7.224118232727051,
        "z": 56.495628356933594
      },
      "entity_size": {
        "x": 0.5,
        "y": 0.5,
        "z": 0.5
      },
      "owner": "scene",
      "grid_x": null,
      "grid_y": null,
      "grid_id": null,
      "chain_item_id": "BP_Fruit_Apple01_C_2147471989"
    },
    {
      "id": "BP_Fruit_Apple01_C_2147471989",
      "base_id": "BP_Fruit_Apple01",
      "my_type": "platefood",
      "location": {
        "x": -240.70947265625,
        "y": -16.200267791748047,
        "z": 60.92753219604492
      },
      "rotation": {
        "w": 6.123234262925839e-17,
        "x": 0.0,
        "y": -0.0,
        "z": 1.0
      },
      "entity_min": {
        "x": -244.87039184570312,
        "y": -20.390907287597656,
        "z": 56.495628356933594
      },
      "entity_max": {
        "x": -236.54855346679688,
        "y": -12.009628295898438,
        "z": 65.35943603515625
      },
      "entity_size": {
        "x": 1.0,
        "y": 1.0,
        "z": 1.0
      },
      "owner": "scene",
      "grid_x": null,
      "grid_y": null,
      "grid_id": null,
      "chain_item_id": "BP_Plate_C_2147471990"
    }
  ],
  "agents": [
    {
      "id": "SDBP_Aich_AIBabyV7_Shoes_C_2147471983",
      "base_id": "SDBP_Aich_AIBabyV7_Shoes",
      "type": "girl",
      "location": {
        "x": -310.2659912109375,
        "y": -53.12799835205078,
        "z": 58.9012565612793
      },
      "rotation": {
        "x": 0.0,
        "y": -0.0,
        "z": 0.25882071256637573,
        "w": 0.965925395488739
      },
      "entity_size": {
        "x": 1.0,
        "y": 1.0,
        "z": 1.0
      },
      "direction": "right",
      "status": "standing",
      "skeleton": {
        "spine_03": {
          "x": -309.15692,
          "y": -52.522125,
          "z": 73.24594
        },
        "clavicle_l": {
          "x": -308.6926,
          "y": -57.069607,
          "z": 87.93814
        },
        "pelvis": {
          "x": -310.72726,
          "y": -53.428715,
          "z": 54.33839
        },
        "lowerarm_r": {
          "x": -318.9743,
          "y": -41.68493,
          "z": 69.52927
        },
        "ball_r": {
          "x": -309.02216,
          "y": -46.08171,
          "z": 4.8495903
        },
        "head": {
          "x": -310.8258,
          "y": -53.486454,
          "z": 96.76192
        },
        "pinky_01_r": {
          "x": -319.78113,
          "y": -39.037403,
          "z": 51.692295
        },
        "foot_r": {
          "x": -317.29367,
          "y": -51.170933,
          "z": 7.2474155
        },
        "thumb_01_l": {
          "x": -301.79477,
          "y": -66.49934,
          "z": 57.08138
        },
        "hand_l": {
          "x": -303.37692,
          "y": -67.77113,
          "z": 57.99213
        },
        "calf_l": {
          "x": -309.64365,
          "y": -59.920063,
          "z": 28.469215
        },
        "neck_01": {
          "x": -311.61398,
          "y": -53.94205,
          "z": 91.65502
        },
        "thigh_l": {
          "x": -306.1448,
          "y": -60.256145,
          "z": 51.840435
        },
        "calf_r": {
          "x": -314.04962,
          "y": -48.47043,
          "z": 28.33295
        },
        "thumb_01_r": {
          "x": -317.15448,
          "y": -39.28581,
          "z": 56.680847
        },
        "pinky_01_l": {
          "x": -302.98773,
          "y": -69.18734,
          "z": 52.252605
        },
        "spine_02": {
          "x": -308.8119,
          "y": -52.321846,
          "z": 61.461132
        },
        "upperarm_r": {
          "x": -317.27533,
          "y": -43.69998,
          "z": 84.64498
        },
        "eye_jiont_r": {
          "x": -307.29895,
          "y": -48.230534,
          "z": 100.89514
        },
        "lowerarm_l": {
          "x": -306.11163,
          "y": -67.88485,
          "z": 69.79649
        },
        "ring_01_r": {
          "x": -318.59723,
          "y": -38.39938,
          "z": 52.012897
        },
        "cc_base_r_eye": {
          "x": -307.29895,
          "y": -48.230534,
          "z": 100.89514
        },
        "eye_jiont_l": {
          "x": -304.4628,
          "y": -53.047424,
          "z": 100.94038
        },
        "cc_base_l_eye": {
          "x": -304.4628,
          "y": -53.047424,
          "z": 100.94038
        },
        "clavicle_r": {
          "x": -312.8574,
          "y": -49.855755,
          "z": 87.928246
        },
        "foot_l": {
          "x": -312.87762,
          "y": -60.40504,
          "z": 7.2099786
        },
        "ring_01_l": {
          "x": -301.783,
          "y": -68.54929,
          "z": 52.55154
        },
        "index_01_l": {
          "x": -299.69067,
          "y": -66.72125,
          "z": 53.21209
        },
        "upperarm_l": {
          "x": -305.75345,
          "y": -64.06556,
          "z": 84.692604
        },
        "ball_l": {
          "x": -303.91476,
          "y": -56.581753,
          "z": 4.774201
        },
        "thigh_r": {
          "x": -314.343,
          "y": -46.04332,
          "z": 51.838978
        },
        "spine_01": {
          "x": -309.92734,
          "y": -52.96717,
          "z": 58.895836
        },
        "cc_base_pelvis": {
          "x": -310.72726,
          "y": -53.42871,
          "z": 54.338024
        },
        "index_01_r": {
          "x": -315.9537,
          "y": -37.684265,
          "z": 52.75733
        },
        "middle_01_r": {
          "x": -317.38025,
          "y": -37.773705,
          "z": 52.27509
        },
        "hand_r": {
          "x": -319.12912,
          "y": -39.83327,
          "z": 57.52248
        },
        "middle_01_l": {
          "x": -300.57172,
          "y": -67.881615,
          "z": 52.788708
        }
      },
      "skeleton_bone_count": 37,
      "action_status": {
        "full_body_type": "STANDING",
        "upper_body_type": "BODY_IDLE",
        "left_hand_state_type": "HAND_IDLE",
        "right_hand_state_type": "HAND_IDLE",
        "head_state_type": "HEAD_IDLE",
        "current_speed": 0.0
      }
    },
    {
      "id": "SDBP_Aich_AIBaby_Tiantian_90_C_2147471886",
      "base_id": "SDBP_Aich_AIBaby_Tiantian_90",
      "type": "boy",
      "location": {
        "x": -176.37600708007812,
        "y": -64.6510009765625,