{
  "scene_info": {
    "map_name": "SDBP_Map_005",
    "room_name": "kitchen",
    "room_bound": {
      "x_min": 644.3980102539062,
      "y_min": 633.6530151367188,
      "z_min": 0.31299999356269836,
      "x_max": 1049.60205078125,
      "y_max": 1116.3470458984375,
      "z_max": 272.3479919433594
    },
    "table_id": "BP_DiningTable_03_C_0",
    "base_id": "BP_DiningTable_03",
    "position": {
      "x": 752.813232421875,
      "y": 912.4080810546875,
      "z": -1.0
    },
    "rotation": {
      "x": 0.0,
      "y": -0.0,
      "z": 0.7071067690849304,
      "w": 0.7071067690849304
    },
    "aabb_bounds": {
      "min": {
        "x": 703.9795532226562,
        "y": 815.6463012695312,
        "z": -3.512866497039795
      },
      "max": {
        "x": 801.6469116210938,
        "y": 1009.1698608398438,
        "z": 70.80511474609375
      }
    }
  },
  "objects": [
    {
      "id": "BP_Chair_0_C_2147358589",
      "base_id": "BP_Chair_0",
      "type": "chair",
      "location": {
        "x": 670.677001953125,
        "y": 1009.9349975585938,
        "z": 0.0
      },
      "rotation": {
        "x": -0.0,
        "y": 0.0,
        "z": -0.7969973087310791,
        "w": 0.6039828658103943
      },
      "entity_min": {
        "x": 640.1057739257812,
        "y": 967.3399047851562,
        "z": -0.8336362838745117
      },
      "entity_max": {
        "x": 690.2122192382812,
        "y": 1055.671630859375,
        "z": 110.30189514160156
      },
      "entity_size": {
        "x": 1.0,
        "y": 1.0,
        "z": 1.0
      },
      "direction": "right",
      "is_sittable": true,
      "movable": true,
      "matched": "SDBP_Aich_AIBaby_Tiantian_90_C_2147477029",
      "is_sit": true,
      "owner": "room"
    },
    {
      "id": "BP_Chair_0_C_2147358585",
      "base_id": "BP_Chair_0",
      "type": "chair",
      "location": {
        "x": 826.34,
        "y": 880.33,
        "z": 0.0
      },
      "rotation": {
        "x": 0.0,
        "y": 0.0,
        "z": 0.676,
        "w": 0.737
      },
      "entity_min": {
        "x": 799.2006225585938,
        "y": 841.100341796875,
        "z": -0.8336362838745117
      },
      "entity_max": {
        "x": 864.9077758789062,
        "y": 918.5323486328125,
        "z": 110.30189514160156
      },
      "entity_size": {
        "x": 1.0,
        "y": 1.0,
        "z": 1.0
      },
      "direction": "left",
      "is_sittable": true,
      "movable": true,
      "matched": false,
      "owner": "room"
    },
    {
      "id": "BP_Chair_0_C_2147358581",
      "base_id": "BP_Chair_0",
      "type": "chair",
      "location": {
        "x": 834.0889892578125,
        "y": 948.6060180664062,
        "z": 0.0
      },
      "rotation": {
        "x": 0.0,
        "y": -0.0,
        "z": 0.7069999575614929,
        "w": 0.7072135806083679
      },
      "entity_min": {
        "x": 803.7742309570312,
        "y": 912.827392578125,
        "z": -0.8336362838745117
      },
      "entity_max": {
        "x": 875.8781127929688,
        "y": 984.3408813476562,
        "z": 110.30189514160156
      },
      "entity_size": {
        "x": 1.0,
        "y": 1.0,
        "z": 1.0
      },
      "direction": "left",
      "is_sittable": true,
      "movable": true,
      "matched": "SDBP_Aich_Liyuxia_C_2147476930",
      "is_sit": true,
      "owner": "room"
    },
    {
      "id": "BP_Plate_02_TL_C_2147358380",
      "base_id": "BP_Plate_02_TL",
      "my_type": "plate",
      "location": {
        "x": 722.8486938476562,
        "y": 972.3809814453125,
        "z": 71.12957763671875
      },
      "rotation": {
        "w": 0.6123952865600586,
        "x": -1.2183442777313758e-05,
        "y": -3.92308684240561e-05,
        "z": 0.7905517220497131
      },
      "entity_min": {
        "x": 713.2877807617188,
        "y": 966.7322998046875,
        "z": 70.80496215820312
      },
      "entity_max": {
        "x": 732.414794921875,
        "y": 978.0108642578125,
        "z": 71.99029541015625
      },
      "entity_size": {
        "x": 0.6499999761581421,
        "y": 0.6499999761581421,
        "z": 0.6499999761581421
      },
      "owner": "SDBP_Aich_AIBaby_Tiantian_90_C_2147477029",
      "grid_x": "-3,-2,-4",
      "grid_y": "6,6,6",
      "grid_id": "120,100,139",
      "chain_item_id": "BP_Fruit_Grapes_C_2147476803"
    },
    {
      "id": "BP_Cap_01_C_2147358379",
      "base_id": "BP_Cap_01",
      "my_type": "cap",
      "location": {
        "x": 722.8115844726562,
        "y": 992.407958984375,
        "z": 69.17218780517578
      },
      "rotation": {
        "w": 0.6349788904190063,
        "x": -0.00018693630408961326,
        "y": -0.0001527282001916319,
        "z": 0.7725294828414917
      },
      "entity_min": {
        "x": 709.2994995117188,
        "y": 986.961181640625,
        "z": 68.98463439941406
      },
      "entity_max": {
        "x": 736.1329345703125,
        "y": 998.2943115234375,
        "z": 78.10694885253906
      },
      "entity_size": {
        "x": 1.0,
        "y": 1.0,
        "z": 1.0
      },
      "owner": "SDBP_Aich_AIBaby_Tiantian_90_C_2147477029",
      "grid_x": "-3,-2,-4",
      "grid_y": "8,8,8",
      "grid_id": "151,135,163",
      "chain_item_id": null
    },
    {
      "id": "BP_WallMirror_05_C_2147358378",
      "base_id": "BP_WallMirror_05",
      "my_type": "mirror",
      "location": {
        "x": 762.813232421875,
        "y": 932.4080810546875,
        "z": 71.80511474609375
      },
      "rotation": {
        "w": 0.7646754384040833,
        "x": 0.31673893332481384,
        "y": -0.21476279199123383,
        "z": -0.5184832215309143
      },
      "entity_min": {
        "x": 751.8595581054688,
        "y": 914.6993408203125,
        "z": 71.00221252441406
      },
      "entity_max": {
        "x": 757.5184936523438,
        "y": 943.6435546875,
        "z": 90.09748840332031
      },
      "entity_size": {
        "x": 0.30000001192092896,
        "y": 0.30000001192092896,
        "z": 0.30000001192092896
      },
      "owner": "SDBP_Aich_Liyuxia_C_2147476930",
      "grid_x": "1,0,0,0",
      "grid_y": "2,1,2,3",
      "grid_id": "15,2,6,14",
      "chain_item_id": null
    },
    {
      "id": "BP_Fruit_Grapes_C_2147358377",
      "base_id": "BP_Fruit_Grapes",
      "my_type": "platefood",
      "location": {
        "x": 723.12060546875,
        "y": 971.7308349609375,
        "z": 80.78925323486328
      },
      "rotation": {
        "w": 0.5924188494682312,
        "x": 0.012253149412572384,
        "y": 0.02969369851052761,
        "z": -0.8049894571304321
      },
      "entity_min": {
        "x": 720.794677734375,
        "y": 966.3442993164062,
        "z": 71.881103515625
      },
      "entity_max": {
        "x": 725.4473266601562,
        "y": 977.1140747070312,
        "z": 89.75020599365234
      },
      "entity_size": {
        "x": 1.0,
        "y": 1.0,
        "z": 1.0
      },
      "owner": "SDBP_Aich_AIBaby_Tiantian_90_C_2147477029",
      "grid_x": "-3,-2,-4",
      "grid_y": "6,6,6",
      "grid_id": "120,100,139",
      "chain_item_id": "BP_Plate_02_TL_C_2147476804"
    },
    {
      "id": "BP_Book_43_C_2147358376",
      "base_id": "BP_Book_43",
      "my_type": "book",
      "location": {
        "x": 782.8129272460938,
        "y": 912.4080810546875,
        "z": 70.85832977294922
      },
      "rotation": {
        "w": 0.6977410316467285,
        "x": 0.6968432068824768,
        "y": 0.11622867733240128,
        "z": 0.11856596171855927
      },
      "entity_min": {
        "x": 782.7048950195312,
        "y": 901.1184692382812,
        "z": 70.77790069580078
      },
      "entity_max": {
        "x": 796.064697265625,
        "y": 912.476318359375,
        "z": 73.01226806640625
      },
      "entity_size": {
        "x": 0.800000011920929,
        "y": 0.800000011920929,
        "z": 0.800000011920929
      },
      "owner": "SDBP_Aich_Liyuxia_C_2147476930",