{
  "scene_info": {
    "map_name": "SDBP_Map_073",
    "room_name": "diningRoom",
    "room_bound": {
      "x_min": -58.00600051879883,
      "y_min": 137.79200744628906,
      "z_min": 0.0,
      "x_max": 407.64898681640625,
      "y_max": 800.4660034179688,
      "z_max": 263.9549865722656
    },
    "table_id": "BP_DiningTable_23_C_0",
    "base_id": "BP_DiningTable_23",
    "position": {
      "x": 285.55023193359375,
      "y": 336.80999755859375,
      "z": -7.000000096013537e-06
    },
    "rotation": {
      "x": 0.0,
      "y": 0.0,
      "z": 0.0,
      "w": 1.0
    },
    "aabb_bounds": {
      "min": {
        "x": 175.09376525878906,
        "y": 284.8841247558594,
        "z": -7.000000096013537e-06
      },
      "max": {
        "x": 394.72137451171875,
        "y": 388.7358703613281,
        "z": 76.5702896118164
      }
    }
  },
  "objects": [
    {
      "id": "BP_Chair_0_C_2147360071",
      "base_id": "BP_Chair_0",
      "type": "chair",
      "location": {
        "x": 316.077,
        "y": 418.428,
        "z": 1.375
      },
      "rotation": {
        "x": 0.0,
        "y": 0.0,
        "z": 0.991,
        "w": 0.131
      },
      "entity_min": {
        "x": 273.6947021484375,
        "y": 398.43536376953125,
        "z": 0.5413637161254883
      },
      "entity_max": {
        "x": 361.48187255859375,
        "y": 449.4898376464844,
        "z": 111.67689514160156
      },
      "entity_size": {
        "x": 1.0,
        "y": 1.0,
        "z": 1.0
      },
      "direction": "front",
      "is_sittable": true,
      "movable": true,
      "matched": false,
      "owner": "room"
    },
    {
      "id": "BP_Plate_02_TL_C_2147359870",
      "base_id": "BP_Plate_02_TL",
      "my_type": "plate",
      "location": {
        "x": 214.90420532226562,
        "y": 326.816650390625,
        "z": 76.89527893066406
      },
      "rotation": {
        "w": 0.32111167907714844,
        "x": -6.7466921791492496e-06,
        "y": -9.040812983585056e-06,
        "z": -0.9470413327217102
      },
      "entity_min": {
        "x": 213.45489501953125,
        "y": 315.8164367675781,
        "z": 76.57003784179688
      },
      "entity_max": {
        "x": 216.3687286376953,
        "y": 337.8290710449219,
        "z": 77.75662231445312
      },
      "entity_size": {
        "x": 0.6499999761581421,
        "y": 0.6499999761581421,
        "z": 0.6499999761581421
      },
      "owner": "SDBP_Aich_Liyuxia_C_2147357267",
      "grid_x": "-7,-7,-7",
      "grid_y": "-1,0,-2",
      "grid_id": "111,95,127",
      "chain_item_id": "BP_Fruit_Plum_C_2147357163"
    },
    {
      "id": "BP_Cap_01_C_2147359869",
      "base_id": "BP_Cap_01",
      "my_type": "cap",
      "location": {
        "x": 384.8304443359375,
        "y": 316.7530822753906,
        "z": 76.760498046875
      },
      "rotation": {
        "w": 0.9745586514472961,
        "x": -0.00024022824072744697,
        "y": -6.190108706505271e-06,
        "z": 0.2241325080394745
      },
      "entity_min": {
        "x": 382.95245361328125,
        "y": 302.4842834472656,
        "z": 76.57292175292969
      },
      "entity_max": {
        "x": 387.0850524902344,
        "y": 331.3181457519531,
        "z": 85.69528198242188
      },
      "entity_size": {
        "x": 1.0,
        "y": 1.0,
        "z": 1.0
      },
      "owner": "SDBP_Aich_Weiguo_C_2147357364",
      "grid_x": "10,10,10",
      "grid_y": "-2,-1,-3",
      "grid_id": "176,164,184",
      "chain_item_id": null
    },
    {
      "id": "BP_WallMirror_05_C_2147359868",
      "base_id": "BP_WallMirror_05",
      "my_type": "mirror",
      "location": {
        "x": 244.90756225585938,
        "y": 296.80999755859375,
        "z": 77.5702896118164
      },
      "rotation": {
        "w": 0.07114339619874954,
        "x": 0.029468558728694916,
        "y": 0.38154712319374084,
        "z": 0.9211362600326538
      },
      "entity_min": {
        "x": 235.2262725830078,
        "y": 295.6578369140625,
        "z": 76.76738739013672
      },
      "entity_max": {
        "x": 257.2745666503906,
        "y": 315.2451171875,
        "z": 95.86266326904297
      },
      "entity_size": {
        "x": 0.30000001192092896,
        "y": 0.30000001192092896,
        "z": 0.30000001192092896
      },
      "owner": "SDBP_Aich_Liyuxia_C_2147357267",
      "grid_x": "-4,-3,-3,-4,-5,-5",
      "grid_y": "-4,-3,-4,-3,-3,-4",
      "grid_id": "105,71,87,89,107,123",
      "chain_item_id": null
    },
    {
      "id": "BP_Food_182_C_2147359867",
      "base_id": "BP_Food_182",
      "my_type": "snack",
      "location": {
        "x": 370.38037109375,
        "y": 315.1515197753906,
        "z": 79.4175033569336
      },
      "rotation": {
        "w": 0.6313437223434448,
        "x": 0.3184417188167572,
        "y": -0.6313437223434448,
        "z": 0.3184417188167572
      },
      "entity_min": {
        "x": 357.5877685546875,
        "y": 307.06744384765625,
        "z": 76.57028198242188
      },
      "entity_max": {
        "x": 374.7893981933594,
        "y": 311.8927917480469,
        "z": 82.26472473144531
      },
      "entity_size": {
        "x": 0.6000000238418579,
        "y": 0.6000000238418579,
        "z": 0.6000000238418579
      },
      "owner": "SDBP_Aich_Weiguo_C_2147357364",
      "grid_x": "9,8,9",
      "grid_y": "-2,-3,-3",
      "grid_id": "162,160,174",
      "chain_item_id": null
    },
    {
      "id": "BP_Fruit_Plum_C_2147359866",
      "base_id": "BP_Fruit_Plum",
      "my_type": "platefood",
      "location": {
        "x": 215.25900268554688,
        "y": 326.5323486328125,
        "z": 77.4208984375
      },
      "rotation": {
        "w": 0.9624188542366028,
        "x": -0.0004969420842826366,
        "y": -0.01789497397840023,
        "z": -0.2709786295890808
      },
      "entity_min": {
        "x": 211.48854064941406,
        "y": 325.59393310546875,
        "z": 77.18458557128906
      },
      "entity_max": {
        "x": 218.87979125976562,
        "y": 327.5174255371094,
        "z": 82.03408813476562
      },
      "entity_size": {
        "x": 1.0,
        "y": 1.0,
        "z": 1.0
      },
      "owner": "SDBP_Aich_Liyuxia_C_2147357267",
      "grid_x": "-7,-7,-7",
      "grid_y": "-1,0,-2",
      "grid_id": "111,95,127",
      "chain_item_id": "BP_Plate_02_TL_C_2147357164"
    },
    {
      "id": "BP_Bag_Bag_C_2147359865",
      "base_id": "BP_Bag_Bag",
      "my_type": "redbag",
      "location": {
        "x": 285.1054382324219,
        "y": 307.39642333984375,
        "z": 77.07567596435547
      },
      "rotation": {
        "w": 0.9489803910255432,
        "x": 0.006012010853737593,
        "y": 0.0007229421753436327,
        "z": 0.3152769207954407
      },
      "entity_min": {
        "x": 281.88177490234375,
        "y": 294.5639953613281,
        "z": 76.57903289794922
      },
      "entity_max": {
        "x": 288.3267822265625,
        "y": 320.24688720703125,
        "z": 89.04174041748047
      },
      "entity_size": {
        "x": 1.0,
        "y": 1.0,
        "z": 1.0
      },
      "owner": "SDBP_Aich_Liyuxia_C_2147357267",
      "grid_x": "0,0,0",
      "grid_y": "-3,-2,-4",
      "grid_id": "19,9,33",
      "chain_item_id": null
    }
  ],
  "agents": [
    {
      "id": "SDBP_Aich_Liyuxia_C_2147360061",
      "base_id": "SDBP_Aich_Liyuxia",
      "type": "woman",
      "location": {
        "x": 373.510009765625,
        "y": 259.29901123046875,
        "z": 82.1500015258789
      },
      "rotation": {
        "x": 0.0,
        "y": -0.0,
        "z": 0.9723719954490662,
        "w": 0.23343664407730103
      },
      "entity_size": {
        "x": 1.0,
        "y": 1.0,
        "z": 1.0
      },
      "direction": "back",
      "status": "standing",
      "skeleton": {
        "spine_03": {
          "x": 371.0885,
          "y": 261.26733,
          "z": 115.35631
        },
        "clavicle_l": {
          "x": 375.63364,