{
  "scene_info": {
    "map_name": "SDBP_Map_005",
    "room_name": "kitchen",
    "room_bound": {
      "x_min": 644.3980102539062,
      "y_min": 633.6530151367188,
      "z_min": 0.31299999356269836,
      "x_max": 1049.60205078125,
      "y_max": 1116.3470458984375,
      "z_max": 272.3479919433594
    },
    "table_id": "BP_DiningTable_03_C_0",
    "base_id": "BP_DiningTable_03",
    "position": {
      "x": 752.813232421875,
      "y": 912.4080810546875,
      "z": -1.0
    },
    "rotation": {
      "x": 0.0,
      "y": -0.0,
      "z": 0.7071067690849304,
      "w": 0.7071067690849304
    },
    "aabb_bounds": {
      "min": {
        "x": 703.9795532226562,
        "y": 815.6463012695312,
        "z": -3.512866497039795
      },
      "max": {
        "x": 801.6469116210938,
        "y": 1009.1698608398438,
        "z": 70.80511474609375
      }
    }
  },
  "objects": [
    {
      "id": "BP_Chair_0_C_2147366319",
      "base_id": "BP_Chair_0",
      "type": "chair",
      "location": {
        "x": 670.677001953125,
        "y": 1009.9349975585938,
        "z": 0.0
      },
      "rotation": {
        "x": -0.0,
        "y": 0.0,
        "z": -0.7969973087310791,
        "w": 0.6039828658103943
      },
      "entity_min": {
        "x": 640.1057739257812,
        "y": 967.3399047851562,
        "z": -0.8336362838745117
      },
      "entity_max": {
        "x": 690.2122192382812,
        "y": 1055.671630859375,
        "z": 110.30189514160156
      },
      "entity_size": {
        "x": 1.0,
        "y": 1.0,
        "z": 1.0
      },
      "direction": "right",
      "is_sittable": true,
      "movable": true,
      "matched": "SDBP_Aich_Nainai_C_2147475750",
      "is_sit": true,
      "owner": "room"
    },
    {
      "id": "BP_Chair_0_C_2147366315",
      "base_id": "BP_Chair_0",
      "type": "chair",
      "location": {
        "x": 834.089,
        "y": 948.606,
        "z": 0.0
      },
      "rotation": {
        "x": 0.0,
        "y": 0.0,
        "z": 0.707,
        "w": 0.707
      },
      "entity_min": {
        "x": 803.7742309570312,
        "y": 912.827392578125,
        "z": -0.8336362838745117
      },
      "entity_max": {
        "x": 875.8781127929688,
        "y": 984.3408813476562,
        "z": 110.30189514160156
      },
      "entity_size": {
        "x": 1.0,
        "y": 1.0,
        "z": 1.0
      },
      "direction": "left",
      "is_sittable": true,
      "movable": true,
      "matched": false,
      "owner": "room"
    },
    {
      "id": "BP_Plate_02_TL_C_2147366114",
      "base_id": "BP_Plate_02_TL",
      "my_type": "plate",
      "location": {
        "x": 752.9083862304688,
        "y": 992.38427734375,
        "z": 69.30701446533203
      },
      "rotation": {
        "w": 0.5122624635696411,
        "x": -2.909123941208236e-05,
        "y": -7.941097805996833e-07,
        "z": -0.8588289618492126
      },
      "entity_min": {
        "x": 749.7357177734375,
        "y": 981.7548828125,
        "z": 68.98184204101562
      },
      "entity_max": {
        "x": 756.0900268554688,
        "y": 1003.031005859375,
        "z": 70.16828918457031
      },
      "entity_size": {
        "x": 0.6499999761581421,
        "y": 0.6499999761581421,
        "z": 0.6499999761581421
      },
      "owner": "SDBP_Aich_Nainai_C_2147475750",
      "grid_x": "0,0,0",
      "grid_y": "8,7,9",
      "grid_id": "96,78,114",
      "chain_item_id": "BP_Apple_Green_01_C_2147475542"
    },
    {
      "id": "BP_Plate_01_C_2147366113",
      "base_id": "BP_Plate_01",
      "my_type": "plate",
      "location": {
        "x": 732.8133544921875,
        "y": 922.40087890625,
        "z": 70.80513000488281
      },
      "rotation": {
        "w": 0.83780437707901,
        "x": 7.965796612552367e-06,
        "y": -1.0018594593930175e-06,
        "z": -0.5459705591201782
      },
      "entity_min": {
        "x": 717.4182739257812,
        "y": 916.4235229492188,
        "z": 70.80504608154297
      },
      "entity_max": {
        "x": 748.2750244140625,
        "y": 928.3809204101562,
        "z": 73.00403594970703
      },
      "entity_size": {
        "x": 0.6499999761581421,
        "y": 0.6499999761581421,
        "z": 0.6499999761581421
      },
      "owner": "SDBP_Aich_AIBaby_Tiantian_90_C_2147475654",
      "grid_x": "-2,-1,-3",
      "grid_y": "1,1,1",
      "grid_id": "18,8,32",
      "chain_item_id": "BP_Fruit_Watermelon02_C_2147475533"
    },
    {
      "id": "BP_Paper_Newspaper01_C_2147366112",
      "base_id": "BP_Paper_Newspaper01",
      "my_type": "newspaper",
      "location": {
        "x": 722.8131713867188,
        "y": 972.408203125,
        "z": 70.89000701904297
      },
      "rotation": {
        "w": 0.946120023727417,
        "x": -0.00040673097828403115,
        "y": -1.0247360478388146e-05,
        "z": 0.3238159418106079
      },
      "entity_min": {
        "x": 718.4331665039062,
        "y": 954.5613403320312,
        "z": 70.80512237548828
      },
      "entity_max": {
        "x": 727.2118530273438,
        "y": 990.2777099609375,
        "z": 73.16252899169922
      },
      "entity_size": {
        "x": 0.800000011920929,
        "y": 0.800000011920929,
        "z": 0.800000011920929
      },
      "owner": "SDBP_Aich_Nainai_C_2147475750",
      "grid_x": "-3,-3,-3",
      "grid_y": "6,5,7",
      "grid_id": "120,102,137",
      "chain_item_id": null
    },
    {
      "id": "BP_Toy_Car_Blue_C_2147366111",
      "base_id": "BP_Toy_Car_Blue",
      "my_type": "boytoy",
      "location": {
        "x": 712.813232421875,
        "y": 892.4080810546875,
        "z": 70.81851959228516
      },
      "rotation": {
        "w": 0.2730931341648102,
        "x": -0.0,
        "y": 0.0,
        "z": -0.9619876146316528
      },
      "entity_min": {
        "x": 713.3601684570312,
        "y": 878.4222412109375,
        "z": 70.80511474609375
      },
      "entity_max": {
        "x": 716.7445068359375,
        "y": 899.1421508789062,
        "z": 76.0072021484375
      },
      "entity_size": {
        "x": 0.75,
        "y": 0.75,
        "z": 0.75
      },
      "owner": "SDBP_Aich_AIBaby_Tiantian_90_C_2147475654",
      "grid_x": "-4,-4",
      "grid_y": "-2,-3",
      "grid_id": "77,95",
      "chain_item_id": null
    },
    {
      "id": "BP_Apple_Green_01_C_2147366110",
      "base_id": "BP_Apple_Green_01",
      "my_type": "platefood",
      "location": {
        "x": 752.3324584960938,
        "y": 992.849853515625,
        "z": 69.93341827392578
      },
      "rotation": {
        "w": 0.6079854965209961,
        "x": 0.012825890444219112,
        "y": 0.020436573773622513,
        "z": 0.7935814261436462
      },
      "entity_min": {
        "x": 747.46533203125,
        "y": 989.7030029296875,
        "z": 69.6611557006836
      },
      "entity_max": {
        "x": 757.5370483398438,
        "y": 995.7156982421875,
        "z": 78.6139907836914
      },
      "entity_size": {
        "x": 1.0,
        "y": 1.0,
        "z": 1.0
      },
      "owner": "SDBP_Aich_Nainai_C_2147475750",
      "grid_x": "0,0,0",
      "grid_y": "8,7,9",
      "grid_id": "96,78,114",
      "chain_item_id": "BP_Plate_02_TL_C_2147475543"
    },
    {
      "id": "BP_Fruit_Watermelon02_C_2147366109",
      "base_id": "BP_Fruit_Watermelon02",
      "my_type": "platefood",
      "location": {
        "x": 732.7636108398438,
        "y": 922.3448486328125,
        "z": 73.00395202636719
      },
      "rotation": {
        "w": 0.08661290258169174,
        "x": -4.95565382152563e-06,
        "y": -7.078416274453048e-06,
        "z": 0.9962420463562012
      },
      "entity_min": {
        "x": 728.0789184570312,
        "y": 912.65234375,
        "z": 73.00413513183594
      },
      "entity_max": {
        "x": 737.4481811523438,
        "y": 932.0371704101562,
        "z": 84.57975006103516
      },
      "entity_size": {
        "x": 1.0,
        "y": 1.0,
        "z": 1.0
      },