{
  "scene_info": {
    "map_name": "SDBP_Map_203",
    "room_name": "livingRoom",
    "room_bound": {
      "x_min": -446.48199462890625,
      "y_min": -403.2829895019531,
      "z_min": 3.750999927520752,
      "x_max": -9.4350004196167,
      "y_max": 238.70799255371094,
      "z_max": 286.40301513671875
    },
    "table_id": "BP_DiningTable_Table_Dining_Set_C_0",
    "base_id": "BP_DiningTable_Table_Dining_Set",
    "position": {
      "x": -240.73817443847656,
      "y": -14.243790626525879,
      "z": 5.192863941192627
    },
    "rotation": {
      "x": 0.0,
      "y": -0.0,
      "z": 0.7071067690849304,
      "w": 0.7071067690849304
    },
    "aabb_bounds": {
      "min": {
        "x": -274.92510986328125,
        "y": -89.99461364746094,
        "z": 4.425734519958496
      },
      "max": {
        "x": -206.4938507080078,
        "y": 57.594078063964844,
        "z": 53.804229736328125
      }
    }
  },
  "objects": [
    {
      "id": "BP_SofaStool_01_C_2147329611",
      "base_id": "BP_SofaStool_01",
      "type": "sofastool",
      "location": {
        "x": -151.09849548339844,
        "y": 53.30154800415039,
        "z": 3.750999927520752
      },
      "rotation": {
        "w": 0.44619816541671753,
        "x": 0.0028658900409936905,
        "y": 0.005747932009398937,
        "z": 0.8949111104011536
      },
      "entity_min": {
        "x": -192.72354125976562,
        "y": 49.89064025878906,
        "z": 3.2781851291656494
      },
      "entity_max": {
        "x": -96.19326782226562,
        "y": 66.66893005371094,
        "z": 114.38571166992188
      },
      "entity_size": {
        "x": 1.0,
        "y": 1.0,
        "z": 1.0
      },
      "direction": "front",
      "is_sittable": true,
      "movable": true,
      "matched": false,
      "owner": "room"
    },
    {
      "id": "BP_Perfume_DressTab_C_2147329410",
      "base_id": "BP_Perfume_DressTab",
      "my_type": "perfume",
      "location": {
        "x": -260.7094421386719,
        "y": -26.200284957885742,
        "z": 52.89775848388672
      },
      "rotation": {
        "w": 0.047946348786354065,
        "x": 7.268724857567577e-07,
        "y": -3.4518100733293977e-07,
        "z": -0.9988499283790588
      },
      "entity_min": {
        "x": -263.61126708984375,
        "y": -28.589204788208008,
        "z": 52.82073974609375
      },
      "entity_max": {
        "x": -257.8076477050781,
        "y": -23.811359405517578,
        "z": 63.617767333984375
      },
      "entity_size": {
        "x": 1.0,
        "y": 1.0,
        "z": 1.0
      },
      "owner": "SDBP_Aich_Liyuxia_C_2147422380",
      "grid_x": "-2",
      "grid_y": "-1",
      "grid_id": "23",
      "chain_item_id": null
    },
    {
      "id": "BP_Toy_Car_Red_C_2147329409",
      "base_id": "BP_Toy_Car_Red",
      "my_type": "boytoy",
      "location": {
        "x": -260.71417236328125,
        "y": -76.19886016845703,
        "z": 54.15384292602539
      },
      "rotation": {
        "w": 0.8495436310768127,
        "x": -0.0037753875367343426,
        "y": -0.00468331016600132,
        "z": 0.5274840593338013
      },
      "entity_min": {
        "x": -268.2555236816406,
        "y": -80.96451568603516,
        "z": 53.727474212646484
      },
      "entity_max": {
        "x": -259.6699523925781,
        "y": -68.0461196899414,
        "z": 59.38703536987305
      },
      "entity_size": {
        "x": 0.75,
        "y": 0.75,
        "z": 0.75
      },
      "owner": "SDBP_Aich_AIBaby_Tiantian_90_C_2147422283",
      "grid_x": "-2",
      "grid_y": "-6",
      "grid_id": "65",
      "chain_item_id": null
    },
    {
      "id": "BP_Food_186_C_2147329408",
      "base_id": "BP_Food_186",
      "my_type": "snack",
      "location": {
        "x": -250.95387268066406,
        "y": -45.28896713256836,
        "z": 55.98180389404297
      },
      "rotation": {
        "w": 0.5650832056999207,
        "x": -0.4250658452510834,
        "y": -0.5650832056999207,
        "z": -0.4250658452510834
      },
      "entity_min": {
        "x": -256.22149658203125,
        "y": -46.80915832519531,
        "z": 52.82074737548828
      },
      "entity_max": {
        "x": -249.5271453857422,
        "y": -30.459680557250977,
        "z": 59.142860412597656
      },
      "entity_size": {
        "x": 0.6000000238418579,
        "y": 0.6000000238418579,
        "z": 0.6000000238418579
      },
      "owner": "SDBP_Aich_Liyuxia_C_2147422380",
      "grid_x": "-1,-1",
      "grid_y": "-3,-2",
      "grid_id": "31,21",
      "chain_item_id": null
    },
    {
      "id": "BP_Food_185_C_2147329407",
      "base_id": "BP_Food_185",
      "my_type": "snack",
      "location": {
        "x": -220.88363647460938,
        "y": -67.20075225830078,
        "z": 55.67039489746094
      },
      "rotation": {
        "w": 0.5501114726066589,
        "x": 0.4442717432975769,
        "y": -0.5501114726066589,
        "z": 0.4442717432975769
      },
      "entity_min": {
        "x": -229.2119598388672,
        "y": -79.83383178710938,
        "z": 52.82073211669922
      },
      "entity_max": {
        "x": -215.5238800048828,
        "y": -68.35478210449219,
        "z": 58.520057678222656
      },
      "entity_size": {
        "x": 0.6000000238418579,
        "y": 0.6000000238418579,
        "z": 0.6000000238418579
      },
      "owner": "SDBP_Aich_AIBaby_Tiantian_90_C_2147422283",
      "grid_x": "2,2",
      "grid_y": "-5,-6",
      "grid_id": "60,64",
      "chain_item_id": null
    },
    {
      "id": "BP_Flex_Cup_Kitchen_2_C_2147329406",
      "base_id": "BP_Flex_Cup_Kitchen_2",
      "my_type": "bigcup",
      "location": {
        "x": -240.70947265625,
        "y": -76.20025634765625,
        "z": 52.82986068725586
      },
      "rotation": {
        "w": 0.032797105610370636,
        "x": -0.0,
        "y": 0.0,
        "z": -0.9994620084762573
      },
      "entity_min": {
        "x": -245.38433837890625,
        "y": -84.27708435058594,
        "z": 52.820735931396484
      },
      "entity_max": {
        "x": -236.0650177001953,
        "y": -68.3587417602539,
        "z": 61.542579650878906
      },
      "entity_size": {
        "x": 1.2000000476837158,
        "y": 1.2000000476837158,
        "z": 1.2000000476837158
      },
      "owner": "SDBP_Aich_AIBaby_Tiantian_90_C_2147422283",
      "grid_x": "0",
      "grid_y": "-6",
      "grid_id": "49",
      "chain_item_id": null
    }
  ],
  "agents": [
    {
      "id": "SDBP_Aich_AIBaby_Tiantian_90_C_2147329604",
      "base_id": "SDBP_Aich_AIBaby_Tiantian_90",
      "type": "boy",
      "location": {
        "x": -324.70599365234375,
        "y": -5.26800012588501,
        "z": 81.59309387207031
      },
      "rotation": {
        "x": -0.0,
        "y": 0.0,
        "z": -0.25882014632225037,
        "w": 0.9659255146980286
      },
      "entity_size": {
        "x": 1.0,
        "y": 1.0,
        "z": 1.0
      },
      "direction": "right",
      "status": "standing",
      "skeleton": {
        "spine_03": {
          "x": -324.003,
          "y": -5.7183075,
          "z": 63.29769
        },
        "clavicle_l": {
          "x": -327.51633,
          "y": -8.159442,
          "z": 75.27968
        },
        "pelvis": {
          "x": -325.26514,
          "y": -4.9779,
          "z": 45.923546
        },
        "lowerarm_r": {
          "x": -319.55478,
          "y": 6.8717356,
          "z": 59.008266
        },
        "ball_r": {
          "x": -320.41302,
          "y": -3.2054257,
          "z": 6.248057
        },
        "head": {
          "x": -325.81116,
          "y": -4.67311,
          "z": 82.01041
        },
        "pinky_01_r": {
          "x": -317.54633,
          "y": 8.532635,
          "z": 43.568024
        },
        "foot_r": {
          "x": -326.73853,
          "y": 0.16982417,
          "z": 7.905999
        },
        "thumb_01_l": {
          "x": -330.967,
          "y": -18.244112,