{
  "scene_info": {
    "map_name": "SDBP_Map_200",
    "room_name": "livingRoom",
    "room_bound": {
      "x_min": 0.4620000123977661,
      "y_min": -103.62699890136719,
      "z_min": 6.625,
      "x_max": 388.0690002441406,
      "y_max": 445.9100036621094,
      "z_max": 285.5450134277344
    },
    "table_id": "BP_CoffeeTable_27_C_0",
    "base_id": "BP_CoffeeTable_27",
    "position": {
      "x": 250.4195098876953,
      "y": 244.0904083251953,
      "z": 8.066498756408691
    },
    "rotation": {
      "x": -0.0,
      "y": 0.0,
      "z": -0.8171481490135193,
      "w": 0.576427698135376
    },
    "aabb_bounds": {
      "min": {
        "x": 217.49253845214844,
        "y": 184.46795654296875,
        "z": 7.900050640106201
      },
      "max": {
        "x": 286.790283203125,
        "y": 313.38385009765625,
        "z": 45.28243637084961
      }
    }
  },
  "objects": [
    {
      "id": "BP_SofaStool_01_C_2147328926",
      "base_id": "BP_SofaStool_01",
      "type": "sofastool",
      "location": {
        "x": 341.7066345214844,
        "y": 213.5103759765625,
        "z": 6.625
      },
      "rotation": {
        "x": 0.006076125893741846,
        "y": 0.00437255809083581,
        "z": 0.5840901732444763,
        "w": 0.811654269695282
      },
      "entity_min": {
        "x": 329.38336181640625,
        "y": 166.320556640625,
        "z": 6.0633134841918945
      },
      "entity_max": {
        "x": 369.9776306152344,
        "y": 255.31546020507812,
        "z": 117.31304931640625
      },
      "entity_size": {
        "x": 1.0,
        "y": 1.0,
        "z": 1.0
      },
      "direction": "left",
      "is_sittable": true,
      "movable": true,
      "matched": "SDBP_Aich_AIBabyV7_Shoes_C_2147312245",
      "is_sit": true,
      "owner": "room"
    },
    {
      "id": "BP_Stool_Footpad_C_2147328922",
      "base_id": "BP_Stool_Footpad",
      "type": "stool",
      "location": {
        "x": 327.229,
        "y": 352.728,
        "z": 6.74
      },
      "rotation": {
        "x": 0.0,
        "y": 0.0,
        "z": 0.0,
        "w": 1.0
      },
      "entity_min": {
        "x": 305.3700256347656,
        "y": 330.86248779296875,
        "z": 6.624987602233887
      },
      "entity_max": {
        "x": 349.13568115234375,
        "y": 374.6474304199219,
        "z": 37.32861328125
      },
      "entity_size": {
        "x": 1.0,
        "y": 1.0,
        "z": 1.0
      },
      "direction": "left",
      "owner": "room"
    },
    {
      "id": "BP_Plasticine_Rabbit_C_2147328723",
      "base_id": "BP_Plasticine_Rabbit",
      "my_type": "doll",
      "location": {
        "x": 262.14141845703125,
        "y": 238.9259033203125,
        "z": 45.56529235839844
      },
      "rotation": {
        "w": 0.9996470212936401,
        "x": 0.0,
        "y": -0.0,
        "z": 0.026566490530967712
      },
      "entity_min": {
        "x": 257.35888671875,
        "y": 233.4113311767578,
        "z": 45.28243637084961
      },
      "entity_max": {
        "x": 265.6419677734375,
        "y": 242.58346557617188,
        "z": 61.69453811645508
      },
      "entity_size": {
        "x": 1.100000023841858,
        "y": 1.100000023841858,
        "z": 1.100000023841858
      },
      "owner": "SDBP_Aich_AIBabyV7_Shoes_C_2147312245",
      "grid_x": "1",
      "grid_y": "-1",
      "grid_id": "10",
      "chain_item_id": null
    },
    {
      "id": "BP_Laptop_01_C_2147328722",
      "base_id": "BP_Laptop_01",
      "my_type": "computer",
      "location": {
        "x": 242.14100646972656,
        "y": 288.925537109375,
        "z": 45.52238464355469
      },
      "rotation": {
        "w": 0.9997803568840027,
        "x": 0.0003288068692199886,
        "y": -0.0005020477692596614,
        "z": -0.020950274541974068
      },
      "entity_min": {
        "x": 229.89083862304688,
        "y": 275.6993713378906,
        "z": 45.25636672973633
      },
      "entity_max": {
        "x": 254.1507568359375,
        "y": 296.4018859863281,
        "z": 61.664119720458984
      },
      "entity_size": {
        "x": 0.699999988079071,
        "y": 0.699999988079071,
        "z": 0.699999988079071
      },
      "owner": "SDBP_Aich_Shenxin_C_2147312145",
      "grid_x": "-1,0,0,-1,-2,-2",
      "grid_y": "4,3,4,3,3,4",
      "grid_id": "36,14,24,26,38,46",
      "chain_item_id": null
    },
    {
      "id": "BP_Food_180_C_2147328720",
      "base_id": "BP_Food_180",
      "my_type": "snack",
      "location": {
        "x": 272.14111328125,
        "y": 228.926025390625,
        "z": 45.28243637084961
      },
      "rotation": {
        "w": 0.767845630645752,
        "x": -2.7319157425154117e-07,
        "y": -1.5592723912050133e-06,
        "z": 0.6406348943710327
      },
      "entity_min": {
        "x": 269.8058776855469,
        "y": 222.53399658203125,
        "z": 45.282432556152344
      },
      "entity_max": {
        "x": 274.476318359375,
        "y": 235.31800842285156,
        "z": 66.5648193359375
      },
      "entity_size": {
        "x": 0.6000000238418579,
        "y": 0.6000000238418579,
        "z": 0.6000000238418579
      },
      "owner": "SDBP_Aich_AIBabyV7_Shoes_C_2147312245",
      "grid_x": "2",
      "grid_y": "-2",
      "grid_id": "32",
      "chain_item_id": null
    },
    {
      "id": "BP_Book_10_C_2147328719",
      "base_id": "BP_Book_10",
      "my_type": "book",
      "location": {
        "x": 262.14141845703125,
        "y": 288.9259033203125,
        "z": 45.282440185546875
      },
      "rotation": {
        "w": 0.6731731295585632,
        "x": 0.673173189163208,
        "y": -0.21642065048217773,
        "z": -0.21642063558101654
      },
      "entity_min": {
        "x": 261.9371032714844,
        "y": 260.5494079589844,
        "z": 45.282440185546875
      },
      "entity_max": {
        "x": 262.14141845703125,
        "y": 288.9259033203125,
        "z": 50.15045928955078
      },
      "entity_size": {
        "x": 0.800000011920929,
        "y": 0.800000011920929,
        "z": 0.800000011920929
      },
      "owner": "SDBP_Aich_Shenxin_C_2147312145",
      "grid_x": "1,1,1",
      "grid_y": "4,2,3",
      "grid_id": "35,15,25",
      "chain_item_id": null
    },
    {
      "id": "BP_Drink_Orange_01_C_2147328718",
      "base_id": "BP_Drink_Orange_01",
      "my_type": "drink",
      "location": {
        "x": 272.14141845703125,
        "y": 198.9259033203125,
        "z": 45.28243637084961
      },
      "rotation": {
        "w": 0.31325989961624146,
        "x": 0.0,
        "y": -0.0,
        "z": 0.9496674537658691
      },
      "entity_min": {
        "x": 266.3413391113281,
        "y": 198.02877807617188,
        "z": 45.28243637084961
      },
      "entity_max": {
        "x": 277.9414978027344,
        "y": 199.82302856445312,
        "z": 70.76471710205078
      },
      "entity_size": {
        "x": 0.20000000298023224,
        "y": 0.20000000298023224,
        "z": 0.20000000298023224
      },
      "owner": "SDBP_Aich_AIBabyV7_Shoes_C_2147312245",
      "grid_x": "2",
      "grid_y": "-5",
      "grid_id": "50",
      "chain_item_id": null
    }
  ],
  "agents": [
    {
      "id": "SDBP_Aich_Shenxin_C_2147328914",
      "base_id": "SDBP_Aich_Shenxin",
      "type": "man",
      "location": {
        "x": 307.2628173828125,
        "y": 225.0486297607422,
        "z": 95.2815170288086
      },
      "rotation": {
        "x": 0.007388335186988115,
        "y": -0.0012046042829751968,
        "z": 0.986940324306488,
        "w": 0.16091209650039673
      },
      "entity_size": {
        "x": 1.0,
        "y": 1.0,
        "z": 1.0
      },
      "direction": "left",
      "status": "sitting",
      "chair_id": "BP_SofaStool_01_C_2147328926",
      "skeleton": {
        "spine_03": {
          "x": 342.64072,
          "y": 213.21301,
          "z": 94.46357
        },
        "lowerarm_r": {
          "x": 328.48074,
          "y": 193.62682,