{
  "scene_info": {
    "map_name": "SDBP_Map_006",
    "room_name": "livingRoom",
    "room_bound": {
      "x_min": -110.02999877929688,
      "y_min": 274.1050109863281,
      "z_min": 10.251999855041504,
      "x_max": 312.71099853515625,
      "y_max": 649.6790161132812,
      "z_max": 331.8479919433594
    },
    "table_id": "BP_CoffeeTable_Table_Coffee_C_1",
    "base_id": "BP_CoffeeTable_Table_Coffee",
    "position": {
      "x": 94.35726165771484,
      "y": 463.2768249511719,
      "z": 11.340825080871582
    },
    "rotation": {
      "x": 0.0,
      "y": -0.0,
      "z": 0.7071067690849304,
      "w": 0.7071067690849304
    },
    "aabb_bounds": {
      "min": {
        "x": 51.170780181884766,
        "y": 392.67767333984375,
        "z": 11.340825080871582
      },
      "max": {
        "x": 137.5437469482422,
        "y": 533.8759765625,
        "z": 43.09971237182617
      }
    }
  },
  "objects": [
    {
      "id": "BP_Toy_Plane_main_C_2147328006",
      "base_id": "BP_Toy_Plane_main",
      "my_type": "toy",
      "location": {
        "x": 114.24308013916016,
        "y": 443.36163330078125,
        "z": 43.49435043334961
      },
      "rotation": {
        "w": 0.08077540993690491,
        "x": 0.3607011139392853,
        "y": 0.06933216005563736,
        "z": -0.9265868067741394
      },
      "entity_min": {
        "x": 105.15512084960938,
        "y": 437.9504699707031,
        "z": 45.76888656616211
      },
      "entity_max": {
        "x": 116.74458312988281,
        "y": 453.7185363769531,
        "z": 47.76164627075195
      },
      "entity_size": {
        "x": 0.6000000238418579,
        "y": 0.6000000238418579,
        "z": 0.6000000238418579
      },
      "owner": "SDBP_Aich_Weiguo_C_2147471836",
      "grid_x": "2,1,1,2",
      "grid_y": "-2,-1,-2,-1",
      "grid_id": "36,10,20,22",
      "chain_item_id": null
    },
    {
      "id": "BP_Laptop_01_C_2147328005",
      "base_id": "BP_Laptop_01",
      "my_type": "computer",
      "location": {
        "x": 104.3571548461914,
        "y": 513.2769775390625,
        "z": 43.339599609375
      },
      "rotation": {
        "w": 0.8122169971466064,
        "x": -1.6775929907453246e-05,
        "y": -0.0006067982758395374,
        "z": -0.5833550691604614
      },
      "entity_min": {
        "x": 87.61622619628906,
        "y": 504.749755859375,
        "z": 43.0733757019043
      },
      "entity_max": {
        "x": 115.64474487304688,
        "y": 519.9656982421875,
        "z": 59.481529235839844
      },
      "entity_size": {
        "x": 0.699999988079071,
        "y": 0.699999988079071,
        "z": 0.699999988079071
      },
      "owner": "SDBP_Aich_Shenxin_C_2147471739",
      "grid_x": "1,0,2",
      "grid_y": "5,5,5",
      "grid_id": "55,40,70",
      "chain_item_id": null
    },
    {
      "id": "BP_Food_179_C_2147328003",
      "base_id": "BP_Food_179",
      "my_type": "snack",
      "location": {
        "x": 124.37806701660156,
        "y": 423.2748107910156,
        "z": 43.0952262878418
      },
      "rotation": {
        "w": 0.4669884443283081,
        "x": 0.00291584269143641,
        "y": -0.0028967796824872494,
        "z": -0.8842538595199585
      },
      "entity_min": {
        "x": 123.85357666015625,
        "y": 414.3050537109375,
        "z": 43.07644271850586
      },
      "entity_max": {
        "x": 124.74185180664062,
        "y": 432.2936096191406,
        "z": 63.549381256103516
      },
      "entity_size": {
        "x": 0.6000000238418579,
        "y": 0.6000000238418579,
        "z": 0.6000000238418579
      },
      "owner": "SDBP_Aich_Weiguo_C_2147471836",
      "grid_x": "3,3",
      "grid_y": "-4,-3",
      "grid_id": "78,66",
      "chain_item_id": null
    },
    {
      "id": "BP_Cola_02_C_2147328002",
      "base_id": "BP_Cola_02",
      "my_type": "drink",
      "location": {
        "x": 124.35725402832031,
        "y": 483.2768249511719,
        "z": 43.09971237182617
      },
      "rotation": {
        "w": 0.9999687075614929,
        "x": 0.0,
        "y": -0.0,
        "z": 0.007912129163742065
      },
      "entity_min": {
        "x": 120.56440734863281,
        "y": 479.4044494628906,
        "z": 43.09971237182617
      },
      "entity_max": {
        "x": 128.1501007080078,
        "y": 487.1492004394531,
        "z": 57.710723876953125
      },
      "entity_size": {
        "x": 0.20000000298023224,
        "y": 0.20000000298023224,
        "z": 0.20000000298023224
      },
      "owner": "SDBP_Aich_Shenxin_C_2147471739",
      "grid_x": "3",
      "grid_y": "2",
      "grid_id": "45",
      "chain_item_id": null
    },
    {
      "id": "BP_Fanta_02_C_2147328001",
      "base_id": "BP_Fanta_02",
      "my_type": "drink",
      "location": {
        "x": 104.35725402832031,
        "y": 403.2768249511719,
        "z": 43.09971237182617
      },
      "rotation": {
        "w": 0.9995443224906921,
        "x": 0.0,
        "y": -0.0,
        "z": 0.030184747651219368
      },
      "entity_min": {
        "x": 100.74064636230469,
        "y": 399.2393493652344,
        "z": 43.09971237182617
      },
      "entity_max": {
        "x": 107.97386169433594,
        "y": 407.3143005371094,
        "z": 57.710723876953125
      },
      "entity_size": {
        "x": 0.20000000298023224,
        "y": 0.20000000298023224,
        "z": 0.20000000298023224
      },
      "owner": "SDBP_Aich_Weiguo_C_2147471836",
      "grid_x": "1",
      "grid_y": "-6",
      "grid_id": "74",
      "chain_item_id": null
    }
  ],
  "agents": [
    {
      "id": "SDBP_Aich_Shenxin_C_2147328197",
      "base_id": "SDBP_Aich_Shenxin",
      "type": "man",
      "location": {
        "x": 181.22999572753906,
        "y": 425.4309997558594,
        "z": 96.40177917480469
      },
      "rotation": {
        "x": 0.0,
        "y": -0.0,
        "z": 0.913547933101654,
        "w": 0.40673109889030457
      },
      "entity_size": {
        "x": 1.0,
        "y": 1.0,
        "z": 1.0
      },
      "direction": "left",
      "status": "standing",
      "skeleton": {
        "spine_03": {
          "x": 178.8809,
          "y": 426.71072,
          "z": 128.46587
        },
        "lowerarm_r": {
          "x": 166.64113,
          "y": 406.4676,
          "z": 121.01275
        },
        "pelvis": {
          "x": 179.81178,
          "y": 426.20322,
          "z": 103.45105
        },
        "clavicle_l": {
          "x": 183.44843,
          "y": 428.91516,
          "z": 149.81032
        },
        "ball_r": {
          "x": 162.25417,
          "y": 419.4321,
          "z": 13.621312
        },
        "head": {
          "x": 178.05545,
          "y": 426.28818,
          "z": 162.08774
        },
        "pinky_01_r": {
          "x": 160.02768,
          "y": 407.1173,
          "z": 89.419495
        },
        "foot_r": {
          "x": 174.76183,
          "y": 413.52737,
          "z": 16.887465
        },
        "thumb_01_l": {
          "x": 196.64877,
          "y": 443.11087,
          "z": 97.67042
        },
        "hand_l": {
          "x": 199.30266,
          "y": 442.51212,
          "z": 98.77576
        },
        "calf_l": {
          "x": 187.51158,
          "y": 434.48077,
          "z": 59.946697
        },
        "neck_01": {
          "x": 179.55858,
          "y": 424.88586,
          "z": 154.8786
        },
        "thigh_l": {
          "x": 186.66484,
          "y": 431.5502,
          "z": 101.75398
        },
        "calf_r": {
          "x": 170.56718,
          "y": 419.39087,
          "z": 59.704956
        },
        "thumb_01_r": {
          "x": 160.6642,
          "y": 410.50293,
          "z": 96.76156
        },
        "pinky_01_l": {
          "x": 199.91586,
          "y": 444.08377,
          "z": 90.3116
        },
        "spine_02": {
          "x": 178.72894,
          "y": 427.28632,
          "z": 115.027504
        },