{
  "scene_info": {
    "map_name": "SDBP_Map_009",
    "room_name": "livingRoom",
    "room_bound": {
      "x_min": 64.81600189208984,
      "y_min": -705.3319702148438,
      "z_min": 0.0,
      "x_max": 575.0989990234375,
      "y_max": -195.36099243164062,
      "z_max": 294.9549865722656
    },
    "table_id": "BP_CoffeeTable_Emotion_002_C_1",
    "base_id": "BP_CoffeeTable_Emotion_002",
    "position": {
      "x": 310.81201171875,
      "y": -428.0719299316406,
      "z": 1.5948238372802734
    },
    "rotation": {
      "x": 0.0,
      "y": -0.0,
      "z": 0.7071067690849304,
      "w": 0.7071067690849304
    },
    "aabb_bounds": {
      "min": {
        "x": 274.6624755859375,
        "y": -496.570556640625,
        "z": 17.556011199951172
      },
      "max": {
        "x": 346.58819580078125,
        "y": -359.61114501953125,
        "z": 46.629241943359375
      }
    }
  },
  "objects": [
    {
      "id": "BP_SofaStool_01_C_2147339594",
      "base_id": "BP_SofaStool_01",
      "type": "sofastool",
      "location": {
        "x": 331.0457458496094,
        "y": -554.9861450195312,
        "z": 0.0
      },
      "rotation": {
        "w": 0.9968580603599548,
        "x": 0.0061849863268435,
        "y": 0.0004899376071989536,
        "z": 0.07896512746810913
      },
      "entity_min": {
        "x": 302.3064270019531,
        "y": -601.8933715820312,
        "z": -0.45455610752105713
      },
      "entity_max": {
        "x": 362.3509216308594,
        "y": -524.4287109375,
        "z": 110.62369537353516
      },
      "entity_size": {
        "x": 1.0,
        "y": 1.0,
        "z": 1.0
      },
      "direction": "right",
      "is_sittable": true,
      "movable": true,
      "matched": false,
      "owner": "room"
    },
    {
      "id": "BP_SofaStool_01_C_2147339590",
      "base_id": "BP_SofaStool_01",
      "type": "sofastool",
      "location": {
        "x": 346.0357360839844,
        "y": -321.7058410644531,
        "z": 0.0
      },
      "rotation": {
        "w": -0.159210205078125,
        "x": -0.00113300746306777,
        "y": -0.0070254686288535595,
        "z": -0.9872190952301025
      },
      "entity_min": {
        "x": 304.2476806640625,
        "y": -334.2509460449219,
        "z": -0.530785858631134
      },
      "entity_max": {
        "x": 393.12786865234375,
        "y": -293.2718811035156,
        "z": 110.66956329345703
      },
      "entity_size": {
        "x": 1.0,
        "y": 1.0,
        "z": 1.0
      },
      "direction": "back",
      "is_sittable": true,
      "movable": true,
      "matched": false,
      "owner": "room"
    },
    {
      "id": "BP_SofaStool_01_C_2147339586",
      "base_id": "BP_SofaStool_01",
      "type": "sofastool",
      "location": {
        "x": 217.36294555664062,
        "y": -464.12469482421875,
        "z": 0.0
      },
      "rotation": {
        "w": 0.8245776295661926,
        "x": 0.006564196199178696,
        "y": -0.004503297619521618,
        "z": -0.5656928420066833
      },
      "entity_min": {
        "x": 165.49497985839844,
        "y": -488.5080871582031,
        "z": -0.6013548374176025
      },
      "entity_max": {
        "x": 253.4149169921875,
        "y": -445.79998779296875,
        "z": 110.7116928100586
      },
      "entity_size": {
        "x": 1.0,
        "y": 1.0,
        "z": 1.0
      },
      "direction": "front",
      "is_sittable": true,
      "movable": true,
      "matched": false,
      "owner": "room"
    },
    {
      "id": "BP_Phone_04_C_2147339384",
      "base_id": "BP_Phone_04",
      "my_type": "phone",
      "location": {
        "x": 280.6641540527344,
        "y": -418.09393310546875,
        "z": 46.43749237060547
      },
      "rotation": {
        "w": 0.38986191153526306,
        "x": 0.02625460736453533,
        "y": -0.011119985021650791,
        "z": -0.9204317927360535
      },
      "entity_min": {
        "x": 278.3369445800781,
        "y": -424.9853210449219,
        "z": 46.568153381347656
      },
      "entity_max": {
        "x": 282.9526062011719,
        "y": -411.202880859375,
        "z": 46.9796257019043
      },
      "entity_size": {
        "x": 1.0,
        "y": 1.0,
        "z": 1.0
      },
      "owner": "SDBP_Aich_Liqiuyue_C_2147461444",
      "grid_x": "-3",
      "grid_y": "1",
      "grid_id": "32",
      "chain_item_id": null
    },
    {
      "id": "BP_Toy_Car_C_2147339383",
      "base_id": "BP_Toy_Car",
      "my_type": "boytoy",
      "location": {
        "x": 320.6253662109375,
        "y": -448.0908508300781,
        "z": 46.73078918457031
      },
      "rotation": {
        "w": 0.10094624757766724,
        "x": -5.0633345381356776e-05,
        "y": -3.176302925567143e-05,
        "z": 0.994891881942749
      },
      "entity_min": {
        "x": 313.8260192871094,
        "y": -455.46044921875,
        "z": 46.630332946777344
      },
      "entity_max": {
        "x": 327.1509704589844,
        "y": -441.0106201171875,
        "z": 55.21657180786133
      },
      "entity_size": {
        "x": 0.75,
        "y": 0.75,
        "z": 0.75
      },
      "owner": "SDBP_Aich_AIBaby_Tiantian_90_C_2147461346",
      "grid_x": "1",
      "grid_y": "-2",
      "grid_id": "20",
      "chain_item_id": null
    },
    {
      "id": "BP_Drink_Sprite_01_C_2147339382",
      "base_id": "BP_Drink_Sprite_01",
      "my_type": "drink",
      "location": {
        "x": 300.6253356933594,
        "y": -418.0908508300781,
        "z": 46.62924575805664
      },
      "rotation": {
        "w": 0.9660953283309937,
        "x": -0.0,
        "y": 0.0,
        "z": -0.2581856846809387
      },
      "entity_min": {
        "x": 295.00469970703125,
        "y": -419.6376953125,
        "z": 46.62924575805664
      },
      "entity_max": {
        "x": 306.2459716796875,
        "y": -416.54400634765625,
        "z": 77.54827880859375
      },
      "entity_size": {
        "x": 0.20000000298023224,
        "y": 0.20000000298023224,
        "z": 0.20000000298023224
      },
      "owner": "SDBP_Aich_Liqiuyue_C_2147461444",
      "grid_x": "-1",
      "grid_y": "1",
      "grid_id": "8",
      "chain_item_id": null
    },
    {
      "id": "BP_Cup_Kitchen_003_C_2147339381",
      "base_id": "BP_Cup_Kitchen_003",
      "my_type": "bigcup",
      "location": {
        "x": 330.58172607421875,
        "y": -468.1113586425781,
        "z": 46.638370513916016
      },
      "rotation": {
        "w": 0.8252701163291931,
        "x": 3.804502313187186e-08,
        "y": -1.1295598056904055e-07,
        "z": -0.5647382140159607
      },
      "entity_min": {
        "x": 321.70751953125,
        "y": -470.1454162597656,
        "z": 46.629241943359375
      },
      "entity_max": {
        "x": 339.68951416015625,
        "y": -466.03564453125,
        "z": 55.35109329223633
      },
      "entity_size": {
        "x": 1.2000000476837158,
        "y": 1.2000000476837158,
        "z": 1.2000000476837158
      },
      "owner": "SDBP_Aich_AIBaby_Tiantian_90_C_2147461346",
      "grid_x": "2,3",
      "grid_y": "-4,-4",
      "grid_id": "64,78",
      "chain_item_id": null
    },
    {
      "id": "BP_Toy_Dog_C_2147339376",
      "base_id": "BP_Toy_Dog",
      "my_type": "toy",
      "location": {
        "x": 330.6253356933594,
        "y": -418.0908508300781,
        "z": 46.688323974609375
      },
      "rotation": {
        "w": 0.7781010270118713,
        "x": 0.0,
        "y": -0.0,
        "z": 0.6281391382217407
      },
      "entity_min": {
        "x": 324.0770568847656,
        "y": -428.389404296875,
        "z": 46.629241943359375
      },
      "entity_max": {
        "x": 337.1597900390625,
        "y": -407.7999267578125,
        "z": 68.26361083984375
      },
      "entity_size": {
        "x": 0.6000000238418579,
        "y": 0.6000000238418579,
        "z": 0.6000000238418579
      },
      "owner": "SDBP_Aich_AIBaby_Tiantian_90_C_2147461346",
      "grid_x": "2,2,2",