{
  "scene_info": {
    "map_name": "SDBP_Map_237",
    "room_name": "livingRoom",
    "room_bound": {
      "x_min": -446.48199462890625,
      "y_min": -403.2829895019531,
      "z_min": 3.750999927520752,
      "x_max": -9.4350004196167,
      "y_max": 238.70799255371094,
      "z_max": 286.40301513671875
    },
    "table_id": "BP_DiningTable_Table_Dining_Set_C_0",
    "base_id": "BP_DiningTable_Table_Dining_Set",
    "position": {
      "x": -240.73817443847656,
      "y": -14.243790626525879,
      "z": 5.192863941192627
    },
    "rotation": {
      "x": 0.0,
      "y": -0.0,
      "z": 0.7071067690849304,
      "w": 0.7071067690849304
    },
    "aabb_bounds": {
      "min": {
        "x": -274.92510986328125,
        "y": -89.99461364746094,
        "z": 4.425734519958496
      },
      "max": {
        "x": -206.4938507080078,
        "y": 57.594078063964844,
        "z": 53.804229736328125
      }
    }
  },
  "objects": [
    {
      "id": "BP_SofaStool_01_C_2147345617",
      "base_id": "BP_SofaStool_01",
      "type": "sofastool",
      "location": {
        "x": -241.2744140625,
        "y": 110.71025085449219,
        "z": 3.750999927520752
      },
      "rotation": {
        "x": 1.2378905921650585e-05,
        "y": -0.005769223440438509,
        "z": -0.9999810457229614,
        "w": 0.0021457073744386435
      },
      "entity_min": {
        "x": -276.8910217285156,
        "y": 85.21326446533203,
        "z": 3.3328189849853516
      },
      "entity_max": {
        "x": -205.68814086914062,
        "y": 152.66123962402344,
        "z": 114.35267639160156
      },
      "entity_size": {
        "x": 1.0,
        "y": 1.0,
        "z": 1.0
      },
      "direction": "front",
      "is_sittable": true,
      "movable": true,
      "matched": "SDBP_Aich_Nainai_C_2147410344",
      "is_sit": true,
      "owner": "room"
    },
    {
      "id": "BP_Plate_C_2147345416",
      "base_id": "BP_Plate",
      "my_type": "plate",
      "location": {
        "x": -230.71131896972656,
        "y": 43.80258560180664,
        "z": 53.774688720703125
      },
      "rotation": {
        "w": 0.958853006362915,
        "x": -0.0007308569620363414,
        "y": -0.0012418546248227358,
        "z": -0.28389936685562134
      },
      "entity_min": {
        "x": -246.86805725097656,
        "y": 40.377838134765625,
        "z": 53.75012969970703
      },
      "entity_max": {
        "x": -214.504638671875,
        "y": 47.27066421508789,
        "z": 55.99808120727539
      },
      "entity_size": {
        "x": 0.6499999761581421,
        "y": 0.6499999761581421,
        "z": 0.6499999761581421
      },
      "owner": "SDBP_Aich_Nainai_C_2147410344",
      "grid_x": "1,0,2",
      "grid_y": "6,6,6",
      "grid_id": "54,44,62",
      "chain_item_id": "BP_Fruit_Lime_01_C_2147410136"
    },
    {
      "id": "BP_Plate_01_C_2147345415",
      "base_id": "BP_Plate_01",
      "my_type": "plate",
      "location": {
        "x": -230.7093048095703,
        "y": -66.20011901855469,
        "z": 52.820735931396484
      },
      "rotation": {
        "w": 0.8790469169616699,
        "x": -3.9141727370406443e-07,
        "y": 3.921924758287787e-07,
        "z": -0.47673526406288147
      },
      "entity_min": {
        "x": -246.86468505859375,
        "y": -69.61802673339844,
        "z": 52.82075119018555
      },
      "entity_max": {
        "x": -214.48863220214844,
        "y": -62.768882751464844,
        "z": 55.01953887939453
      },
      "entity_size": {
        "x": 0.6499999761581421,
        "y": 0.6499999761581421,
        "z": 0.6499999761581421
      },
      "owner": "SDBP_Aich_AIBabyV7_Shoes_C_2147410247",
      "grid_x": "1,0,2",
      "grid_y": "-5,-5,-5",
      "grid_id": "50,39,60",
      "chain_item_id": "BP_Banana_03_C_2147410130"
    },
    {
      "id": "BP_Decor_Eyeglasses01Frame01_C_2147345414",
      "base_id": "BP_Decor_Eyeglasses01Frame01",
      "my_type": "glasses",
      "location": {
        "x": -250.70729064941406,
        "y": 23.82080841064453,
        "z": 53.84467315673828
      },
      "rotation": {
        "w": 0.09418755024671555,
        "x": 0.001443589455448091,
        "y": 0.02757325768470764,
        "z": 0.9951714873313904
      },
      "entity_min": {
        "x": -255.7777557373047,
        "y": 24.50474739074707,
        "z": 53.26695251464844
      },
      "entity_max": {
        "x": -244.12925720214844,
        "y": 31.955196380615234,
        "z": 56.5333137512207
      },
      "entity_size": {
        "x": 0.6499999761581421,
        "y": 0.6499999761581421,
        "z": 0.6499999761581421
      },
      "owner": "SDBP_Aich_Nainai_C_2147410344",
      "grid_x": "-1",
      "grid_y": "4",
      "grid_id": "36",
      "chain_item_id": null
    },
    {
      "id": "BP_Toy_HTL_C_2147345413",
      "base_id": "BP_Toy_HTL",
      "my_type": "toy",
      "location": {
        "x": -220.664794921875,
        "y": -16.1936092376709,
        "z": 53.66678237915039
      },
      "rotation": {
        "w": 0.49298352003097534,
        "x": -0.005374831147491932,
        "y": -0.000592544034589082,
        "z": -0.8700218200683594
      },
      "entity_min": {
        "x": -222.89071655273438,
        "y": -23.601261138916016,
        "z": 53.43858337402344
      },
      "entity_max": {
        "x": -218.2974853515625,
        "y": -8.638158798217773,
        "z": 69.09565734863281
      },
      "entity_size": {
        "x": 0.6000000238418579,
        "y": 0.6000000238418579,
        "z": 0.6000000238418579
      },
      "owner": "SDBP_Aich_AIBabyV7_Shoes_C_2147410247",
      "grid_x": "2",
      "grid_y": "0",
      "grid_id": "12",
      "chain_item_id": null
    },
    {
      "id": "BP_Fruit_Lime_01_C_2147345412",
      "base_id": "BP_Fruit_Lime_01",
      "my_type": "platefood",
      "location": {
        "x": -230.7382049560547,
        "y": 43.8371467590332,
        "z": 59.44218444824219
      },
      "rotation": {
        "w": 0.9968276619911194,
        "x": -0.0011582793667912483,
        "y": -0.0009140184847638011,
        "z": 0.07957687228918076
      },
      "entity_min": {
        "x": -234.43902587890625,
        "y": 39.55140686035156,
        "z": 55.97513198852539
      },
      "entity_max": {
        "x": -227.00344848632812,
        "y": 48.13054275512695,
        "z": 62.90928649902344
      },
      "entity_size": {
        "x": 1.0,
        "y": 1.0,
        "z": 1.0
      },
      "owner": "SDBP_Aich_Nainai_C_2147410344",
      "grid_x": "1,0,2",
      "grid_y": "6,6,6",
      "grid_id": "54,44,62",
      "chain_item_id": "BP_Plate_C_2147410137"
    },
    {
      "id": "BP_Banana_03_C_2147345411",
      "base_id": "BP_Banana_03",
      "my_type": "platefood",
      "location": {
        "x": -230.72666931152344,
        "y": -66.19834899902344,
        "z": 55.51981735229492
      },
      "rotation": {
        "w": 0.9949235916137695,
        "x": 1.9450608306215145e-06,
        "y": 3.464786686890875e-06,
        "z": 0.1006331741809845
      },
      "entity_min": {
        "x": -233.18975830078125,
        "y": -75.97358703613281,
        "z": 55.01957321166992
      },
      "entity_max": {
        "x": -225.52664184570312,
        "y": -63.496315002441406,
        "z": 64.00984954833984
      },
      "entity_size": {
        "x": 0.6000000238418579,
        "y": 0.6000000238418579,
        "z": 0.6000000238418579
      },
      "owner": "SDBP_Aich_AIBabyV7_Shoes_C_2147410247",
      "grid_x": "1,0,2",
      "grid_y": "-5,-5,-5",
      "grid_id": "50,39,60",
      "chain_item_id": "BP_Plate_01_C_2147410131"
    },
    {
      "id": "BP_Book_04_C_2147345410",
      "base_id": "BP_Book_04",
      "my_type": "book",
      "location": {
        "x": -230.70947265625,
        "y": -26.200267791748047,
        "z": 52.90073776245117
      },
      "rotation": {
        "w": 0.6390549540519714,
        "x": 0.6390548944473267,
        "y": -0.3026694357395172,