{
  "scene_info": {
    "map_name": "SDBP_Map_006",
    "room_name": "livingRoom",
    "room_bound": {
      "x_min": -110.02999877929688,
      "y_min": 274.1050109863281,
      "z_min": 10.251999855041504,
      "x_max": 312.71099853515625,
      "y_max": 649.6790161132812,
      "z_max": 331.8479919433594
    },
    "table_id": "BP_CoffeeTable_Table_Coffee_C_1",
    "base_id": "BP_CoffeeTable_Table_Coffee",
    "position": {
      "x": 94.35726165771484,
      "y": 463.2768249511719,
      "z": 11.340825080871582
    },
    "rotation": {
      "x": 0.0,
      "y": -0.0,
      "z": 0.7071067690849304,
      "w": 0.7071067690849304
    },
    "aabb_bounds": {
      "min": {
        "x": 51.170780181884766,
        "y": 392.67767333984375,
        "z": 11.340825080871582
      },
      "max": {
        "x": 137.5437469482422,
        "y": 533.8759765625,
        "z": 43.09971237182617
      }
    }
  },
  "objects": [
    {
      "id": "BP_Doll_ncteague_C_2147343274",
      "base_id": "BP_Doll_ncteague",
      "my_type": "doll",
      "location": {
        "x": 114.34637451171875,
        "y": 413.28143310546875,
        "z": 43.117431640625
      },
      "rotation": {
        "w": 0.7689287066459656,
        "x": -0.003831955837085843,
        "y": 0.0003206236578989774,
        "z": -0.6393229961395264
      },
      "entity_min": {
        "x": 105.75335693359375,
        "y": 408.9569091796875,
        "z": 43.13507843017578
      },
      "entity_max": {
        "x": 123.26937866210938,
        "y": 417.37261962890625,
        "z": 65.5246810913086
      },
      "entity_size": {
        "x": 1.100000023841858,
        "y": 1.100000023841858,
        "z": 1.100000023841858
      },
      "owner": "SDBP_Aich_AIBabyV7_Shoes_C_2147371101",
      "grid_x": "2",
      "grid_y": "-5",
      "grid_id": "76",
      "chain_item_id": null
    },
    {
      "id": "BP_WallMirror_05_C_2147343273",
      "base_id": "BP_WallMirror_05",
      "my_type": "mirror",
      "location": {
        "x": 74.35726165771484,
        "y": 503.2768249511719,
        "z": 44.09971237182617
      },
      "rotation": {
        "w": 0.47704192996025085,
        "x": 0.1975972056388855,
        "y": 0.32772234082221985,
        "z": 0.7911917567253113
      },
      "entity_min": {
        "x": 80.8165054321289,
        "y": 492.66796875,
        "z": 43.29680633544922
      },
      "entity_max": {
        "x": 83.3661117553711,
        "y": 522.0496826171875,
        "z": 62.39208221435547
      },
      "entity_size": {
        "x": 0.30000001192092896,
        "y": 0.30000001192092896,
        "z": 0.30000001192092896
      },
      "owner": "SDBP_Aich_Liqiuyue_C_2147371000",
      "grid_x": "-2,-1,-1,-1",
      "grid_y": "4,3,4,5",
      "grid_id": "58,28,42,56",
      "chain_item_id": null
    },
    {
      "id": "BP_Book_25_C_2147343272",
      "base_id": "BP_Book_25",
      "my_type": "book",
      "location": {
        "x": 114.35674285888672,
        "y": 443.27685546875,
        "z": 43.15048599243164
      },
      "rotation": {
        "w": 0.631576657295227,
        "x": 0.6294178366661072,
        "y": 0.3182297646999359,
        "z": 0.3219843804836273
      },
      "entity_min": {
        "x": 114.22929382324219,
        "y": 441.5491027832031,
        "z": 43.069705963134766
      },
      "entity_max": {
        "x": 131.67294311523438,
        "y": 443.2712707519531,
        "z": 45.35699462890625
      },
      "entity_size": {
        "x": 0.800000011920929,
        "y": 0.800000011920929,
        "z": 0.800000011920929
      },
      "owner": "SDBP_Aich_AIBabyV7_Shoes_C_2147371101",
      "grid_x": "2,3",
      "grid_y": "-2,-2",
      "grid_id": "36,52",
      "chain_item_id": null
    },
    {
      "id": "BP_Fanta_01_C_2147343271",
      "base_id": "BP_Fanta_01",
      "my_type": "drink",
      "location": {
        "x": 64.35726165771484,
        "y": 453.2768249511719,
        "z": 43.09971237182617
      },
      "rotation": {
        "w": 0.3794001340866089,
        "x": -0.0,
        "y": 0.0,
        "z": -0.9252327084541321
      },
      "entity_min": {
        "x": 64.336181640625,
        "y": 447.7453308105469,
        "z": 43.09971237182617
      },
      "entity_max": {
        "x": 64.37834167480469,
        "y": 458.8083190917969,
        "z": 73.77528381347656
      },
      "entity_size": {
        "x": 0.20000000298023224,
        "y": 0.20000000298023224,
        "z": 0.20000000298023224
      },
      "owner": "SDBP_Aich_Liqiuyue_C_2147371000",
      "grid_x": "-3",
      "grid_y": "-1",
      "grid_id": "39",
      "chain_item_id": null
    },
    {
      "id": "BP_Cup_Coffee_01_C_2147343270",
      "base_id": "BP_Cup_Coffee_01",
      "my_type": "pinkcup",
      "location": {
        "x": 94.3574447631836,
        "y": 423.2773742675781,
        "z": 43.426578521728516
      },
      "rotation": {
        "w": 0.1748722940683365,
        "x": 1.7377522453898564e-05,
        "y": -8.033320045797154e-05,
        "z": -0.9845911264419556
      },
      "entity_min": {
        "x": 93.01578521728516,
        "y": 413.0484619140625,
        "z": 43.098819732666016
      },
      "entity_max": {
        "x": 97.20037841796875,
        "y": 429.4133605957031,
        "z": 54.673824310302734
      },
      "entity_size": {
        "x": 1.2000000476837158,
        "y": 1.2000000476837158,
        "z": 1.2000000476837158
      },
      "owner": "SDBP_Aich_AIBabyV7_Shoes_C_2147371101",
      "grid_x": "0,0",
      "grid_y": "-4,-5",
      "grid_id": "33,47",
      "chain_item_id": null
    }
  ],
  "agents": [
    {
      "id": "SDBP_Aich_Liqiuyue_C_2147343466",
      "base_id": "SDBP_Aich_Liqiuyue",
      "type": "woman",
      "location": {
        "x": 113.50599670410156,
        "y": 371.08099365234375,
        "z": 92.40216827392578
      },
      "rotation": {
        "x": 0.0,
        "y": -0.0,
        "z": 0.6691880226135254,
        "w": 0.7430931329727173
      },
      "entity_size": {
        "x": 1.0,
        "y": 1.0,
        "z": 1.0
      },
      "direction": "back",
      "status": "standing",
      "skeleton": {
        "spine_03": {
          "x": 113.10086,
          "y": 375.07382,
          "z": 120.83653
        },
        "clavicle_l": {
          "x": 117.39776,
          "y": 372.93124,
          "z": 140.20892
        },
        "pelvis": {
          "x": 113.21741,
          "y": 373.25418,
          "z": 97.05659
        },
        "lowerarm_r": {
          "x": 91.06354,
          "y": 370.9551,
          "z": 111.963234
        },
        "ball_r": {
          "x": 97.04105,
          "y": 380.87512,
          "z": 13.653912
        },
        "head": {
          "x": 112.342,
          "y": 375.5528,
          "z": 152.57845
        },
        "pinky_01_r": {
          "x": 87.286514,
          "y": 376.47064,
          "z": 82.888725
        },
        "thumb_01_l": {
          "x": 135.90671,
          "y": 373.23755,
          "z": 90.19669
        },
        "foot_r": {
          "x": 100.84702,
          "y": 368.3016,
          "z": 17.326588
        },
        "hand_l": {
          "x": 137.20715,
          "y": 371.24887,
          "z": 91.27038
        },
        "calf_l": {
          "x": 124.3452,
          "y": 372.70752,
          "z": 56.281612
        },
        "thigh_l": {
          "x": 121.37198,
          "y": 371.1347,
          "z": 94.97893
        },
        "calf_r": {
          "x": 102.01074,
          "y": 375.2471,
          "z": 56.045776
        },
        "neck_01": {
          "x": 112.224205,
          "y": 372.9313,
          "z": 145.69112
        },
        "thumb_01_r": {
          "x": 90.19873,
          "y": 377.833,
          "z": 89.41085
        },
        "pinky_01_l": {
          "x": 138.812,
          "y": 371.84558,
          "z": 83.67773
        },
        "spine_02": {
          "x": 113.30694,
          "y": 374.73758,