{
  "scene_info": {
    "map_name": "SDBP_Map_006",
    "room_name": "kitchen",
    "room_bound": {
      "x_min": -295.43499755859375,
      "y_min": -219.1230010986328,
      "z_min": 10.253000259399414,
      "x_max": 180.5,
      "y_max": 164.41299438476562,
      "z_max": 331.8479919433594
    },
    "table_id": "BP_DiningTable_0_C_0",
    "base_id": "BP_DiningTable_0",
    "position": {
      "x": 32.17375946044922,
      "y": 9.474374771118164,
      "z": 7.572394371032715
    },
    "rotation": {
      "x": 0.0,
      "y": -0.0,
      "z": 0.7071067690849304,
      "w": 0.7071067690849304
    },
    "aabb_bounds": {
      "min": {
        "x": -5.2711029052734375,
        "y": -79.1242904663086,
        "z": 6.632086753845215
      },
      "max": {
        "x": 69.62435913085938,
        "y": 98.07304382324219,
        "z": 83.90290069580078
      }
    }
  },
  "objects": [
    {
      "id": "BP_Toy_Dog_C_2147341039",
      "base_id": "BP_Toy_Dog",
      "my_type": "toy",
      "location": {
        "x": 32.02183151245117,
        "y": 79.47626495361328,
        "z": 83.63268280029297
      },
      "rotation": {
        "w": 0.26784271001815796,
        "x": -0.013530801981687546,
        "y": -0.00376280234195292,
        "z": 0.9633603096008301
      },
      "entity_min": {
        "x": 19.56329345703125,
        "y": 76.61459350585938,
        "z": 83.90672302246094
      },
      "entity_max": {
        "x": 43.8787841796875,
        "y": 82.32234191894531,
        "z": 104.86643981933594
      },
      "entity_size": {
        "x": 0.6000000238418579,
        "y": 0.6000000238418579,
        "z": 0.6000000238418579
      },
      "owner": "SDBP_Aich_AIBabyV7_Shoes_C_2147461252",
      "grid_x": "0,1,-1",
      "grid_y": "7,7,7",
      "grid_id": "68,83,84",
      "chain_item_id": null
    },
    {
      "id": "BP_Radio_Dock_C_2147341038",
      "base_id": "BP_Radio_Dock",
      "my_type": "radio",
      "location": {
        "x": 12.11341381072998,
        "y": 59.47431945800781,
        "z": 82.94407653808594
      },
      "rotation": {
        "w": 0.8220149874687195,
        "x": -0.007962591014802456,
        "y": -0.011496576480567455,
        "z": 0.5692941546440125
      },
      "entity_min": {
        "x": 10.312701225280762,
        "y": 50.090667724609375,
        "z": 83.05728149414062
      },
      "entity_max": {
        "x": 13.569162368774414,
        "y": 68.86539459228516,
        "z": 94.45557403564453
      },
      "entity_size": {
        "x": 0.6000000238418579,
        "y": 0.6000000238418579,
        "z": 0.6000000238418579
      },
      "owner": "SDBP_Aich_Nainai_C_2147461152",
      "grid_x": "-2,-2,-2",
      "grid_y": "5,4,6",
      "grid_id": "72,58,86",
      "chain_item_id": null
    },
    {
      "id": "BP_Flex_Cup_Kitchen_C_2147341030",
      "base_id": "BP_Flex_Cup_Kitchen",
      "my_type": "pinkcup",
      "location": {
        "x": 52.22919464111328,
        "y": 79.42987060546875,
        "z": 83.64908599853516
      },
      "rotation": {
        "w": 0.952530562877655,
        "x": 0.004763056989759207,
        "y": 0.014863972552120686,
        "z": 0.3040425479412079
      },
      "entity_min": {
        "x": 52.24324035644531,
        "y": 70.31754302978516,
        "z": 83.63463592529297
      },
      "entity_max": {
        "x": 52.3892822265625,
        "y": 88.75817108154297,
        "z": 92.3659439086914
      },
      "entity_size": {
        "x": 1.2000000476837158,
        "y": 1.2000000476837158,
        "z": 1.2000000476837158
      },
      "owner": "SDBP_Aich_AIBabyV7_Shoes_C_2147461252",
      "grid_x": "2,2,2",
      "grid_y": "7,6,8",
      "grid_id": "98,85,108",
      "chain_item_id": null
    },
    {
      "id": "BP_Book_42_C_2147341029",
      "base_id": "BP_Book_42",
      "my_type": "book",
      "location": {
        "x": 2.1609630584716797,
        "y": 39.4778938293457,
        "z": 82.82035827636719
      },
      "rotation": {
        "w": 0.7052822113037109,
        "x": 0.705858051776886,
        "y": -0.05540751293301582,
        "z": -0.035656534135341644
      },
      "entity_min": {
        "x": 2.087385416030884,
        "y": 20.877153396606445,
        "z": 82.71815490722656
      },
      "entity_max": {
        "x": 10.631902694702148,
        "y": 39.588531494140625,
        "z": 85.17615509033203
      },
      "entity_size": {
        "x": 0.800000011920929,
        "y": 0.800000011920929,
        "z": 0.800000011920929
      },
      "owner": "SDBP_Aich_Nainai_C_2147461152",
      "grid_x": "-3,-3",
      "grid_y": "3,2",
      "grid_id": "60,46",
      "chain_item_id": null
    },
    {
      "id": "BP_Toy_Pig_C_2147341028",
      "base_id": "BP_Toy_Pig",
      "my_type": "doll",
      "location": {
        "x": 32.213111877441406,
        "y": 59.45525360107422,
        "z": 83.9249496459961
      },
      "rotation": {
        "w": 0.15571041405200958,
        "x": 0.01398985181003809,
        "y": -0.0022433290723711252,
        "z": -0.9877011179924011
      },
      "entity_min": {
        "x": 27.478900909423828,
        "y": 53.470497131347656,
        "z": 83.69397735595703
      },
      "entity_max": {
        "x": 36.26267623901367,
        "y": 64.74957275390625,
        "z": 99.48052215576172
      },
      "entity_size": {
        "x": 0.6000000238418579,
        "y": 0.6000000238418579,
        "z": 0.6000000238418579
      },
      "owner": "SDBP_Aich_AIBabyV7_Shoes_C_2147461252",
      "grid_x": "0",
      "grid_y": "5",
      "grid_id": "40",
      "chain_item_id": null
    }
  ],
  "agents": [
    {
      "id": "SDBP_Aich_Nainai_C_2147341230",
      "base_id": "SDBP_Aich_Nainai",
      "type": "grandma",
      "location": {
        "x": 17.584150314331055,
        "y": 127.87000274658203,
        "z": 94.40269470214844
      },
      "rotation": {
        "x": -0.0,
        "y": 0.0,
        "z": -0.608764111995697,
        "w": 0.7933512926101685
      },
      "entity_size": {
        "x": 1.0,
        "y": 1.0,
        "z": 1.0
      },
      "direction": "front",
      "status": "standing",
      "skeleton": {
        "spine_03": {
          "x": 19.657251,
          "y": 124.66617,
          "z": 122.863
        },
        "lowerarm_r": {
          "x": 37.628754,
          "y": 136.09247,
          "z": 113.592766
        },
        "pelvis": {
          "x": 19.11429,
          "y": 125.76231,
          "z": 99.700516
        },
        "clavicle_l": {
          "x": 15.08629,
          "y": 125.256325,
          "z": 142.65076
        },
        "ball_r": {
          "x": 35.807327,
          "y": 125.79261,
          "z": 11.895442
        },
        "head": {
          "x": 20.283527,
          "y": 125.00179,
          "z": 153.70424
        },
        "pinky_01_r": {
          "x": 43.24053,
          "y": 131.98085,
          "z": 84.27951
        },
        "foot_r": {
          "x": 28.396088,
          "y": 135.29463,
          "z": 15.477325
        },
        "thumb_01_l": {
          "x": -1.233874,
          "y": 118.264496,
          "z": 91.142235
        },
        "hand_l": {
          "x": -3.106335,
          "y": 119.75763,
          "z": 92.436646
        },
        "calf_l": {
          "x": 8.486503,
          "y": 122.90108,
          "z": 57.59541
        },
        "neck_01": {
          "x": 19.636112,
          "y": 126.98631,
          "z": 147.70978
        },
        "thigh_l": {
          "x": 10.744448,
          "y": 125.12606,
          "z": 98.30109
        },
        "calf_r": {
          "x": 29.64024,
          "y": 128.49017,
          "z": 57.36569
        },