{
  "scene_info": {
    "map_name": "SDBP_Map_009",
    "room_name": "livingRoom",
    "room_bound": {
      "x_min": 64.81600189208984,
      "y_min": -705.3319702148438,
      "z_min": 0.0,
      "x_max": 575.0989990234375,
      "y_max": -195.36099243164062,
      "z_max": 294.9549865722656
    },
    "table_id": "BP_CoffeeTable_Emotion_002_C_1",
    "base_id": "BP_CoffeeTable_Emotion_002",
    "position": {
      "x": 310.81201171875,
      "y": -428.0719299316406,
      "z": 1.5948238372802734
    },
    "rotation": {
      "x": 0.0,
      "y": -0.0,
      "z": 0.7071067690849304,
      "w": 0.7071067690849304
    },
    "aabb_bounds": {
      "min": {
        "x": 274.6624755859375,
        "y": -496.570556640625,
        "z": 17.556011199951172
      },
      "max": {
        "x": 346.58819580078125,
        "y": -359.61114501953125,
        "z": 46.629241943359375
      }
    }
  },
  "objects": [
    {
      "id": "BP_SofaStool_01_C_2147342767",
      "base_id": "BP_SofaStool_01",
      "type": "sofastool",
      "location": {
        "x": 323.8413391113281,
        "y": -536.587646484375,
        "z": 0.0
      },
      "rotation": {
        "x": 0.007282350677996874,
        "y": 0.00043562627979554236,
        "z": 0.059711094945669174,
        "w": 0.9981890320777893
      },
      "entity_min": {
        "x": 293.3130798339844,
        "y": -582.3497314453125,
        "z": -0.5457598567008972
      },
      "entity_max": {
        "x": 356.33123779296875,
        "y": -507.50079345703125,
        "z": 110.67852783203125
      },
      "entity_size": {
        "x": 1.0,
        "y": 1.0,
        "z": 1.0
      },
      "direction": "right",
      "is_sittable": true,
      "movable": true,
      "matched": "SDBP_Aich_Yeye_C_2147363666",
      "is_sit": true,
      "owner": "room"
    },
    {
      "id": "BP_SofaStool_01_C_2147342763",
      "base_id": "BP_SofaStool_01",
      "type": "sofastool",
      "location": {
        "x": 215.97537231445312,
        "y": -385.3880920410156,
        "z": 0.0
      },
      "rotation": {
        "w": 0.542928159236908,
        "x": 0.004162633791565895,
        "y": -0.00643832515925169,
        "z": -0.8397441506385803
      },
      "entity_min": {
        "x": 192.54098510742188,
        "y": -428.1955871582031,
        "z": -0.5768081545829773
      },
      "entity_max": {
        "x": 224.04075622558594,
        "y": -335.6192321777344,
        "z": 110.69707489013672
      },
      "entity_size": {
        "x": 1.0,
        "y": 1.0,
        "z": 1.0
      },
      "direction": "back",
      "is_sittable": true,
      "movable": true,
      "matched": false,
      "owner": "room"
    },
    {
      "id": "BP_SofaStool_01_C_2147342759",
      "base_id": "BP_SofaStool_01",
      "type": "sofastool",
      "location": {
        "x": 225.42498779296875,
        "y": -462.732421875,
        "z": 0.0
      },
      "rotation": {
        "x": 0.007176852319389582,
        "y": -0.004832348320633173,
        "z": -0.5584965944290161,
        "w": 0.8294616937637329
      },
      "entity_min": {
        "x": 173.24693298339844,
        "y": -486.5426330566406,
        "z": -0.6591742634773254
      },
      "entity_max": {
        "x": 261.7536926269531,
        "y": -445.3123779296875,
        "z": 110.7459716796875
      },
      "entity_size": {
        "x": 1.0,
        "y": 1.0,
        "z": 1.0
      },
      "direction": "front",
      "is_sittable": true,
      "movable": true,
      "matched": "SDBP_Aich_AIBabyV7_Shoes_C_2147363568",
      "is_sit": true,
      "owner": "room"
    },
    {
      "id": "BP_Plate_01_C_2147342557",
      "base_id": "BP_Plate_01",
      "my_type": "plate",
      "location": {
        "x": 290.6129150390625,
        "y": -418.1010437011719,
        "z": 46.62930679321289
      },
      "rotation": {
        "w": 0.5097159147262573,
        "x": 0.0017784499796107411,
        "y": -0.001739076105877757,
        "z": -0.8603391647338867
      },
      "entity_min": {
        "x": 285.9928894042969,
        "y": -434.0086975097656,
        "z": 46.6292724609375
      },
      "entity_max": {
        "x": 295.2753601074219,
        "y": -402.2446594238281,
        "z": 48.82815933227539
      },
      "entity_size": {
        "x": 0.6499999761581421,
        "y": 0.6499999761581421,
        "z": 0.6499999761581421
      },
      "owner": "SDBP_Aich_AIBabyV7_Shoes_C_2147363568",
      "grid_x": "-2,-2,-2",
      "grid_y": "1,0,2",
      "grid_id": "18,13,30",
      "chain_item_id": "BP_Fruit_Lime_01_C_2147363456"
    },
    {
      "id": "BP_Decor_Eyeglasses01Frame01_C_2147342556",
      "base_id": "BP_Decor_Eyeglasses01Frame01",
      "my_type": "glasses",
      "location": {
        "x": 330.6278991699219,
        "y": -478.0429992675781,
        "z": 46.697505950927734
      },
      "rotation": {
        "w": 0.9734995365142822,
        "x": 0.0319158211350441,
        "y": -0.003933276981115341,
        "z": -0.22641678154468536
      },
      "entity_min": {
        "x": 322.13153076171875,
        "y": -484.1507873535156,
        "z": 46.080936431884766
      },
      "entity_max": {
        "x": 335.3271179199219,
        "y": -480.05938720703125,
        "z": 49.397926330566406
      },
      "entity_size": {
        "x": 0.6499999761581421,
        "y": 0.6499999761581421,
        "z": 0.6499999761581421
      },
      "owner": "SDBP_Aich_Yeye_C_2147363666",
      "grid_x": "2",
      "grid_y": "-5",
      "grid_id": "76",
      "chain_item_id": null
    },
    {
      "id": "BP_Cap_01_C_2147342555",
      "base_id": "BP_Cap_01",
      "my_type": "cap",
      "location": {
        "x": 300.5230712890625,
        "y": -448.0286865234375,
        "z": 46.819461822509766
      },
      "rotation": {
        "w": 0.4207196533679962,
        "x": -0.00014195110998116434,
        "y": -0.00019222541595809162,
        "z": 0.9071906805038452
      },
      "entity_min": {
        "x": 285.8533020019531,
        "y": -449.45074462890625,
        "z": 46.63185501098633
      },
      "entity_max": {
        "x": 314.81256103515625,
        "y": -446.3150939941406,
        "z": 55.75428009033203
      },
      "entity_size": {
        "x": 1.0,
        "y": 1.0,
        "z": 1.0
      },
      "owner": "SDBP_Aich_AIBabyV7_Shoes_C_2147363568",
      "grid_x": "-1,0,-2",
      "grid_y": "-2,-2,-2",
      "grid_id": "21,9,37",
      "chain_item_id": null
    },
    {
      "id": "BP_Book_15_C_2147342554",
      "base_id": "BP_Book_15",
      "my_type": "book",
      "location": {
        "x": 280.62445068359375,
        "y": -488.0908508300781,
        "z": 46.70103454589844
      },
      "rotation": {
        "w": 0.3509773910045624,
        "x": 0.34672603011131287,
        "y": 0.6138761639595032,
        "z": 0.6162402033805847
      },
      "entity_min": {
        "x": 280.58038330078125,
        "y": -488.21087646484375,
        "z": 46.60073471069336
      },
      "entity_max": {
        "x": 288.04254150390625,
        "y": -469.1194152832031,
        "z": 47.80098342895508
      },
      "entity_size": {
        "x": 0.800000011920929,
        "y": 0.800000011920929,
        "z": 0.800000011920929
      },
      "owner": "SDBP_Aich_Yeye_C_2147363666",
      "grid_x": "-3,-3",
      "grid_y": "-6,-5",
      "grid_id": "91,87",
      "chain_item_id": null
    },
    {
      "id": "BP_Fruit_Lime_01_C_2147342553",
      "base_id": "BP_Fruit_Lime_01",
      "my_type": "platefood",
      "location": {
        "x": 290.63165283203125,
        "y": -418.11676025390625,
        "z": 52.296958923339844
      },
      "rotation": {
        "w": 0.87434321641922,
        "x": 4.481005817069672e-06,
        "y": -1.3569140833169513e-07,
        "z": -0.48530811071395874
      },
      "entity_min": {
        "x": 285.250732421875,
        "y": -419.9046936035156,
        "z": 48.82806396484375
      },
      "entity_max": {
        "x": 296.0328063964844,