{
  "scene_info": {
    "map_name": "SDBP_Map_229",
    "room_name": "livingRoom",
    "room_bound": {
      "x_min": -446.48199462890625,
      "y_min": -403.2829895019531,
      "z_min": 3.750999927520752,
      "x_max": -9.4350004196167,
      "y_max": 238.70799255371094,
      "z_max": 286.40301513671875
    },
    "table_id": "BP_DiningTable_Table_Dining_Set_C_0",
    "base_id": "BP_DiningTable_Table_Dining_Set",
    "position": {
      "x": -240.73817443847656,
      "y": -14.243790626525879,
      "z": 5.192863941192627
    },
    "rotation": {
      "x": 0.0,
      "y": -0.0,
      "z": 0.7071067690849304,
      "w": 0.7071067690849304
    },
    "aabb_bounds": {
      "min": {
        "x": -274.92510986328125,
        "y": -89.99461364746094,
        "z": 4.425734519958496
      },
      "max": {
        "x": -206.4938507080078,
        "y": 57.594078063964844,
        "z": 53.804229736328125
      }
    }
  },
  "objects": [
    {
      "id": "BP_SofaStool_01_C_2147346373",
      "base_id": "BP_SofaStool_01",
      "type": "sofastool",
      "location": {
        "x": -232.55865478515625,
        "y": 98.4837417602539,
        "z": 3.750999927520752
      },
      "rotation": {
        "w": -0.036207884550094604,
        "x": -0.0002309456467628479,
        "y": -0.006374008022248745,
        "z": -0.999323844909668
      },
      "entity_min": {
        "x": -270.01507568359375,
        "y": 75.9261245727539,
        "z": 3.281912326812744
      },
      "entity_max": {
        "x": -193.86160278320312,
        "y": 137.58311462402344,
        "z": 114.38346862792969
      },
      "entity_size": {
        "x": 1.0,
        "y": 1.0,
        "z": 1.0
      },
      "direction": "front",
      "is_sittable": true,
      "movable": true,
      "matched": false,
      "owner": "room"
    },
    {
      "id": "BP_Cap_01_C_2147346172",
      "base_id": "BP_Cap_01",
      "my_type": "cap",
      "location": {
        "x": -260.71185302734375,
        "y": 23.802200317382812,
        "z": 53.94810104370117
      },
      "rotation": {
        "w": 0.010351005010306835,
        "x": -0.0010400190949440002,
        "y": 0.0008041731780394912,
        "z": 0.9999455809593201
      },
      "entity_min": {
        "x": -269.369384765625,
        "y": 11.880480766296387,
        "z": 53.75165557861328
      },
      "entity_max": {
        "x": -252.5416717529297,
        "y": 35.649993896484375,
        "z": 62.890995025634766
      },
      "entity_size": {
        "x": 1.0,
        "y": 1.0,
        "z": 1.0
      },
      "owner": "SDBP_Aich_AIBabyV7_Shoes_C_2147411684",
      "grid_x": "-2,-2,-2",
      "grid_y": "4,3,5",
      "grid_id": "48,38,57",
      "chain_item_id": null
    },
    {
      "id": "BP_Perfume_DressTab_C_2147346171",
      "base_id": "BP_Perfume_DressTab",
      "my_type": "perfume",
      "location": {
        "x": -260.7265930175781,
        "y": -76.2055435180664,
        "z": 53.80287551879883
      },
      "rotation": {
        "w": 0.85329270362854,
        "x": 0.003043717471882701,
        "y": -0.0029400435741990805,
        "z": -0.5214150547981262
      },
      "entity_min": {
        "x": -264.01678466796875,
        "y": -78.04420471191406,
        "z": 53.702762603759766
      },
      "entity_max": {
        "x": -257.5235595703125,
        "y": -74.38954162597656,
        "z": 64.54560089111328
      },
      "entity_size": {
        "x": 1.0,
        "y": 1.0,
        "z": 1.0
      },
      "owner": "SDBP_Aich_Liyuxia_C_2147411584",
      "grid_x": "-2",
      "grid_y": "-6",
      "grid_id": "65",
      "chain_item_id": null
    },
    {
      "id": "BP_Drink_Orange_01_C_2147346170",
      "base_id": "BP_Drink_Orange_01",
      "my_type": "drink",
      "location": {
        "x": -250.67938232421875,
        "y": -16.176654815673828,
        "z": 53.71215057373047
      },
      "rotation": {
        "w": 0.590046226978302,
        "x": -0.005091962870210409,
        "y": -7.50746694393456e-05,
        "z": -0.8073534369468689
      },
      "entity_min": {
        "x": -253.40086364746094,
        "y": -21.220367431640625,
        "z": 53.70240783691406
      },
      "entity_max": {
        "x": -247.75064086914062,
        "y": -10.976729393005371,
        "z": 79.20285034179688
      },
      "entity_size": {
        "x": 0.20000000298023224,
        "y": 0.20000000298023224,
        "z": 0.20000000298023224
      },
      "owner": "SDBP_Aich_AIBabyV7_Shoes_C_2147411684",
      "grid_x": "-1",
      "grid_y": "0",
      "grid_id": "5",
      "chain_item_id": null
    },
    {
      "id": "BP_Food_182_C_2147346169",
      "base_id": "BP_Food_182",
      "my_type": "snack",
      "location": {
        "x": -239.97723388671875,
        "y": -74.95201110839844,
        "z": 55.6679573059082
      },
      "rotation": {
        "w": 0.2685583531856537,
        "x": -0.6541226506233215,
        "y": -0.2685583531856537,
        "z": -0.6541226506233215
      },
      "entity_min": {
        "x": -243.82974243164062,
        "y": -71.05111694335938,
        "z": 52.820735931396484
      },
      "entity_max": {
        "x": -226.08912658691406,
        "y": -68.94178771972656,
        "z": 58.51517868041992
      },
      "entity_size": {
        "x": 0.6000000238418579,
        "y": 0.6000000238418579,
        "z": 0.6000000238418579
      },
      "owner": "SDBP_Aich_Liyuxia_C_2147411584",
      "grid_x": "0",
      "grid_y": "-6",
      "grid_id": "49",
      "chain_item_id": null
    },
    {
      "id": "BP_Drink_Sprite_01_C_2147346168",
      "base_id": "BP_Drink_Sprite_01",
      "my_type": "drink",
      "location": {
        "x": -260.745361328125,
        "y": -46.24687957763672,
        "z": 53.78919219970703
      },
      "rotation": {
        "w": 0.008043009787797928,
        "x": -0.004089053254574537,
        "y": -0.0011270737741142511,
        "z": 0.9999586343765259
      },
      "entity_min": {
        "x": -265.16436767578125,
        "y": -50.39257049560547,
        "z": 53.83226013183594
      },
      "entity_max": {
        "x": -256.57977294921875,
        "y": -42.168853759765625,
        "z": 84.6640396118164
      },
      "entity_size": {
        "x": 0.20000000298023224,
        "y": 0.20000000298023224,
        "z": 0.20000000298023224
      },
      "owner": "SDBP_Aich_AIBabyV7_Shoes_C_2147411684",
      "grid_x": "-2",
      "grid_y": "-3",
      "grid_id": "43",
      "chain_item_id": null
    }
  ],
  "agents": [
    {
      "id": "SDBP_Aich_Liyuxia_C_2147346363",
      "base_id": "SDBP_Aich_Liyuxia",
      "type": "woman",
      "location": {
        "x": -324.04400634765625,
        "y": -10.743000030517578,
        "z": 85.90126037597656
      },
      "rotation": {
        "x": 0.0,
        "y": -0.0,
        "z": 0.2334464192390442,
        "w": 0.9723696708679199
      },
      "entity_size": {
        "x": 1.0,
        "y": 1.0,
        "z": 1.0
      },
      "direction": "right",
      "status": "standing",
      "skeleton": {
        "spine_03": {
          "x": -321.46835,
          "y": -8.591366,
          "z": 119.0063
        },
        "lowerarm_r": {
          "x": -335.2777,
          "y": 5.839596,
          "z": 111.05242
        },
        "pelvis": {
          "x": -322.97565,
          "y": -9.657666,
          "z": 97.49793
        },
        "clavicle_l": {
          "x": -321.88742,
          "y": -13.267682,
          "z": 137.74683
        },
        "ball_r": {
          "x": -325.79248,
          "y": 8.042898,
          "z": 6.644941
        },
        "head": {
          "x": -322.71616,
          "y": -8.403642,
          "z": 147.79007
        },
        "pinky_01_r": {
          "x": -331.81662,
          "y": 12.520031,
          "z": 83.0032
        },
        "foot_r": {
          "x": -333.73975,
          "y": -1.3205246,
          "z": 10.084149
        },
        "thumb_01_l": {
          "x": -310.85614,