{
  "scene_info": {
    "map_name": "SDBP_Map_009",
    "room_name": "livingRoom",
    "room_bound": {
      "x_min": 64.81600189208984,
      "y_min": -705.3319702148438,
      "z_min": 0.0,
      "x_max": 575.0989990234375,
      "y_max": -195.36099243164062,
      "z_max": 294.9549865722656
    },
    "table_id": "BP_CoffeeTable_Emotion_002_C_1",
    "base_id": "BP_CoffeeTable_Emotion_002",
    "position": {
      "x": 310.81201171875,
      "y": -428.0719299316406,
      "z": 1.5948238372802734
    },
    "rotation": {
      "x": 0.0,
      "y": -0.0,
      "z": 0.7071067690849304,
      "w": 0.7071067690849304
    },
    "aabb_bounds": {
      "min": {
        "x": 274.6624755859375,
        "y": -496.570556640625,
        "z": 17.556011199951172
      },
      "max": {
        "x": 346.58819580078125,
        "y": -359.61114501953125,
        "z": 46.629241943359375
      }
    }
  },
  "objects": [
    {
      "id": "BP_SofaStool_01_C_2147365601",
      "base_id": "BP_SofaStool_01",
      "type": "sofastool",
      "location": {
        "x": 334.89898681640625,
        "y": -310.46441650390625,
        "z": 0.0
      },
      "rotation": {
        "x": 0.0006697459612041712,
        "y": 0.006608106195926666,
        "z": 0.9948811531066895,
        "w": 0.10083329677581787
      },
      "entity_min": {
        "x": 294.8534240722656,
        "y": -327.9356384277344,
        "z": -0.4911378026008606
      },
      "entity_max": {
        "x": 378.3239440917969,
        "y": -276.6934814453125,
        "z": 110.64575958251953
      },
      "entity_size": {
        "x": 1.0,
        "y": 1.0,
        "z": 1.0
      },
      "direction": "right",
      "is_sittable": true,
      "movable": true,
      "matched": "SDBP_Aich_Zhanghaoran_C_2147384506",
      "is_sit": true,
      "owner": "room"
    },
    {
      "id": "BP_SofaStool_01_C_2147365597",
      "base_id": "BP_SofaStool_01",
      "type": "sofastool",
      "location": {
        "x": 286.73052978515625,
        "y": -531.2492065429688,
        "z": 0.0
      },
      "rotation": {
        "w": 0.9934070706367493,
        "x": 0.00747623760253191,
        "y": -0.0008609041105955839,
        "z": -0.11439293622970581
      },
      "entity_min": {
        "x": 242.4008026123047,
        "y": -563.8221435546875,
        "z": -0.5650094747543335
      },
      "entity_max": {
        "x": 327.19329833984375,
        "y": -515.0672607421875,
        "z": 110.69003295898438
      },
      "entity_size": {
        "x": 1.0,
        "y": 1.0,
        "z": 1.0
      },
      "direction": "back",
      "is_sittable": true,
      "movable": true,
      "matched": false,
      "owner": "room"
    },
    {
      "id": "BP_SofaStool_01_C_2147365593",
      "base_id": "BP_SofaStool_01",
      "type": "sofastool",
      "location": {
        "x": 384.904052734375,
        "y": -471.1303405761719,
        "z": 0.0
      },
      "rotation": {
        "x": 0.00806411262601614,
        "y": 0.004640544299036264,
        "z": 0.49874672293663025,
        "w": 0.8666978478431702
      },
      "entity_min": {
        "x": 381.6190490722656,
        "y": -523.0534057617188,
        "z": -0.7136686444282532
      },
      "entity_max": {
        "x": 403.0680847167969,
        "y": -427.9007568359375,
        "z": 110.77809143066406
      },
      "entity_size": {
        "x": 1.0,
        "y": 1.0,
        "z": 1.0
      },
      "direction": "front",
      "is_sittable": true,
      "movable": true,
      "matched": "SDBP_Aich_AIBaby_Tiantian_90_C_2147384607",
      "is_sit": true,
      "owner": "room"
    },
    {
      "id": "BP_Toy_Unicorn_C_2147365391",
      "base_id": "BP_Toy_Unicorn",
      "my_type": "toy",
      "location": {
        "x": 330.6253356933594,
        "y": -468.0908508300781,
        "z": 46.90576171875
      },
      "rotation": {
        "w": 0.018811285495758057,
        "x": -0.0,
        "y": 0.0,
        "z": -0.9998230338096619
      },
      "entity_min": {
        "x": 324.1666259765625,
        "y": -473.60345458984375,
        "z": 46.629241943359375
      },
      "entity_max": {
        "x": 337.00335693359375,
        "y": -460.4388427734375,
        "z": 64.80648803710938
      },
      "entity_size": {
        "x": 0.6000000238418579,
        "y": 0.6000000238418579,
        "z": 0.6000000238418579
      },
      "owner": "SDBP_Aich_AIBaby_Tiantian_90_C_2147384607",
      "grid_x": "2",
      "grid_y": "-4",
      "grid_id": "64",
      "chain_item_id": null
    },
    {
      "id": "BP_Phone_06_C_2147365390",
      "base_id": "BP_Phone_06",
      "my_type": "phone",
      "location": {
        "x": 330.625244140625,
        "y": -368.06683349609375,
        "z": 46.453460693359375
      },
      "rotation": {
        "w": 0.03443681821227074,
        "x": -0.0017598764970898628,
        "y": -0.051053792238235474,
        "z": -0.9981004595756531
      },
      "entity_min": {
        "x": 324.8123474121094,
        "y": -371.49615478515625,
        "z": 46.093360900878906
      },
      "entity_max": {
        "x": 336.4381408691406,
        "y": -364.5558776855469,
        "z": 47.609371185302734
      },
      "entity_size": {
        "x": 1.0,
        "y": 1.0,
        "z": 1.0
      },
      "owner": "SDBP_Aich_Zhanghaoran_C_2147384506",
      "grid_x": "2",
      "grid_y": "6",
      "grid_id": "80",
      "chain_item_id": null
    },
    {
      "id": "BP_Cola_02_C_2147365389",
      "base_id": "BP_Cola_02",
      "my_type": "drink",
      "location": {
        "x": 320.6253356933594,
        "y": -438.0908508300781,
        "z": 46.62924575805664
      },
      "rotation": {
        "w": 0.2699818015098572,
        "x": -0.0,
        "y": 0.0,
        "z": -0.96286541223526
      },
      "entity_min": {
        "x": 319.3153076171875,
        "y": -443.3505859375,
        "z": 46.62924575805664
      },
      "entity_max": {
        "x": 321.93536376953125,
        "y": -432.83111572265625,
        "z": 61.240257263183594
      },
      "entity_size": {
        "x": 0.20000000298023224,
        "y": 0.20000000298023224,
        "z": 0.20000000298023224
      },
      "owner": "SDBP_Aich_AIBaby_Tiantian_90_C_2147384607",
      "grid_x": "1",
      "grid_y": "-1",
      "grid_id": "10",
      "chain_item_id": null
    },
    {
      "id": "BP_Food_CheeriosBox_C_2147365388",
      "base_id": "BP_Food_CheeriosBox",
      "my_type": "snack",
      "location": {
        "x": 320.6253356933594,
        "y": -388.0908508300781,
        "z": 46.68924331665039
      },
      "rotation": {
        "w": 0.9987219572067261,
        "x": 0.0,
        "y": -0.0,
        "z": 0.05054205656051636
      },
      "entity_min": {
        "x": 314.2247314453125,
        "y": -393.37677001953125,
        "z": 46.629241943359375
      },
      "entity_max": {
        "x": 327.0274963378906,
        "y": -382.8047790527344,
        "z": 59.81424331665039
      },
      "entity_size": {
        "x": 0.6000000238418579,
        "y": 0.6000000238418579,
        "z": 0.6000000238418579
      },
      "owner": "SDBP_Aich_Zhanghaoran_C_2147384506",
      "grid_x": "1",
      "grid_y": "4",
      "grid_id": "41",
      "chain_item_id": null
    },
    {
      "id": "BP_Cap_01_C_2147365386",
      "base_id": "BP_Cap_01",
      "my_type": "cap",
      "location": {
        "x": 340.74603271484375,
        "y": -418.05474853515625,
        "z": 46.60353469848633
      },
      "rotation": {
        "w": 0.9346760511398315,
        "x": 0.01273302361369133,
        "y": 0.028068410232663155,
        "z": 0.35416197776794434
      },
      "entity_min": {
        "x": 339.5574645996094,
        "y": -432.3017272949219,
        "z": 46.229312896728516
      },
      "entity_max": {
        "x": 342.7571105957031,
        "y": -403.45904541015625,
        "z": 55.69240951538086
      },
      "entity_size": {
        "x": 1.0,
        "y": 1.0,
        "z": 1.0
      },