{
  "scene_info": {
    "map_name": "SDBP_Map_006",
    "room_name": "livingRoom",
    "room_bound": {
      "x_min": -110.02999877929688,
      "y_min": 274.1050109863281,
      "z_min": 10.251999855041504,
      "x_max": 312.71099853515625,
      "y_max": 649.6790161132812,
      "z_max": 331.8479919433594
    },
    "table_id": "BP_CoffeeTable_Table_Coffee_C_1",
    "base_id": "BP_CoffeeTable_Table_Coffee",
    "position": {
      "x": 94.35726165771484,
      "y": 463.2768249511719,
      "z": 11.340825080871582
    },
    "rotation": {
      "x": 0.0,
      "y": -0.0,
      "z": 0.7071067690849304,
      "w": 0.7071067690849304
    },
    "aabb_bounds": {
      "min": {
        "x": 51.170780181884766,
        "y": 392.67767333984375,
        "z": 11.340825080871582
      },
      "max": {
        "x": 137.5437469482422,
        "y": 533.8759765625,
        "z": 43.09971237182617
      }
    }
  },
  "objects": [
    {
      "id": "BP_Plate_02_TL_C_2147349144",
      "base_id": "BP_Plate_02_TL",
      "my_type": "plate",
      "location": {
        "x": 114.27703857421875,
        "y": 403.48260498046875,
        "z": 43.424354553222656
      },
      "rotation": {
        "w": 0.9973259568214417,
        "x": 2.0612900698324665e-05,
        "y": 1.9704026271938346e-05,
        "z": -0.07308131456375122
      },
      "entity_min": {
        "x": 105.35618591308594,
        "y": 396.86163330078125,
        "z": 43.099388122558594
      },
      "entity_max": {
        "x": 123.17855834960938,
        "y": 410.10595703125,
        "z": 44.285423278808594
      },
      "entity_size": {
        "x": 0.6499999761581421,
        "y": 0.6499999761581421,
        "z": 0.6499999761581421
      },
      "owner": "SDBP_Aich_Nainai_C_2147473138",
      "grid_x": "2,1",
      "grid_y": "-6,-6",
      "grid_id": "84,74",
      "chain_item_id": "BP_Fruit_Quince_Fresh_01_C_2147472930"
    },
    {
      "id": "BP_Paper_Newspaper01_C_2147349143",
      "base_id": "BP_Paper_Newspaper01",
      "my_type": "newspaper",
      "location": {
        "x": 104.35726928710938,
        "y": 433.2767639160156,
        "z": 43.188114166259766
      },
      "rotation": {
        "w": 0.09170673787593842,
        "x": -3.5396184102864936e-05,
        "y": 0.0003862714220304042,
        "z": -0.9957860112190247
      },
      "entity_min": {
        "x": 92.26188659667969,
        "y": 419.4075927734375,
        "z": 43.0997200012207
      },
      "entity_max": {
        "x": 116.42611694335938,
        "y": 447.13446044921875,
        "z": 45.46415328979492
      },
      "entity_size": {
        "x": 0.800000011920929,
        "y": 0.800000011920929,
        "z": 0.800000011920929
      },
      "owner": "SDBP_Aich_Nainai_C_2147473138",
      "grid_x": "1,0,0,1,0,2,1,2,2",
      "grid_y": "-3,-2,-3,-2,-4,-2,-4,-3,-4",
      "grid_id": "34,9,19,20,33,36,48,50,64",
      "chain_item_id": null
    },
    {
      "id": "BP_Toy_garras_C_2147349142",
      "base_id": "BP_Toy_garras",
      "my_type": "toy",
      "location": {
        "x": 64.35726928710938,
        "y": 463.2768249511719,
        "z": 43.09971237182617
      },
      "rotation": {
        "w": 0.8004171848297119,
        "x": -0.0,
        "y": 0.0,
        "z": -0.5994433164596558
      },
      "entity_min": {
        "x": 55.32495880126953,
        "y": 458.6789855957031,
        "z": 43.09971237182617
      },
      "entity_max": {
        "x": 73.38957977294922,
        "y": 467.8746643066406,
        "z": 65.17719268798828
      },
      "entity_size": {
        "x": 0.6000000238418579,
        "y": 0.6000000238418579,
        "z": 0.6000000238418579
      },
      "owner": "SDBP_Aich_AIBabyV7_Shoes_C_2147473040",
      "grid_x": "-3,-2",
      "grid_y": "0,0",
      "grid_id": "25,13",
      "chain_item_id": null
    },
    {
      "id": "BP_Fruit_Quince_Fresh_01_C_2147349141",
      "base_id": "BP_Fruit_Quince_Fresh_01",
      "my_type": "platefood",
      "location": {
        "x": 114.69340515136719,
        "y": 402.7448425292969,
        "z": 46.895992279052734
      },
      "rotation": {
        "w": 0.6492533683776855,
        "x": 0.02127409540116787,
        "y": 0.215393528342247,
        "z": -0.729124903678894
      },
      "entity_min": {
        "x": 110.87500762939453,
        "y": 397.7978210449219,
        "z": 45.77764892578125
      },
      "entity_max": {
        "x": 118.26721954345703,
        "y": 407.907958984375,
        "z": 47.9891357421875
      },
      "entity_size": {
        "x": 1.0,
        "y": 1.0,
        "z": 1.0
      },
      "owner": "SDBP_Aich_Nainai_C_2147473138",
      "grid_x": "2,1",
      "grid_y": "-6,-6",
      "grid_id": "84,74",
      "chain_item_id": "BP_Plate_02_TL_C_2147472931"
    },
    {
      "id": "BP_Cup_Mug_Red_C_2147349140",
      "base_id": "BP_Cup_Mug_Red",
      "my_type": "pinkcup",
      "location": {
        "x": 64.35724639892578,
        "y": 423.27679443359375,
        "z": 43.10801315307617
      },
      "rotation": {
        "w": 0.7120785713195801,
        "x": -0.0004991292371414602,
        "y": -0.0007565373671241105,
        "z": 0.7020992040634155
      },
      "entity_min": {
        "x": 56.36520767211914,
        "y": 417.7647705078125,
        "z": 43.10425567626953
      },
      "entity_max": {
        "x": 69.73789978027344,
        "y": 428.76226806640625,
        "z": 53.87106704711914
      },
      "entity_size": {
        "x": 0.8400000333786011,
        "y": 0.8400000333786011,
        "z": 0.8400000333786011
      },
      "owner": "SDBP_Aich_AIBabyV7_Shoes_C_2147473040",
      "grid_x": "-3",
      "grid_y": "-4",
      "grid_id": "79",
      "chain_item_id": null
    },
    {
      "id": "BP_Comb_01_Plastic_C_2147349135",
      "base_id": "BP_Comb_01_Plastic",
      "my_type": "comb",
      "location": {
        "x": 74.35726165771484,
        "y": 403.2768249511719,
        "z": 43.09971237182617
      },
      "rotation": {
        "w": 0.696414589881897,
        "x": -0.0,
        "y": 0.0,
        "z": -0.717639684677124
      },
      "entity_min": {
        "x": 65.10437774658203,
        "y": 400.1775207519531,
        "z": 43.09971237182617
      },
      "entity_max": {
        "x": 83.6937484741211,
        "y": 406.37152099609375,
        "z": 44.16541290283203
      },
      "entity_size": {
        "x": 1.0,
        "y": 1.0,
        "z": 1.0
      },
      "owner": "SDBP_Aich_Nainai_C_2147473138",
      "grid_x": "-2,-1,-3",
      "grid_y": "-6,-6,-6",
      "grid_id": "85,75,91",
      "chain_item_id": null
    }
  ],
  "agents": [
    {
      "id": "SDBP_Aich_AIBabyV7_Shoes_C_2147349339",
      "base_id": "SDBP_Aich_AIBabyV7_Shoes",
      "type": "girl",
      "location": {
        "x": 119.36104583740234,
        "y": 352.510009765625,
        "z": 65.40213012695312
      },
      "rotation": {
        "x": 0.0,
        "y": -0.0,
        "z": 0.7431475520133972,
        "w": 0.6691275835037231
      },
      "entity_size": {
        "x": 1.0,
        "y": 1.0,
        "z": 1.0
      },
      "direction": "back",
      "status": "standing",
      "skeleton": {
        "spine_03": {
          "x": 119.258644,
          "y": 353.76962,
          "z": 79.74682
        },
        "lowerarm_r": {
          "x": 105.36531,
          "y": 349.20883,
          "z": 76.03014
        },
        "pelvis": {
          "x": 119.44815,
          "y": 351.9663,
          "z": 60.839268
        },
        "clavicle_l": {
          "x": 123.601845,
          "y": 352.3442,
          "z": 94.43902
        },
        "ball_r": {
          "x": 113.42984,
          "y": 356.51227,
          "z": 11.350468
        },
        "head": {
          "x": 119.460815,
          "y": 351.85278,
          "z": 103.262794
        },
        "pinky_01_r": {
          "x": 102.61851,
          "y": 349.54858,
          "z": 58.193172
        },
        "foot_r": {
          "x": 114.71479,
          "y": 346.8859,