{
  "scene_info": {
    "map_name": "SDBP_Map_006",
    "room_name": "kitchen",
    "room_bound": {
      "x_min": -295.43499755859375,
      "y_min": -219.1230010986328,
      "z_min": 10.253000259399414,
      "x_max": 180.5,
      "y_max": 164.41299438476562,
      "z_max": 331.8479919433594
    },
    "table_id": "BP_DiningTable_0_C_0",
    "base_id": "BP_DiningTable_0",
    "position": {
      "x": 32.17375946044922,
      "y": 9.474374771118164,
      "z": 7.572394371032715
    },
    "rotation": {
      "x": 0.0,
      "y": -0.0,
      "z": 0.7071067690849304,
      "w": 0.7071067690849304
    },
    "aabb_bounds": {
      "min": {
        "x": -5.2711029052734375,
        "y": -79.1242904663086,
        "z": 6.632086753845215
      },
      "max": {
        "x": 69.62435913085938,
        "y": 98.07304382324219,
        "z": 83.90290069580078
      }
    }
  },
  "objects": [
    {
      "id": "BP_Chair_0_C_2147354639",
      "base_id": "BP_Chair_0",
      "type": "chair",
      "location": {
        "x": 97.837,
        "y": 26.85,
        "z": 10.235
      },
      "rotation": {
        "x": 0.0,
        "y": 0.0,
        "z": 0.685,
        "w": 0.729
      },
      "entity_min": {
        "x": 69.76639556884766,
        "y": -11.419427871704102,
        "z": 9.401363372802734
      },
      "entity_max": {
        "x": 137.35775756835938,
        "y": 64.3734359741211,
        "z": 120.53689575195312
      },
      "entity_size": {
        "x": 1.0,
        "y": 1.0,
        "z": 1.0
      },
      "direction": "left",
      "is_sittable": true,
      "movable": true,
      "matched": false,
      "owner": "room"
    },
    {
      "id": "BP_Chair_0_C_2147354635",
      "base_id": "BP_Chair_0",
      "type": "chair",
      "location": {
        "x": -44.035,
        "y": 69.026,
        "z": 9.734
      },
      "rotation": {
        "x": 0.0,
        "y": 0.0,
        "z": -0.827,
        "w": 0.562
      },
      "entity_min": {
        "x": -69.74121856689453,
        "y": 24.647945404052734,
        "z": 8.90036392211914
      },
      "entity_max": {
        "x": -28.983245849609375,
        "y": 117.66374206542969,
        "z": 120.03589630126953
      },
      "entity_size": {
        "x": 1.0,
        "y": 1.0,
        "z": 1.0
      },
      "direction": "right",
      "is_sittable": true,
      "movable": true,
      "matched": false,
      "owner": "room"
    },
    {
      "id": "BP_Chair_0_C_2147354631",
      "base_id": "BP_Chair_0",
      "type": "chair",
      "location": {
        "x": -46.82699966430664,
        "y": -6.798999786376953,
        "z": 11.413999557495117
      },
      "rotation": {
        "x": -0.0,
        "y": 0.0,
        "z": -0.6129900217056274,
        "w": 0.7900906801223755
      },
      "entity_min": {
        "x": -96.2032470703125,
        "y": -33.868690490722656,
        "z": 10.580363273620605
      },
      "entity_max": {
        "x": -8.57522201538086,
        "y": 17.458471298217773,
        "z": 121.71589660644531
      },
      "entity_size": {
        "x": 1.0,
        "y": 1.0,
        "z": 1.0
      },
      "direction": "right",
      "is_sittable": true,
      "movable": true,
      "matched": "SDBP_Aich_AIBaby_Lele_Shoes_C_2147471520",
      "is_sit": true,
      "owner": "room"
    },
    {
      "id": "BP_Plasticine_Rabbit_C_2147354427",
      "base_id": "BP_Plasticine_Rabbit",
      "my_type": "doll",
      "location": {
        "x": 12.368088722229004,
        "y": 29.48920440673828,
        "z": 83.30690002441406
      },
      "rotation": {
        "w": 0.15601785480976105,
        "x": -0.01399998553097248,
        "y": -0.0022436953149735928,
        "z": 0.9876524806022644
      },
      "entity_min": {
        "x": 7.333874702453613,
        "y": 27.3278865814209,
        "z": 83.2070083618164
      },
      "entity_max": {
        "x": 18.814529418945312,
        "y": 32.92380905151367,
        "z": 99.29969024658203
      },
      "entity_size": {
        "x": 1.100000023841858,
        "y": 1.100000023841858,
        "z": 1.100000023841858
      },
      "owner": "SDBP_Aich_AIBaby_Lele_Shoes_C_2147471520",
      "grid_x": "-2",
      "grid_y": "2",
      "grid_id": "30",
      "chain_item_id": null
    },
    {
      "id": "BP_Paper_Newspaper01_C_2147354426",
      "base_id": "BP_Paper_Newspaper01",
      "my_type": "newspaper",
      "location": {
        "x": 22.153900146484375,
        "y": -60.52787399291992,
        "z": 83.38137817382812
      },
      "rotation": {
        "w": 0.03868894651532173,
        "x": 0.01426659431308508,
        "y": -0.0003220434591639787,
        "z": -0.9991493821144104
      },
      "entity_min": {
        "x": 8.595945358276367,
        "y": -73.03507995605469,
        "z": 83.67427825927734
      },
      "entity_max": {
        "x": 35.62172317504883,
        "y": -48.02854919433594,
        "z": 85.27444458007812
      },
      "entity_size": {
        "x": 0.800000011920929,
        "y": 0.800000011920929,
        "z": 0.800000011920929
      },
      "owner": "SDBP_Aich_Nainai_C_2147471418",
      "grid_x": "-1,0,0,-1,0,-2,-1,-2",
      "grid_y": "-7,-6,-7,-6,-8,-6,-8,-7",
      "grid_id": "91,61,75,77,89,93,103,105",
      "chain_item_id": null
    },
    {
      "id": "BP_Flex_Cup_Kitchen_C_2147354425",
      "base_id": "BP_Flex_Cup_Kitchen",
      "my_type": "pinkcup",
      "location": {
        "x": 2.144120931625366,
        "y": -10.51797103881836,
        "z": 82.74446868896484
      },
      "rotation": {
        "w": 0.8669435977935791,
        "x": -0.006996393669396639,
        "y": -0.0122068515047431,
        "z": 0.4982076585292816
      },
      "entity_min": {
        "x": -0.8847267627716064,
        "y": -16.282211303710938,
        "z": 82.81481170654297
      },
      "entity_max": {
        "x": 4.876917839050293,
        "y": -4.644195556640625,
        "z": 88.7607192993164
      },
      "entity_size": {
        "x": 0.8400000333786011,
        "y": 0.8400000333786011,
        "z": 0.8400000333786011
      },
      "owner": "SDBP_Aich_AIBaby_Lele_Shoes_C_2147471520",
      "grid_x": "-3",
      "grid_y": "-2",
      "grid_id": "53",
      "chain_item_id": null
    },
    {
      "id": "BP_Cup_Coffee_01_C_2147354424",
      "base_id": "BP_Cup_Coffee_01",
      "my_type": "pinkcup",
      "location": {
        "x": 52.17138671875,
        "y": -50.590267181396484,
        "z": 83.96886444091797
      },
      "rotation": {
        "w": 0.2302493155002594,
        "x": 0.015270591713488102,
        "y": 0.0036413243506103754,
        "z": 0.9730050563812256
      },
      "entity_min": {
        "x": 44.156044006347656,
        "y": -56.619964599609375,
        "z": 83.44042205810547
      },
      "entity_max": {
        "x": 58.575904846191406,
        "y": -48.458831787109375,
        "z": 95.4722671508789
      },
      "entity_size": {
        "x": 1.2000000476837158,
        "y": 1.2000000476837158,
        "z": 1.2000000476837158
      },
      "owner": "SDBP_Aich_Nainai_C_2147471418",
      "grid_x": "2",
      "grid_y": "-6",
      "grid_id": "92",
      "chain_item_id": null
    },
    {
      "id": "BP_Toy_Dog_C_2147354419",
      "base_id": "BP_Toy_Dog",
      "my_type": "toy",
      "location": {
        "x": 12.0407133102417,
        "y": -30.609167098999023,
        "z": 83.07373046875
      },
      "rotation": {
        "w": 0.20856495201587677,
        "x": -0.013737871311604977,
        "y": -0.0029328942764550447,
        "z": 0.977907657623291
      },
      "entity_min": {
        "x": 0.01870250701904297,
        "y": -34.89384460449219,
        "z": 83.33564758300781
      },
      "entity_max": {
        "x": 23.462875366210938,
        "y": -26.339725494384766,
        "z": 104.31965637207031
      },
      "entity_size": {
        "x": 0.6000000238418579,
        "y": 0.6000000238418579,
        "z": 0.6000000238418579
      },