{
  "scene_info": {
    "map_name": "SDBP_Map_013",
    "room_name": "livingRoom",
    "room_bound": {
      "x_min": -618.7969970703125,
      "y_min": -734.6229858398438,
      "z_min": 0.125,
      "x_max": -46.51499938964844,
      "y_max": -50.15700149536133,
      "z_max": 283.52801513671875
    },
    "table_id": "BP_CoffeeTable_Table_Coffee_C_0",
    "base_id": "BP_CoffeeTable_Table_Coffee",
    "position": {
      "x": -286.3751220703125,
      "y": -554.4496459960938,
      "z": -0.002033852506428957
    },
    "rotation": {
      "x": 0.0,
      "y": 0.0,
      "z": 0.0,
      "w": 1.0
    },
    "aabb_bounds": {
      "min": {
        "x": -356.9742736816406,
        "y": -597.6361083984375,
        "z": -0.002033852506428957
      },
      "max": {
        "x": -215.77597045898438,
        "y": -511.2631530761719,
        "z": 31.756853103637695
      }
    }
  },
  "objects": [
    {
      "id": "BP_Plate_02_TL_C_2147352911",
      "base_id": "BP_Plate_02_TL",
      "my_type": "plate",
      "location": {
        "x": -276.2915954589844,
        "y": -554.5676879882812,
        "z": 32.081851959228516
      },
      "rotation": {
        "w": 0.009686506353318691,
        "x": -4.253187216818333e-05,
        "y": 4.322116728872061e-05,
        "z": 0.9999530911445618
      },
      "entity_min": {
        "x": -284.2831726074219,
        "y": -562.2644653320312,
        "z": 31.756855010986328
      },
      "entity_max": {
        "x": -268.2805480957031,
        "y": -546.8707885742188,
        "z": 32.94295120239258
      },
      "entity_size": {
        "x": 0.6499999761581421,
        "y": 0.6499999761581421,
        "z": 0.6499999761581421
      },
      "owner": "SDBP_Aich_AIBabyV7_Shoes_C_2147467745",
      "grid_x": "1",
      "grid_y": "0",
      "grid_id": "4",
      "chain_item_id": "BP_Fruit_Mango_02_C_2147467590"
    },
    {
      "id": "BP_Radio_Dock_C_2147352910",
      "base_id": "BP_Radio_Dock",
      "my_type": "radio",
      "location": {
        "x": -246.3751220703125,
        "y": -554.4496459960938,
        "z": 31.68441390991211
      },
      "rotation": {
        "w": 0.7048388123512268,
        "x": -0.0,
        "y": 0.0,
        "z": -0.7093675136566162
      },
      "entity_min": {
        "x": -250.98728942871094,
        "y": -562.7508544921875,
        "z": 31.756853103637695
      },
      "entity_max": {
        "x": -241.74188232421875,
        "y": -546.1485595703125,
        "z": 43.24177551269531
      },
      "entity_size": {
        "x": 0.6000000238418579,
        "y": 0.6000000238418579,
        "z": 0.6000000238418579
      },
      "owner": "SDBP_Aich_Nainai_C_2147467842",
      "grid_x": "4",
      "grid_y": "0",
      "grid_id": "38",
      "chain_item_id": null
    },
    {
      "id": "BP_Cap_01_C_2147352902",
      "base_id": "BP_Cap_01",
      "my_type": "cap",
      "location": {
        "x": -256.4171447753906,
        "y": -584.3637084960938,
        "z": 31.947040557861328
      },
      "rotation": {
        "w": 0.7987109422683716,
        "x": -0.0001614743669051677,
        "y": 0.00018062247545458376,
        "z": -0.6017149090766907
      },
      "entity_min": {
        "x": -270.1513977050781,
        "y": -589.0863037109375,
        "z": 31.759506225585938
      },
      "entity_max": {
        "x": -242.45567321777344,
        "y": -580.06298828125,
        "z": 40.88178634643555
      },
      "entity_size": {
        "x": 1.0,
        "y": 1.0,
        "z": 1.0
      },
      "owner": "SDBP_Aich_AIBabyV7_Shoes_C_2147467745",
      "grid_x": "3,2,4",
      "grid_y": "-3,-3,-3",
      "grid_id": "60,46,74",
      "chain_item_id": null
    },
    {
      "id": "BP_Flex_Cup_Kitchen_C_2147352901",
      "base_id": "BP_Flex_Cup_Kitchen",
      "my_type": "pinkcup",
      "location": {
        "x": -226.3751220703125,
        "y": -544.4496459960938,
        "z": 31.76597785949707
      },
      "rotation": {
        "w": 0.6294664740562439,
        "x": -0.0,
        "y": 0.0,
        "z": -0.7770276665687561
      },
      "entity_min": {
        "x": -232.66299438476562,
        "y": -551.1399536132812,
        "z": 31.756853103637695
      },
      "entity_max": {
        "x": -219.8690185546875,
        "y": -537.8524169921875,
        "z": 40.47869873046875
      },
      "entity_size": {
        "x": 1.2000000476837158,
        "y": 1.2000000476837158,
        "z": 1.2000000476837158
      },
      "owner": "SDBP_Aich_Nainai_C_2147467842",
      "grid_x": "6",
      "grid_y": "1",
      "grid_id": "72",
      "chain_item_id": null
    },
    {
      "id": "BP_Book_5_C_2147352900",
      "base_id": "BP_Book_5",
      "my_type": "book",
      "location": {
        "x": -276.3751220703125,
        "y": -574.4496459960938,
        "z": 31.82345199584961
      },
      "rotation": {
        "w": 0.43139058351516724,
        "x": 0.4313906133174896,
        "y": -0.5602697134017944,
        "z": -0.5602697134017944
      },
      "entity_min": {
        "x": -301.7565612792969,
        "y": -583.163330078125,
        "z": 31.756851196289062
      },
      "entity_max": {
        "x": -276.29949951171875,
        "y": -574.4241943359375,
        "z": 32.693485260009766
      },
      "entity_size": {
        "x": 0.800000011920929,
        "y": 0.800000011920929,
        "z": 0.800000011920929
      },
      "owner": "SDBP_Aich_AIBabyV7_Shoes_C_2147467745",
      "grid_x": "1,0,-1",
      "grid_y": "-2,-2,-2",
      "grid_id": "20,9,21",
      "chain_item_id": null
    },
    {
      "id": "BP_Fruit_Mango_02_C_2147352899",
      "base_id": "BP_Fruit_Mango_02",
      "my_type": "platefood",
      "location": {
        "x": -276.62762451171875,
        "y": -554.6122436523438,
        "z": 40.39725112915039
      },
      "rotation": {
        "w": 0.957903265953064,
        "x": -0.009556137956678867,
        "y": -0.02282174490392208,
        "z": 0.28602296113967896
      },
      "entity_min": {
        "x": -278.2510070800781,
        "y": -562.47509765625,
        "z": 32.48126983642578
      },
      "entity_max": {
        "x": -275.02197265625,
        "y": -546.7577514648438,
        "z": 48.312400817871094
      },
      "entity_size": {
        "x": 1.0,
        "y": 1.0,
        "z": 1.0
      },
      "owner": "SDBP_Aich_AIBabyV7_Shoes_C_2147467745",
      "grid_x": "1",
      "grid_y": "0",
      "grid_id": "4",
      "chain_item_id": "BP_Plate_02_TL_C_2147467591"
    }
  ],
  "agents": [
    {
      "id": "SDBP_Aich_AIBabyV7_Shoes_C_2147353105",
      "base_id": "SDBP_Aich_AIBabyV7_Shoes",
      "type": "girl",
      "location": {
        "x": -177.15199279785156,
        "y": -554.8930053710938,
        "z": 55.27499771118164
      },
      "rotation": {
        "x": -0.0,
        "y": 0.0,
        "z": -0.9914647936820984,
        "w": 0.13037456572055817
      },
      "entity_size": {
        "x": 1.0,
        "y": 1.0,
        "z": 1.0
      },
      "direction": "left",
      "status": "standing",
      "skeleton": {
        "spine_03": {
          "x": -178.38016,
          "y": -555.1908,
          "z": 69.61968
        },
        "lowerarm_r": {
          "x": -171.7062,
          "y": -568.2017,
          "z": 65.90301
        },
        "pelvis": {
          "x": -176.62857,
          "y": -554.7221,
          "z": 50.71213
        },
        "clavicle_l": {
          "x": -177.65031,
          "y": -550.67834,
          "z": 84.31188
        },
        "ball_r": {
          "x": -180.17917,
          "y": -561.37634,
          "z": 1.2233316
        },
        "head": {
          "x": -176.5184,
          "y": -554.69183,
          "z": 93.13566
        },
        "pinky_01_r": {
          "x": -171.61296,
          "y": -570.9679,
          "z": 48.066036
        },
        "foot_r": {
          "x": -170.87146,
          "y": -558.60425,
          "z": 3.6211567
        },
        "thumb_01_l": {
          "x": -181.86913,