{
  "scene_info": {
    "map_name": "SDBP_Map_005",
    "room_name": "kitchen",
    "room_bound": {
      "x_min": 644.3980102539062,
      "y_min": 633.6530151367188,
      "z_min": 0.31299999356269836,
      "x_max": 1049.60205078125,
      "y_max": 1116.3470458984375,
      "z_max": 272.3479919433594
    },
    "table_id": "BP_DiningTable_03_C_0",
    "base_id": "BP_DiningTable_03",
    "position": {
      "x": 752.813232421875,
      "y": 912.4080810546875,
      "z": -1.0
    },
    "rotation": {
      "x": 0.0,
      "y": -0.0,
      "z": 0.7071067690849304,
      "w": 0.7071067690849304
    },
    "aabb_bounds": {
      "min": {
        "x": 703.9795532226562,
        "y": 815.6463012695312,
        "z": -3.512866497039795
      },
      "max": {
        "x": 801.6469116210938,
        "y": 1009.1698608398438,
        "z": 70.80511474609375
      }
    }
  },
  "objects": [
    {
      "id": "BP_Plate_3_C_1",
      "base_id": "BP_Plate_3",
      "type": "plate",
      "location": {
        "x": 825.347,
        "y": 840.193,
        "z": 0.313
      },
      "rotation": {
        "x": 0.0,
        "y": 0.0,
        "z": -0.737,
        "w": 0.676
      },
      "entity_min": {
        "x": 815.5385131835938,
        "y": 828.4800415039062,
        "z": 0.3440440893173218
      },
      "entity_max": {
        "x": 835.1732788085938,
        "y": 851.880859375,
        "z": 2.373723030090332
      },
      "entity_size": {
        "x": 0.6000000238418579,
        "y": 0.6000000238418579,
        "z": 0.6000000238418579
      },
      "direction": "left",
      "owner": "room"
    },
    {
      "id": "BP_Window_005_Frame_00_C_2",
      "base_id": "BP_Window_005_Frame_00",
      "type": "window",
      "location": {
        "x": 742.054,
        "y": 1113.095,
        "z": 78.188
      },
      "rotation": {
        "x": 0.0,
        "y": 0.0,
        "z": 0.0,
        "w": 1.0
      },
      "entity_min": {
        "x": 742.023193359375,
        "y": 1096.988037109375,
        "z": 78.2857894897461
      },
      "entity_max": {
        "x": 936.3698120117188,
        "y": 1113.4879150390625,
        "z": 194.19313049316406
      },
      "entity_size": {
        "x": 0.5319397449493408,
        "y": 1.0,
        "z": 0.5292589664459229
      },
      "direction": "front",
      "owner": "room"
    },
    {
      "id": "BP_Phone_03_C_2147478513",
      "base_id": "BP_Phone_03",
      "my_type": "phone",
      "location": {
        "x": 732.813232421875,
        "y": 892.4080810546875,
        "z": 70.8051528930664
      },
      "rotation": {
        "w": 0.9918198585510254,
        "x": 0.0,
        "y": -0.0,
        "z": 0.12764553725719452
      },
      "entity_min": {
        "x": 727.2791748046875,
        "y": 887.7054443359375,
        "z": 70.80511474609375
      },
      "entity_max": {
        "x": 738.3477172851562,
        "y": 897.11083984375,
        "z": 71.47903442382812
      },
      "entity_size": {
        "x": 1.0,
        "y": 1.0,
        "z": 1.0
      },
      "owner": "SDBP_Aich_Shenxin_C_2147478706",
      "grid_x": "-2",
      "grid_y": "-2",
      "grid_id": "37",
      "chain_item_id": null
    },
    {
      "id": "BP_Toy_Dog_FB_C_2147478509",
      "base_id": "BP_Toy_Dog_FB",
      "my_type": "toy",
      "location": {
        "x": 722.813232421875,
        "y": 992.4080200195312,
        "z": 69.07207489013672
      },
      "rotation": {
        "w": 0.31551823019981384,
        "x": -1.0937895211782234e-07,
        "y": 1.2466513510389632e-07,
        "z": 0.9489195346832275
      },
      "entity_min": {
        "x": 712.4676513671875,
        "y": 990.367919921875,
        "z": 68.98200225830078
      },
      "entity_max": {
        "x": 730.0090942382812,
        "y": 990.760498046875,
        "z": 82.07234191894531
      },
      "entity_size": {
        "x": 0.6000000238418579,
        "y": 0.6000000238418579,
        "z": 0.6000000238418579
      },
      "owner": "SDBP_Aich_AIBaby_Tiantian_90_C_2147478608",
      "grid_x": "-3",
      "grid_y": "8",
      "grid_id": "151",
      "chain_item_id": null
    },
    {
      "id": "BP_FoodContainer_Oreo_C_2147478507",
      "base_id": "BP_FoodContainer_Oreo",
      "my_type": "snack",
      "location": {
        "x": 712.813232421875,
        "y": 902.4080810546875,
        "z": 72.82100677490234
      },
      "rotation": {
        "w": 0.30697715282440186,
        "x": -0.0,
        "y": 0.0,
        "z": -0.9517168998718262
      },
      "entity_min": {
        "x": 706.7638549804688,
        "y": 892.5073852539062,
        "z": 70.80511474609375
      },
      "entity_max": {
        "x": 717.9085693359375,
        "y": 911.8001098632812,
        "z": 74.86958312988281
      },
      "entity_size": {
        "x": 0.6000000238418579,
        "y": 0.6000000238418579,
        "z": 0.6000000238418579
      },
      "owner": "SDBP_Aich_Shenxin_C_2147478706",
      "grid_x": "-4,-4,-4",
      "grid_y": "-1,0,-2",
      "grid_id": "59,41,77",
      "chain_item_id": null
    },
    {
      "id": "BP_Book_19_C_2147478501",
      "base_id": "BP_Book_19",
      "my_type": "book",
      "location": {
        "x": 732.813232421875,
        "y": 962.4080810546875,
        "z": 70.98976135253906
      },
      "rotation": {
        "w": 0.6959025263786316,
        "x": 0.6959024667739868,
        "y": -0.12537835538387299,
        "z": -0.12537835538387299
      },
      "entity_min": {
        "x": 732.6337280273438,
        "y": 941.707763671875,
        "z": 70.80511474609375
      },
      "entity_max": {
        "x": 738.37353515625,
        "y": 962.6737670898438,
        "z": 73.20511627197266
      },
      "entity_size": {
        "x": 0.800000011920929,
        "y": 0.800000011920929,
        "z": 0.800000011920929
      },
      "owner": "SDBP_Aich_AIBaby_Tiantian_90_C_2147478608",
      "grid_x": "-2,-2,-2",
      "grid_y": "5,3,4",
      "grid_id": "82,46,64",
      "chain_item_id": null
    },
    {
      "id": "BP_Plate_01_C_2147478494",
      "base_id": "BP_Plate_01",
      "my_type": "plate",
      "location": {
        "x": 722.813232421875,
        "y": 862.4080810546875,
        "z": 70.80510711669922
      },
      "rotation": {
        "w": 0.3397679030895233,
        "x": 8.021084795473143e-06,
        "y": 2.3027400857245084e-06,
        "z": -0.9405093193054199
      },
      "entity_min": {
        "x": 721.3025512695312,
        "y": 845.9002075195312,
        "z": 70.80529022216797
      },
      "entity_max": {
        "x": 724.3447265625,
        "y": 878.8526611328125,
        "z": 73.00374603271484
      },
      "entity_size": {
        "x": 0.6499999761581421,
        "y": 0.6499999761581421,
        "z": 0.6499999761581421
      },
      "owner": "SDBP_Aich_Shenxin_C_2147478706",
      "grid_x": "-3,-3,-3",
      "grid_y": "-5,-4,-6",
      "grid_id": "111,93,129",
      "chain_item_id": "BP_Fruit_Mango_02_C_2147478493"
    },
    {
      "id": "BP_Fruit_Mango_02_C_2147478493",
      "base_id": "BP_Fruit_Mango_02",
      "my_type": "platefood",
      "location": {
        "x": 722.8123779296875,
        "y": 862.4075317382812,
        "z": 80.87191772460938
      },
      "rotation": {
        "w": 0.8018433451652527,
        "x": -4.444986188900657e-06,
        "y": -5.724679431295954e-05,
        "z": 0.5975342988967896
      },
      "entity_min": {
        "x": 719.2996826171875,
        "y": 855.1316528320312,
        "z": 73.00407409667969
      },
      "entity_max": {
        "x": 726.31689453125,
        "y": 869.6655883789062,
        "z": 88.73976135253906
      },
      "entity_size": {
        "x": 1.0,
        "y": 1.0,
        "z": 1.0
      },
      "owner": "SDBP_Aich_Shenxin_C_2147478706",
      "grid_x": "-3,-3,-3",
      "grid_y": "-5,-4,-6",
      "grid_id": "111,93,129",
      "chain_item_id": "BP_Plate_01_C_2147478494"
    }
  ],
  "agents": [
    {
      "id": "SDBP_Aich_Shenxin_C_2147478706",