{
  "scene_info": {
    "map_name": "SDBP_Map_073",
    "room_name": "diningRoom",
    "room_bound": {
      "x_min": -58.00600051879883,
      "y_min": 137.79200744628906,
      "z_min": 0.0,
      "x_max": 407.64898681640625,
      "y_max": 800.4660034179688,
      "z_max": 263.9549865722656
    },
    "table_id": "BP_DiningTable_23_C_0",
    "base_id": "BP_DiningTable_23",
    "position": {
      "x": 285.55023193359375,
      "y": 336.80999755859375,
      "z": -7.000000096013537e-06
    },
    "rotation": {
      "x": 0.0,
      "y": 0.0,
      "z": 0.0,
      "w": 1.0
    },
    "aabb_bounds": {
      "min": {
        "x": 175.09376525878906,
        "y": 284.8841247558594,
        "z": -7.000000096013537e-06
      },
      "max": {
        "x": 394.72137451171875,
        "y": 388.7358703613281,
        "z": 76.5702896118164
      }
    }
  },
  "objects": [
    {
      "id": "BP_Chair_0_C_2147333214",
      "base_id": "BP_Chair_0",
      "type": "chair",
      "location": {
        "x": 328.156005859375,
        "y": 253.29800415039062,
        "z": 1.375
      },
      "rotation": {
        "x": 0.0,
        "y": -0.0,
        "z": 0.04399862140417099,
        "w": 0.9990316033363342
      },
      "entity_min": {
        "x": 296.2032165527344,
        "y": 208.51565551757812,
        "z": 0.5413637161254883
      },
      "entity_max": {
        "x": 361.0774230957031,
        "y": 286.6468811035156,
        "z": 111.67689514160156
      },
      "entity_size": {
        "x": 1.0,
        "y": 1.0,
        "z": 1.0
      },
      "direction": "back",
      "is_sittable": true,
      "movable": true,
      "matched": "SDBP_Aich_AIBaby_Tiantian_90_C_2147434137",
      "is_sit": true,
      "owner": "room"
    },
    {
      "id": "BP_Toy_XYY_C_2147333013",
      "base_id": "BP_Toy_XYY",
      "my_type": "toy",
      "location": {
        "x": 334.9075622558594,
        "y": 306.80999755859375,
        "z": 76.5702896118164
      },
      "rotation": {
        "w": 0.6381054520606995,
        "x": 0.0,
        "y": -0.0,
        "z": 0.7699489593505859
      },
      "entity_min": {
        "x": 328.98956298828125,
        "y": 301.5440368652344,
        "z": 76.5702896118164
      },
      "entity_max": {
        "x": 340.8255615234375,
        "y": 312.0759582519531,
        "z": 91.98870849609375
      },
      "entity_size": {
        "x": 0.6000000238418579,
        "y": 0.6000000238418579,
        "z": 0.6000000238418579
      },
      "owner": "SDBP_Aich_AIBaby_Tiantian_90_C_2147434137",
      "grid_x": "5",
      "grid_y": "-3",
      "grid_id": "106",
      "chain_item_id": null
    },
    {
      "id": "BP_WallMirror_05_C_2147333012",
      "base_id": "BP_WallMirror_05",
      "my_type": "mirror",
      "location": {
        "x": 254.90756225585938,
        "y": 296.80999755859375,
        "z": 77.5702896118164
      },
      "rotation": {
        "w": 0.0741606280207634,
        "x": 0.03071833774447441,
        "y": 0.38144856691360474,
        "z": 0.9208982586860657
      },
      "entity_min": {
        "x": 245.3472442626953,
        "y": 295.57684326171875,
        "z": 76.76738739013672
      },
      "entity_max": {
        "x": 267.2667541503906,
        "y": 315.3081359863281,
        "z": 95.86265563964844
      },
      "entity_size": {
        "x": 0.30000001192092896,
        "y": 0.30000001192092896,
        "z": 0.30000001192092896
      },
      "owner": "SDBP_Aich_Liqiuyue_C_2147434036",
      "grid_x": "-3,-2,-2,-3,-4,-4",
      "grid_y": "-4,-3,-4,-3,-3,-4",
      "grid_id": "87,53,69,71,89,105",
      "chain_item_id": null
    },
    {
      "id": "BP_Drink_Sprite_02_C_2147333011",
      "base_id": "BP_Drink_Sprite_02",
      "my_type": "drink",
      "location": {
        "x": 304.9075622558594,
        "y": 296.80999755859375,
        "z": 76.5702896118164
      },
      "rotation": {
        "w": 0.03337280824780464,
        "x": -0.0,
        "y": 0.0,
        "z": -0.999442994594574
      },
      "entity_min": {
        "x": 301.3167724609375,
        "y": 292.7495422363281,
        "z": 76.5702896118164
      },
      "entity_max": {
        "x": 308.49835205078125,
        "y": 300.8704528808594,
        "z": 91.1812973022461
      },
      "entity_size": {
        "x": 0.20000000298023224,
        "y": 0.20000000298023224,
        "z": 0.20000000298023224
      },
      "owner": "SDBP_Aich_AIBaby_Tiantian_90_C_2147434137",
      "grid_x": "2",
      "grid_y": "-4",
      "grid_id": "68",
      "chain_item_id": null
    },
    {
      "id": "BP_Food_CheeriosBox_C_2147333010",
      "base_id": "BP_Food_CheeriosBox",
      "my_type": "snack",
      "location": {
        "x": 214.90756225585938,
        "y": 306.80999755859375,
        "z": 76.63028717041016
      },
      "rotation": {
        "w": 0.9996551275253296,
        "x": -0.0,
        "y": 0.0,
        "z": -0.026259899139404297
      },
      "entity_min": {
        "x": 207.77334594726562,
        "y": 302.5659484863281,
        "z": 76.5702896118164
      },
      "entity_max": {
        "x": 222.0433349609375,
        "y": 311.053955078125,
        "z": 89.75528717041016
      },
      "entity_size": {
        "x": 0.6000000238418579,
        "y": 0.6000000238418579,
        "z": 0.6000000238418579
      },
      "owner": "SDBP_Aich_Liqiuyue_C_2147434036",
      "grid_x": "-7",
      "grid_y": "-3",
      "grid_id": "143",
      "chain_item_id": null
    },
    {
      "id": "BP_Lipstick_02_C_2147333008",
      "base_id": "BP_Lipstick_02",
      "my_type": "lipstick",
      "location": {
        "x": 284.9075622558594,
        "y": 306.80999755859375,
        "z": 76.5702896118164
      },
      "rotation": {
        "w": 0.0404314324259758,
        "x": -0.0,
        "y": 0.0,
        "z": -0.9991823434829712
      },
      "entity_min": {
        "x": 283.7630920410156,
        "y": 305.159423828125,
        "z": 76.5702896118164
      },
      "entity_max": {
        "x": 286.0520324707031,
        "y": 308.4605712890625,
        "z": 85.05630493164062
      },
      "entity_size": {
        "x": 2.0,
        "y": 2.0,
        "z": 2.0
      },
      "owner": "SDBP_Aich_Liqiuyue_C_2147434036",
      "grid_x": "0",
      "grid_y": "-3",
      "grid_id": "19",
      "chain_item_id": null
    }
  ],
  "agents": [
    {
      "id": "SDBP_Aich_Liqiuyue_C_2147333204",
      "base_id": "SDBP_Aich_Liqiuyue",
      "type": "woman",
      "location": {
        "x": 325.46636962890625,
        "y": 283.77410888671875,
        "z": 93.77130889892578
      },
      "rotation": {
        "x": 0.0,
        "y": -0.0,
        "z": 0.7375337481498718,
        "w": 0.6753103137016296
      },
      "entity_size": {
        "x": 1.0,
        "y": 1.0,
        "z": 1.0
      },
      "direction": "back",
      "status": "sitting",
      "chair_id": "BP_Chair_0_C_2147333214",
      "skeleton": {
        "spine_03": {
          "x": 328.6326,
          "y": 248.1645,
          "z": 89.715805
        },
        "clavicle_l": {
          "x": 333.65768,
          "y": 248.06677,
          "z": 109.03115
        },
        "pelvis": {
          "x": 328.96115,
          "y": 244.20789,
          "z": 66.62898
        },
        "lowerarm_r": {
          "x": 306.15128,
          "y": 253.46016,
          "z": 85.33259
        },
        "ball_r": {
          "x": 305.77707,
          "y": 309.51202,
          "z": 18.063408
        },
        "head": {
          "x": 328.42944,
          "y": 250.43953,
          "z": 121.366
        },
        "pinky_01_r": {
          "x": 307.3495,
          "y": 275.63098,
          "z": 68.000496
        },
        "foot_r": {
          "x": 308.42023,
          "y": 296.1801,
          "z": 19.221117
        },
        "thumb_01_l": {
          "x": 340.86462,
          "y": 273.0432,
          "z": 69.437325
        },
        "hand_l": {
          "x": 343.01282,
          "y": 271.631,