{
  "scene_info": {
    "map_name": "SDBP_Map_005",
    "room_name": "kitchen",
    "room_bound": {
      "x_min": 644.3980102539062,
      "y_min": 633.6530151367188,
      "z_min": 0.31299999356269836,
      "x_max": 1049.60205078125,
      "y_max": 1116.3470458984375,
      "z_max": 272.3479919433594
    },
    "table_id": "BP_DiningTable_03_C_0",
    "base_id": "BP_DiningTable_03",
    "position": {
      "x": 752.813232421875,
      "y": 912.4080810546875,
      "z": -1.0
    },
    "rotation": {
      "x": 0.0,
      "y": -0.0,
      "z": 0.7071067690849304,
      "w": 0.7071067690849304
    },
    "aabb_bounds": {
      "min": {
        "x": 703.9795532226562,
        "y": 815.6463012695312,
        "z": -3.512866497039795
      },
      "max": {
        "x": 801.6469116210938,
        "y": 1009.1698608398438,
        "z": 70.80511474609375
      }
    }
  },
  "objects": [
    {
      "id": "BP_Chair_0_C_2147335825",
      "base_id": "BP_Chair_0",
      "type": "chair",
      "location": {
        "x": 670.677001953125,
        "y": 1009.9349975585938,
        "z": 0.0
      },
      "rotation": {
        "x": -0.0,
        "y": 0.0,
        "z": -0.7969973087310791,
        "w": 0.6039828658103943
      },
      "entity_min": {
        "x": 640.1057739257812,
        "y": 967.3399047851562,
        "z": -0.8336362838745117
      },
      "entity_max": {
        "x": 690.2122192382812,
        "y": 1055.671630859375,
        "z": 110.30189514160156
      },
      "entity_size": {
        "x": 1.0,
        "y": 1.0,
        "z": 1.0
      },
      "direction": "right",
      "is_sittable": true,
      "movable": true,
      "matched": "SDBP_Aich_AIBabyV7_Shoes_C_2147367940",
      "is_sit": true,
      "owner": "room"
    },
    {
      "id": "BP_Chair_0_C_2147335821",
      "base_id": "BP_Chair_0",
      "type": "chair",
      "location": {
        "x": 826.34,
        "y": 880.33,
        "z": 0.0
      },
      "rotation": {
        "x": 0.0,
        "y": 0.0,
        "z": 0.676,
        "w": 0.737
      },
      "entity_min": {
        "x": 799.2006225585938,
        "y": 841.100341796875,
        "z": -0.8336362838745117
      },
      "entity_max": {
        "x": 864.9077758789062,
        "y": 918.5323486328125,
        "z": 110.30189514160156
      },
      "entity_size": {
        "x": 1.0,
        "y": 1.0,
        "z": 1.0
      },
      "direction": "left",
      "is_sittable": true,
      "movable": true,
      "matched": false,
      "owner": "room"
    },
    {
      "id": "BP_Toy_BrownBear_C_2147335620",
      "base_id": "BP_Toy_BrownBear",
      "my_type": "toy",
      "location": {
        "x": 733.3199462890625,
        "y": 992.3571166992188,
        "z": 68.36803436279297
      },
      "rotation": {
        "w": 0.9514207243919373,
        "x": 0.17695531249046326,
        "y": -0.043703820556402206,
        "z": -0.2481440007686615
      },
      "entity_min": {
        "x": 719.5133666992188,
        "y": 985.7514038085938,
        "z": 65.30189514160156
      },
      "entity_max": {
        "x": 743.5394897460938,
        "y": 993.47119140625,
        "z": 99.10697174072266
      },
      "entity_size": {
        "x": 0.6000000238418579,
        "y": 0.6000000238418579,
        "z": 0.6000000238418579
      },
      "owner": "SDBP_Aich_AIBabyV7_Shoes_C_2147367940",
      "grid_x": "-2,-1,-3",
      "grid_y": "8,8,8",
      "grid_id": "135,116,151",
      "chain_item_id": null
    },
    {
      "id": "BP_Decor_Eyeglasses01Frame01_C_2147335618",
      "base_id": "BP_Decor_Eyeglasses01Frame01",
      "my_type": "glasses",
      "location": {
        "x": 722.8247680664062,
        "y": 952.4227294921875,
        "z": 70.87227630615234
      },
      "rotation": {
        "w": 0.8648316264152527,
        "x": 0.023108432069420815,
        "y": -0.013402466662228107,
        "z": -0.5013508200645447
      },
      "entity_min": {
        "x": 712.3675537109375,
        "y": 948.1359252929688,
        "z": 70.29915618896484
      },
      "entity_max": {
        "x": 725.606689453125,
        "y": 952.1206665039062,
        "z": 73.57232666015625
      },
      "entity_size": {
        "x": 0.6499999761581421,
        "y": 0.6499999761581421,
        "z": 0.6499999761581421
      },
      "owner": "SDBP_Aich_Nainai_C_2147367841",
      "grid_x": "-3,-4",
      "grid_y": "4,4",
      "grid_id": "84,104",
      "chain_item_id": null
    },
    {
      "id": "BP_Book_4_C_2147335617",
      "base_id": "BP_Book_4",
      "my_type": "book",
      "location": {
        "x": 712.813232421875,
        "y": 982.4080810546875,
        "z": 71.20516204833984
      },
      "rotation": {
        "w": 0.6703544855117798,
        "x": 0.6703544855117798,
        "y": -0.22499972581863403,
        "z": -0.22499972581863403
      },
      "entity_min": {
        "x": 712.7978515625,
        "y": 963.9472045898438,
        "z": 70.80511474609375
      },
      "entity_max": {
        "x": 713.0501708984375,
        "y": 982.9771118164062,
        "z": 73.42765808105469
      },
      "entity_size": {
        "x": 0.800000011920929,
        "y": 0.800000011920929,
        "z": 0.800000011920929
      },
      "owner": "SDBP_Aich_AIBabyV7_Shoes_C_2147367940",
      "grid_x": "-4,-4",
      "grid_y": "7,6",
      "grid_id": "153,139",
      "chain_item_id": null
    },
    {
      "id": "BP_Book_9_C_2147335616",
      "base_id": "BP_Book_9",
      "my_type": "book",
      "location": {
        "x": 722.813232421875,
        "y": 892.4080810546875,
        "z": 71.09550476074219
      },
      "rotation": {
        "w": 0.6885218024253845,
        "x": 0.6885218024253845,
        "y": 0.1610519289970398,
        "z": 0.1610519289970398
      },
      "entity_min": {
        "x": 722.3283081054688,
        "y": 882.67919921875,
        "z": 70.80511474609375
      },
      "entity_max": {
        "x": 741.1787109375,
        "y": 892.5668334960938,
        "z": 73.32925415039062
      },
      "entity_size": {
        "x": 0.800000011920929,
        "y": 0.800000011920929,
        "z": 0.800000011920929
      },
      "owner": "SDBP_Aich_Nainai_C_2147367841",
      "grid_x": "-3,-2,-2,-3",
      "grid_y": "-2,-2,-3,-3",
      "grid_id": "57,37,55,75",
      "chain_item_id": null
    },
    {
      "id": "BP_Cap_01_C_2147335615",
      "base_id": "BP_Cap_01",
      "my_type": "cap",
      "location": {
        "x": 732.8193359375,
        "y": 1004.1061401367188,
        "z": 69.1628189086914
      },
      "rotation": {
        "w": 0.5338268876075745,
        "x": -0.0009017000556923449,
        "y": 0.001717561506666243,
        "z": 0.8455915451049805
      },
      "entity_min": {
        "x": 718.2786254882812,
        "y": 1002.1196899414062,
        "z": 68.97210693359375
      },
      "entity_max": {
        "x": 747.0734252929688,
        "y": 1006.5062866210938,
        "z": 78.09939575195312
      },
      "entity_size": {
        "x": 1.0,
        "y": 1.0,
        "z": 1.0
      },
      "owner": "SDBP_Aich_AIBabyV7_Shoes_C_2147367940",
      "grid_x": "-2,-1,-3",
      "grid_y": "9,9,9",
      "grid_id": "149,133,161",
      "chain_item_id": null
    }
  ],
  "agents": [
    {
      "id": "SDBP_Aich_Nainai_C_2147335811",
      "base_id": "SDBP_Aich_Nainai",
      "type": "grandma",
      "location": {
        "x": 700.1317749023438,
        "y": 1001.6619262695312,
        "z": 92.89630889892578
      },
      "rotation": {
        "x": -0.0,
        "y": 0.0,
        "z": -0.13648182153701782,
        "w": 0.9906425476074219
      },
      "entity_size": {
        "x": 1.0,
        "y": 1.0,
        "z": 1.0
      },
      "direction": "right",
      "status": "sitting",
      "chair_id": "BP_Chair_0_C_2147335825",
      "skeleton": {
        "spine_03": {
          "x": 665.23474,
          "y": 1011.4462,
          "z": 89.047745
        },
        "lowerarm_r": {
          "x": 678.67236,
          "y": 1029.2191,