{
  "scene_info": {
    "map_name": "SDBP_Map_013",
    "room_name": "diningRoom",
    "room_bound": {
      "x_min": -626.801025390625,
      "y_min": 252.56700134277344,
      "z_min": 0.125,
      "x_max": -109.10800170898438,
      "y_max": 729.7520141601562,
      "z_max": 283.52801513671875
    },
    "table_id": "BP_DiningTable_06_C_1",
    "base_id": "BP_DiningTable_06",
    "position": {
      "x": -437.83416748046875,
      "y": 504.7080993652344,
      "z": -0.002032453892752528
    },
    "rotation": {
      "x": 0.0,
      "y": -0.0,
      "z": 0.7071067690849304,
      "w": 0.7071067690849304
    },
    "aabb_bounds": {
      "min": {
        "x": -482.83416748046875,
        "y": 419.70941162109375,
        "z": -0.18953245878219604
      },
      "max": {
        "x": -392.83416748046875,
        "y": 589.7872924804688,
        "z": 74.98797607421875
      }
    }
  },
  "objects": [
    {
      "id": "BP_Chair_0_C_2147323682",
      "base_id": "BP_Chair_0",
      "type": "chair",
      "location": {
        "x": -352.482,
        "y": 564.977,
        "z": -0.002
      },
      "rotation": {
        "x": 0.0,
        "y": 0.0,
        "z": 0.82,
        "w": 0.573
      },
      "entity_min": {
        "x": -393.2578125,
        "y": 545.7984008789062,
        "z": -0.8356362581253052
      },
      "entity_max": {
        "x": -300.920166015625,
        "y": 588.0702514648438,
        "z": 110.29989624023438
      },
      "entity_size": {
        "x": 1.0,
        "y": 1.0,
        "z": 1.0
      },
      "direction": "left",
      "is_sittable": true,
      "movable": true,
      "matched": false,
      "owner": "room"
    },
    {
      "id": "BP_Chair_0_C_2147323678",
      "base_id": "BP_Chair_0",
      "type": "chair",
      "location": {
        "x": -515.6510009765625,
        "y": 564.9769897460938,
        "z": -0.0020000000949949026
      },
      "rotation": {
        "x": -0.0,
        "y": 0.0,
        "z": -0.7700039744377136,
        "w": 0.6380390524864197
      },
      "entity_min": {
        "x": -550.0772094726562,
        "y": 524.2385864257812,
        "z": -0.8356362581253052
      },
      "entity_max": {
        "x": -492.4918212890625,
        "y": 607.8870239257812,
        "z": 110.29989624023438
      },
      "entity_size": {
        "x": 1.0,
        "y": 1.0,
        "z": 1.0
      },
      "direction": "right",
      "is_sittable": true,
      "movable": true,
      "matched": "SDBP_Aich_Liqiuyue_C_2147436316",
      "is_sit": true,
      "owner": "room"
    },
    {
      "id": "BP_Chair_0_C_2147323674",
      "base_id": "BP_Chair_0",
      "type": "chair",
      "location": {
        "x": -515.6510009765625,
        "y": 491.6080017089844,
        "z": -0.0020000000949949026
      },
      "rotation": {
        "x": -0.0,
        "y": 0.0,
        "z": -0.701998770236969,
        "w": 0.7121781706809998
      },
      "entity_min": {
        "x": -557.9614868164062,
        "y": 456.3225402832031,
        "z": -0.8356362581253052
      },
      "entity_max": {
        "x": -484.81427001953125,
        "y": 526.7685546875,
        "z": 110.29989624023438
      },
      "entity_size": {
        "x": 1.0,
        "y": 1.0,
        "z": 1.0
      },
      "direction": "right",
      "is_sittable": true,
      "movable": true,
      "matched": "SDBP_Aich_AIBabyV7_Shoes_C_2147436219",
      "is_sit": true,
      "owner": "room"
    },
    {
      "id": "BP_Plate_02_TL_C_2147323472",
      "base_id": "BP_Plate_02_TL",
      "my_type": "plate",
      "location": {
        "x": -447.8916931152344,
        "y": 504.86090087890625,
        "z": 75.3123550415039
      },
      "rotation": {
        "w": 0.9900417327880859,
        "x": -1.6820496966829523e-05,
        "y": -1.2914735634694807e-05,
        "z": 0.14077426493167877
      },
      "entity_min": {
        "x": -453.2522277832031,
        "y": 495.13037109375,
        "z": 74.98748779296875
      },
      "entity_max": {
        "x": -442.5498046875,
        "y": 514.5856323242188,
        "z": 76.17332458496094
      },
      "entity_size": {
        "x": 0.6499999761581421,
        "y": 0.6499999761581421,
        "z": 0.6499999761581421
      },
      "owner": "SDBP_Aich_AIBabyV7_Shoes_C_2147436219",
      "grid_x": "-1,-1,-1",
      "grid_y": "0,1,-1",
      "grid_id": "5,8,11",
      "chain_item_id": "BP_Apple_Green_01_C_2147436109"
    },
    {
      "id": "BP_Bag_Bag_C_2147323471",
      "base_id": "BP_Bag_Bag",
      "my_type": "redbag",
      "location": {
        "x": -447.8103332519531,
        "y": 524.7291870117188,
        "z": 75.53105163574219
      },
      "rotation": {
        "w": 0.9180877804756165,
        "x": 0.000778268848080188,
        "y": 0.0005289675318636,
        "z": -0.39637598395347595
      },
      "entity_min": {
        "x": -460.94305419921875,
        "y": 522.9934692382812,
        "z": 74.99620819091797
      },
      "entity_max": {
        "x": -434.69268798828125,
        "y": 526.4641723632812,
        "z": 87.45977783203125
      },
      "entity_size": {
        "x": 1.0,
        "y": 1.0,
        "z": 1.0
      },
      "owner": "SDBP_Aich_Liqiuyue_C_2147436316",
      "grid_x": "-1,0,-2",
      "grid_y": "2,2,2",
      "grid_id": "16,6,30",
      "chain_item_id": null
    },
    {
      "id": "BP_Cap_01_C_2147323470",
      "base_id": "BP_Cap_01",
      "my_type": "cap",
      "location": {
        "x": -468.10736083984375,
        "y": 474.27801513671875,
        "z": 75.17813873291016
      },
      "rotation": {
        "w": 0.9366995096206665,
        "x": -0.0002391496964264661,
        "y": -4.044363959110342e-05,
        "z": 0.3501342535018921
      },
      "entity_min": {
        "x": -469.7216796875,
        "y": 460.01220703125,
        "z": 74.99059295654297
      },
      "entity_max": {
        "x": -466.2065734863281,
        "y": 488.92791748046875,
        "z": 84.1128921508789
      },
      "entity_size": {
        "x": 1.0,
        "y": 1.0,
        "z": 1.0
      },
      "owner": "SDBP_Aich_AIBabyV7_Shoes_C_2147436219",
      "grid_x": "-3,-3,-3",
      "grid_y": "-3,-2,-4",
      "grid_id": "75,57,93",
      "chain_item_id": null
    },
    {
      "id": "BP_Flex_Cup_Kitchen_C_2147323469",
      "base_id": "BP_Flex_Cup_Kitchen",
      "my_type": "pinkcup",
      "location": {
        "x": -467.83416748046875,
        "y": 554.7483520507812,
        "z": 74.99710083007812
      },
      "rotation": {
        "w": 0.7899125814437866,
        "x": 0.0,
        "y": -0.0,
        "z": 0.6132194399833679
      },
      "entity_min": {
        "x": -474.0572814941406,
        "y": 547.8961181640625,
        "z": 74.98797607421875
      },
      "entity_max": {
        "x": -461.8252258300781,
        "y": 561.70263671875,
        "z": 83.70982360839844
      },
      "entity_size": {
        "x": 1.2000000476837158,
        "y": 1.2000000476837158,
        "z": 1.2000000476837158
      },
      "owner": "SDBP_Aich_Liqiuyue_C_2147436316",
      "grid_x": "-3",
      "grid_y": "5",
      "grid_id": "102",
      "chain_item_id": null
    },
    {
      "id": "BP_Apple_Green_01_C_2147323468",
      "base_id": "BP_Apple_Green_01",
      "my_type": "platefood",
      "location": {
        "x": -447.9919738769531,
        "y": 505.1233215332031,
        "z": 75.90290069580078
      },
      "rotation": {
        "w": 0.4174065887928009,
        "x": -0.007636165712028742,
        "y": -0.004564268048852682,
        "z": -0.908676266670227
      },
      "entity_min": {
        "x": -448.3292541503906,
        "y": 499.3728942871094,
        "z": 75.72747039794922
      },
      "entity_max": {
        "x": -447.1965637207031,
        "y": 511.199462890625,
        "z": 84.47930145263672
      },
      "entity_size": {
        "x": 1.0,
        "y": 1.0,
        "z": 1.0
      },
      "owner": "SDBP_Aich_AIBabyV7_Shoes_C_2147436219",
      "grid_x": "-1,-1,-1",