{
  "scene_info": {
    "map_name": "SDBP_Map_001",
    "room_name": "livingRoom",
    "room_bound": {
      "x_min": 100.17400360107422,
      "y_min": -265.0450134277344,
      "z_min": 1.5,
      "x_max": 666.8939819335938,
      "y_max": 303.8710021972656,
      "z_max": 287.0
    },
    "table_id": "BP_CoffeeTable_Table_Coffee_C_0",
    "base_id": "BP_CoffeeTable_Table_Coffee",
    "position": {
      "x": 498.91754150390625,
      "y": -44.21162796020508,
      "z": 1.3366773128509521
    },
    "rotation": {
      "x": 0.0,
      "y": -0.0,
      "z": 0.7071067690849304,
      "w": 0.7071067690849304
    },
    "aabb_bounds": {
      "min": {
        "x": 455.7310485839844,
        "y": -114.81076049804688,
        "z": 1.3366773128509521
      },
      "max": {
        "x": 542.10400390625,
        "y": 26.387508392333984,
        "z": 33.09556198120117
      }
    }
  },
  "objects": [
    {
      "id": "BP_Sofa_001_C_2147362711",
      "base_id": "BP_Sofa_001",
      "type": "longBackrestSofa",
      "location": {
        "x": 348.97,
        "y": -77.717,
        "z": -2.494
      },
      "rotation": {
        "x": 0.0,
        "y": 0.0,
        "z": -0.707,
        "w": 0.707
      },
      "entity_min": {
        "x": 293.7313232421875,
        "y": -206.09378051757812,
        "z": -2.762751579284668
      },
      "entity_max": {
        "x": 405.0168151855469,
        "y": 50.04229736328125,
        "z": 60.68777084350586
      },
      "entity_size": {
        "x": 1.0,
        "y": 1.0,
        "z": 1.0
      },
      "direction": "right",
      "is_sittable": true,
      "movable": false,
      "matched": false,
      "owner": "room"
    },
    {
      "id": "BP_Sofa_003_C_2147362707",
      "base_id": "BP_Sofa_003",
      "type": "shortBacklessSofa",
      "location": {
        "x": 511.797,
        "y": -195.643,
        "z": 0.337
      },
      "rotation": {
        "x": 0.0,
        "y": 0.0,
        "z": 0.0,
        "w": 1.0
      },
      "entity_min": {
        "x": 458.7568664550781,
        "y": -237.4432830810547,
        "z": 0.5113370418548584
      },
      "entity_max": {
        "x": 564.8373413085938,
        "y": -161.3242645263672,
        "z": 110.63909912109375
      },
      "entity_size": {
        "x": 1.0,
        "y": 1.0,
        "z": 1.0
      },
      "direction": "back",
      "is_sittable": true,
      "movable": false,
      "matched": false,
      "owner": "room"
    },
    {
      "id": "BP_Toy_Car_Blue_C_2147362507",
      "base_id": "BP_Toy_Car_Blue",
      "my_type": "boytoy",
      "location": {
        "x": 528.9175415039062,
        "y": -74.21161651611328,
        "z": 33.10896682739258
      },
      "rotation": {
        "w": 0.10011223703622818,
        "x": 0.0,
        "y": -0.0,
        "z": 0.9949761629104614
      },
      "entity_min": {
        "x": 522.2120361328125,
        "y": -87.09938049316406,
        "z": 33.09556198120117
      },
      "entity_max": {
        "x": 533.925048828125,
        "y": -69.67603302001953,
        "z": 38.29765319824219
      },
      "entity_size": {
        "x": 0.75,
        "y": 0.75,
        "z": 0.75
      },
      "owner": "SDBP_Aich_AIBaby_Tiantian_90_C_2147480161",
      "grid_x": "3,3",
      "grid_y": "-3,-4",
      "grid_id": "66,78",
      "chain_item_id": null
    },
    {
      "id": "BP_WallMirror_05_C_2147362506",
      "base_id": "BP_WallMirror_05",
      "my_type": "mirror",
      "location": {
        "x": 508.91754150390625,
        "y": 15.788373947143555,
        "z": 34.09556198120117
      },
      "rotation": {
        "w": 0.9233903884887695,
        "x": 0.38248082995414734,
        "y": 0.01245072577148676,
        "z": 0.030058709904551506
      },
      "entity_min": {
        "x": 496.59600830078125,
        "y": -0.09983968734741211,
        "z": 33.29265594482422
      },
      "entity_max": {
        "x": 522.3765869140625,
        "y": 14.223234176635742,
        "z": 52.38793182373047
      },
      "entity_size": {
        "x": 0.30000001192092896,
        "y": 0.30000001192092896,
        "z": 0.30000001192092896
      },
      "owner": "SDBP_Aich_Liyuxia_C_2147480060",
      "grid_x": "1,0,1,2",
      "grid_y": "6,5,5,5",
      "grid_id": "68,40,55,70",
      "chain_item_id": null
    },
    {
      "id": "BP_Drink_Sprite_01_C_2147362505",
      "base_id": "BP_Drink_Sprite_01",
      "my_type": "drink",
      "location": {
        "x": 528.9175415039062,
        "y": -24.211631774902344,
        "z": 33.09556579589844
      },
      "rotation": {
        "w": 0.3272973895072937,
        "x": 0.0,
        "y": -0.0,
        "z": 0.9449213743209839
      },
      "entity_min": {
        "x": 523.1326904296875,
        "y": -24.93243980407715,
        "z": 33.09556579589844
      },
      "entity_max": {
        "x": 534.702392578125,
        "y": -23.49082374572754,
        "z": 64.01459503173828
      },
      "entity_size": {
        "x": 0.20000000298023224,
        "y": 0.20000000298023224,
        "z": 0.20000000298023224
      },
      "owner": "SDBP_Aich_AIBaby_Tiantian_90_C_2147480161",
      "grid_x": "3",
      "grid_y": "2",
      "grid_id": "45",
      "chain_item_id": null
    },
    {
      "id": "BP_Cola_02_C_2147362504",
      "base_id": "BP_Cola_02",
      "my_type": "drink",
      "location": {
        "x": 478.91754150390625,
        "y": 15.788359642028809,
        "z": 33.09556579589844
      },
      "rotation": {
        "w": 0.8179473280906677,
        "x": 0.0,
        "y": -0.0,
        "z": 0.5752931237220764
      },
      "entity_min": {
        "x": 476.6329345703125,
        "y": 10.872913360595703,
        "z": 33.09556579589844
      },
      "entity_max": {
        "x": 481.2021484375,
        "y": 20.703805923461914,
        "z": 47.70657730102539
      },
      "entity_size": {
        "x": 0.20000000298023224,
        "y": 0.20000000298023224,
        "z": 0.20000000298023224
      },
      "owner": "SDBP_Aich_Liyuxia_C_2147480060",
      "grid_x": "-2",
      "grid_y": "6",
      "grid_id": "81",
      "chain_item_id": null
    },
    {
      "id": "BP_Comb_01_Wood_C_2147362503",
      "base_id": "BP_Comb_01_Wood",
      "my_type": "comb",
      "location": {
        "x": 528.9175415039062,
        "y": -4.211630821228027,
        "z": 33.09556198120117
      },
      "rotation": {
        "w": 0.9998207688331604,
        "x": 0.0,
        "y": -0.0,
        "z": 0.018932610750198364
      },
      "entity_min": {
        "x": 526.4576416015625,
        "y": -13.653127670288086,
        "z": 33.09556198120117
      },
      "entity_max": {
        "x": 531.3764038085938,
        "y": 5.313586235046387,
        "z": 34.16126251220703
      },
      "entity_size": {
        "x": 1.0,
        "y": 1.0,
        "z": 1.0
      },
      "owner": "SDBP_Aich_Liyuxia_C_2147480060",
      "grid_x": "3,3,3",
      "grid_y": "4,3,5",
      "grid_id": "72,59,82",
      "chain_item_id": null
    }
  ],
  "agents": [
    {
      "id": "SDBP_Aich_Liyuxia_C_2147362698",
      "base_id": "SDBP_Aich_Liyuxia",
      "type": "woman",
      "location": {
        "x": 582.909423828125,
        "y": -66.98318481445312,
        "z": 83.64999389648438
      },
      "rotation": {
        "x": -0.0,
        "y": 0.0,
        "z": -0.996921181678772,
        "w": 0.07841020822525024
      },
      "entity_size": {
        "x": 1.0,
        "y": 1.0,
        "z": 1.0
      },
      "direction": "left",
      "status": "standing",
      "skeleton": {
        "spine_03": {
          "x": 579.7958,
          "y": -68.242485,
          "z": 116.75561
        },
        "lowerarm_r": {
          "x": 588.4693,
          "y": -86.234314,
          "z": 108.80125
        },
        "pelvis": {
          "x": 581.55695,
          "y": -67.69599,
          "z": 95.247116
        },
        "clavicle_l": {
          "x": 581.6423,
          "y": -63.923565,
          "z": 135.49562
        },