{
  "scene_info": {
    "map_name": "SDBP_Map_015",
    "room_name": "livingRoom",
    "room_bound": {
      "x_min": -624.0230102539062,
      "y_min": -547.2520141601562,
      "z_min": 3.750999927520752,
      "x_max": 9.204999923706055,
      "y_max": -105.2030029296875,
      "z_max": 286.40301513671875
    },
    "table_id": "BP_CoffeeTable_Table_Coffee_C_0",
    "base_id": "BP_CoffeeTable_Table_Coffee",
    "position": {
      "x": -223.8824462890625,
      "y": -384.6573181152344,
      "z": 5.351233005523682
    },
    "rotation": {
      "x": 0.0,
      "y": -0.0,
      "z": 0.7071067690849304,
      "w": 0.7071067690849304
    },
    "aabb_bounds": {
      "min": {
        "x": -254.11297607421875,
        "y": -434.07672119140625,
        "z": 5.351233005523682
      },
      "max": {
        "x": -193.65191650390625,
        "y": -335.2379150390625,
        "z": 37.1101188659668
      }
    }
  },
  "objects": [
    {
      "id": "BP_Plate_02_TL_C_2147347611",
      "base_id": "BP_Plate_02_TL",
      "my_type": "plate",
      "location": {
        "x": -213.87289428710938,
        "y": -424.63824462890625,
        "z": 37.43479919433594
      },
      "rotation": {
        "w": 0.1463753581047058,
        "x": 9.133136700256728e-06,
        "y": 2.9998850550327916e-06,
        "z": 0.989229142665863
      },
      "entity_min": {
        "x": -223.6511993408203,
        "y": -429.8813781738281,
        "z": 37.109596252441406
      },
      "entity_max": {
        "x": -204.0758056640625,
        "y": -419.4003601074219,
        "z": 38.29610061645508
      },
      "entity_size": {
        "x": 0.6499999761581421,
        "y": 0.6499999761581421,
        "z": 0.6499999761581421
      },
      "owner": "SDBP_Aich_AIBaby_Tiantian_90_C_2147369647",
      "grid_x": "1,0,2",
      "grid_y": "-4,-4,-4",
      "grid_id": "38,29,44",
      "chain_item_id": "BP_Food_Donut_5_C_2147369514"
    },
    {
      "id": "BP_Laptop_01_C_2147347610",
      "base_id": "BP_Laptop_01",
      "my_type": "computer",
      "location": {
        "x": -213.88380432128906,
        "y": -354.64593505859375,
        "z": 37.350032806396484
      },
      "rotation": {
        "w": 0.9998014569282532,
        "x": 0.00034686533035710454,
        "y": -0.0004883488873019814,
        "z": 0.0199156291782856
      },
      "entity_min": {
        "x": -225.01321411132812,
        "y": -368.828125,
        "z": 37.08407211303711
      },
      "entity_max": {
        "x": -202.5245819091797,
        "y": -346.2139587402344,
        "z": 53.49173355102539
      },
      "entity_size": {
        "x": 0.699999988079071,
        "y": 0.699999988079071,
        "z": 0.699999988079071
      },
      "owner": "SDBP_Aich_Zhanghaoran_C_2147369745",
      "grid_x": "1,0,0,1,2,2",
      "grid_y": "3,2,3,2,2,3",
      "grid_id": "25,6,14,15,27,36",
      "chain_item_id": null
    },
    {
      "id": "BP_Toy_garras_C_2147347608",
      "base_id": "BP_Toy_garras",
      "my_type": "toy",
      "location": {
        "x": -243.8824462890625,
        "y": -414.6573181152344,
        "z": 37.1101188659668
      },
      "rotation": {
        "w": 0.11374620348215103,
        "x": -0.0,
        "y": 0.0,
        "z": -0.993509829044342
      },
      "entity_min": {
        "x": -248.9891357421875,
        "y": -423.4120178222656,
        "z": 37.1101188659668
      },
      "entity_max": {
        "x": -238.7757568359375,
        "y": -405.9026184082031,
        "z": 59.187599182128906
      },
      "entity_size": {
        "x": 0.6000000238418579,
        "y": 0.6000000238418579,
        "z": 0.6000000238418579
      },
      "owner": "SDBP_Aich_AIBaby_Tiantian_90_C_2147369647",
      "grid_x": "-2",
      "grid_y": "-3",
      "grid_id": "41",
      "chain_item_id": null
    },
    {
      "id": "BP_Cola_02_C_2147347607",
      "base_id": "BP_Cola_02",
      "my_type": "drink",
      "location": {
        "x": -243.8824462890625,
        "y": -344.6573486328125,
        "z": 37.11012268066406
      },
      "rotation": {
        "w": 0.6867876052856445,
        "x": 0.0,
        "y": -0.0,
        "z": 0.7268581390380859
      },
      "entity_min": {
        "x": -247.906494140625,
        "y": -348.28887939453125,
        "z": 37.11012268066406
      },
      "entity_max": {
        "x": -239.8583984375,
        "y": -341.02581787109375,
        "z": 51.721134185791016
      },
      "entity_size": {
        "x": 0.20000000298023224,
        "y": 0.20000000298023224,
        "z": 0.20000000298023224
      },
      "owner": "SDBP_Aich_Zhanghaoran_C_2147369745",
      "grid_x": "-2",
      "grid_y": "4",
      "grid_id": "43",
      "chain_item_id": null
    },
    {
      "id": "BP_Food_Donut_5_C_2147347606",
      "base_id": "BP_Food_Donut_5",
      "my_type": "platefood",
      "location": {
        "x": -213.86962890625,
        "y": -424.73779296875,
        "z": 38.17362594604492
      },
      "rotation": {
        "w": 0.4185909330844879,
        "x": -0.0002774054592009634,
        "y": 0.001111397403292358,
        "z": -0.9081741571426392
      },
      "entity_min": {
        "x": -214.04571533203125,
        "y": -431.1540832519531,
        "z": 38.12126159667969
      },
      "entity_max": {
        "x": -213.7068328857422,
        "y": -418.241943359375,
        "z": 42.22160339355469
      },
      "entity_size": {
        "x": 1.0,
        "y": 1.0,
        "z": 1.0
      },
      "owner": "SDBP_Aich_AIBaby_Tiantian_90_C_2147369647",
      "grid_x": "1,0,2",
      "grid_y": "-4,-4,-4",
      "grid_id": "38,29,44",
      "chain_item_id": "BP_Plate_02_TL_C_2147369515"
    },
    {
      "id": "BP_Toy_Car_Blue_C_2147347605",
      "base_id": "BP_Toy_Car_Blue",
      "my_type": "boytoy",
      "location": {
        "x": -243.8824462890625,
        "y": -384.6573181152344,
        "z": 37.1235237121582
      },
      "rotation": {
        "w": 0.5826141238212585,
        "x": -0.0,
        "y": 0.0,
        "z": -0.812748908996582
      },
      "entity_min": {
        "x": -247.75083923339844,
        "y": -392.93341064453125,
        "z": 37.1101188659668
      },
      "entity_max": {
        "x": -231.9424285888672,
        "y": -379.1181335449219,
        "z": 42.31221008300781
      },
      "entity_size": {
        "x": 0.75,
        "y": 0.75,
        "z": 0.75
      },
      "owner": "SDBP_Aich_AIBaby_Tiantian_90_C_2147369647",
      "grid_x": "-2,-1",
      "grid_y": "0,0",
      "grid_id": "13,5",
      "chain_item_id": null
    }
  ],
  "agents": [
    {
      "id": "SDBP_Aich_AIBaby_Tiantian_90_C_2147347806",
      "base_id": "SDBP_Aich_AIBaby_Tiantian_90",
      "type": "boy",
      "location": {
        "x": -216.0489959716797,
        "y": -301.0660095214844,
        "z": 88.0921401977539
      },
      "rotation": {
        "x": -0.0,
        "y": 0.0,
        "z": -0.8526576161384583,
        "w": 0.5224701166152954
      },
      "entity_size": {
        "x": 1.0,
        "y": 1.0,
        "z": 1.0
      },
      "direction": "front",
      "status": "standing",
      "skeleton": {
        "spine_03": {
          "x": -216.46194,
          "y": -301.7916,
          "z": 63.29769
        },
        "clavicle_l": {
          "x": -219.08339,
          "y": -298.41068,
          "z": 75.27968
        },
        "pelvis": {
          "x": -215.78851,
          "y": -300.49246,
          "z": 45.923546
        },
        "lowerarm_r": {
          "x": -203.6566,
          "y": -305.57562,
          "z": 59.008266
        },
        "ball_r": {
          "x": -213.76485,
          "y": -305.2453,
          "z": 6.2480574
        },
        "head": {
          "x": -215.51268,
          "y": -299.93127,
          "z": 82.01041
        },
        "pinky_01_r": {
          "x": -201.89297,
          "y": -307.4945,
          "z": 43.568024
        },
        "foot_r": {
          "x": -210.72485,
          "y": -298.752,
          "z": 7.9059997
        },