{
  "scene_info": {
    "map_name": "SDBP_Map_013",
    "room_name": "diningRoom",
    "room_bound": {
      "x_min": -626.801025390625,
      "y_min": 252.56700134277344,
      "z_min": 0.125,
      "x_max": -109.10800170898438,
      "y_max": 729.7520141601562,
      "z_max": 283.52801513671875
    },
    "table_id": "BP_DiningTable_06_C_1",
    "base_id": "BP_DiningTable_06",
    "position": {
      "x": -437.83416748046875,
      "y": 504.7080993652344,
      "z": -0.002032453892752528
    },
    "rotation": {
      "x": 0.0,
      "y": -0.0,
      "z": 0.7071067690849304,
      "w": 0.7071067690849304
    },
    "aabb_bounds": {
      "min": {
        "x": -482.83416748046875,
        "y": 419.70941162109375,
        "z": -0.18953245878219604
      },
      "max": {
        "x": -392.83416748046875,
        "y": 589.7872924804688,
        "z": 74.98797607421875
      }
    }
  },
  "objects": [
    {
      "id": "BP_Laptop_01_C_2147451539",
      "base_id": "BP_Laptop_01",
      "my_type": "computer",
      "location": {
        "x": -457.84832763671875,
        "y": 454.74212646484375,
        "z": 75.22789001464844
      },
      "rotation": {
        "w": 0.6415947675704956,
        "x": 0.0006076387362554669,
        "y": -5.491311094374396e-05,
        "z": 0.7670435309410095
      },
      "entity_min": {
        "x": -467.760498046875,
        "y": 445.6665344238281,
        "z": 74.96149444580078
      },
      "entity_max": {
        "x": -442.2716979980469,
        "y": 464.8351745605469,
        "z": 91.36991119384766
      },
      "entity_size": {
        "x": 0.699999988079071,
        "y": 0.699999988079071,
        "z": 0.699999988079071
      },
      "owner": "SDBP_Aich_Shenxin_C_2147451733",
      "grid_x": "-2,-1,-1,-2,-1,-3,-2,-3,-3",
      "grid_y": "-5,-4,-5,-4,-6,-4,-6,-5,-6",
      "grid_id": "91,53,71,73,89,93,109,111,127",
      "chain_item_id": null
    },
    {
      "id": "BP_Doll_ncteague_C_2147451536",
      "base_id": "BP_Doll_ncteague",
      "my_type": "doll",
      "location": {
        "x": -467.8294982910156,
        "y": 524.7581787109375,
        "z": 75.00591278076172
      },
      "rotation": {
        "w": 0.06103958562016487,
        "x": -0.002421799348667264,
        "y": 0.0030173277482390404,
        "z": -0.998127818107605
      },
      "entity_min": {
        "x": -472.69195556640625,
        "y": 516.1171264648438,
        "z": 75.02334594726562
      },
      "entity_max": {
        "x": -463.21881103515625,
        "y": 533.0840454101562,
        "z": 97.41338348388672
      },
      "entity_size": {
        "x": 1.100000023841858,
        "y": 1.100000023841858,
        "z": 1.100000023841858
      },
      "owner": "SDBP_Aich_AIBabyV7_Shoes_C_2147451636",
      "grid_x": "-3",
      "grid_y": "2",
      "grid_id": "48",
      "chain_item_id": null
    },
    {
      "id": "BP_Food_179_C_2147451531",
      "base_id": "BP_Food_179",
      "my_type": "snack",
      "location": {
        "x": -447.8418273925781,
        "y": 474.9468994140625,
        "z": 75.02613830566406
      },
      "rotation": {
        "w": 0.3832949101924896,
        "x": 0.005251211579889059,
        "y": 0.016028018668293953,
        "z": 0.923471987247467
      },
      "entity_min": {
        "x": -456.1832580566406,
        "y": 472.9038391113281,
        "z": 74.88504028320312
      },
      "entity_max": {
        "x": -439.0510559082031,
        "y": 477.5126953125,
        "z": 95.59166717529297
      },
      "entity_size": {
        "x": 0.6000000238418579,
        "y": 0.6000000238418579,
        "z": 0.6000000238418579
      },
      "owner": "SDBP_Aich_Shenxin_C_2147451733",
      "grid_x": "-1",
      "grid_y": "-3",
      "grid_id": "35",
      "chain_item_id": null
    },
    {
      "id": "BP_Drink_Sprite_02_C_2147451512",
      "base_id": "BP_Drink_Sprite_02",
      "my_type": "drink",
      "location": {
        "x": -467.83416748046875,
        "y": 494.74835205078125,
        "z": 74.98797607421875
      },
      "rotation": {
        "w": 0.029525620862841606,
        "x": 0.0,
        "y": -0.0,
        "z": 0.9995640516281128
      },
      "entity_min": {
        "x": -471.9060974121094,
        "y": 491.17059326171875,
        "z": 74.98797607421875
      },
      "entity_max": {
        "x": -463.7622375488281,
        "y": 498.32611083984375,
        "z": 89.59898376464844
      },
      "entity_size": {
        "x": 0.20000000298023224,
        "y": 0.20000000298023224,
        "z": 0.20000000298023224
      },
      "owner": "SDBP_Aich_AIBabyV7_Shoes_C_2147451636",
      "grid_x": "-3",
      "grid_y": "-1",
      "grid_id": "39",
      "chain_item_id": null
    },
    {
      "id": "BP_Plate_C_2147451496",
      "base_id": "BP_Plate",
      "my_type": "plate",
      "location": {
        "x": -437.8341979980469,
        "y": 514.748291015625,
        "z": 74.98798370361328
      },
      "rotation": {
        "w": 0.541426956653595,
        "x": 3.1779741220816504e-06,
        "y": -1.1534519217093475e-05,
        "z": 0.8407477736473083
      },
      "entity_min": {
        "x": -453.3597106933594,
        "y": 508.9352722167969,
        "z": 74.98796081542969
      },
      "entity_max": {
        "x": -422.3752746582031,
        "y": 520.557861328125,
        "z": 77.18682861328125
      },
      "entity_size": {
        "x": 0.6499999761581421,
        "y": 0.6499999761581421,
        "z": 0.6499999761581421
      },
      "owner": "SDBP_Aich_AIBabyV7_Shoes_C_2147451636",
      "grid_x": "0,1,-1",
      "grid_y": "1,1,1",
      "grid_id": "2,7,8",
      "chain_item_id": "BP_Fruit_Plum_C_2147451495"
    },
    {
      "id": "BP_Fruit_Plum_C_2147451495",
      "base_id": "BP_Fruit_Plum",
      "my_type": "platefood",
      "location": {
        "x": -437.844970703125,
        "y": 514.7266235351562,
        "z": 77.30413818359375
      },
      "rotation": {
        "w": 0.306441992521286,
        "x": -1.0003798706748057e-05,
        "y": -9.431160833628383e-06,
        "z": -0.9518893361091614
      },
      "entity_min": {
        "x": -438.44903564453125,
        "y": 510.8830261230469,
        "z": 77.18673706054688
      },
      "entity_max": {
        "x": -437.2408447265625,
        "y": 518.5703125,
        "z": 81.80122375488281
      },
      "entity_size": {
        "x": 1.0,
        "y": 1.0,
        "z": 1.0
      },
      "owner": "SDBP_Aich_AIBabyV7_Shoes_C_2147451636",
      "grid_x": "0,1,-1",
      "grid_y": "1,1,1",
      "grid_id": "2,7,8",
      "chain_item_id": "BP_Plate_C_2147451496"
    }
  ],
  "agents": [
    {
      "id": "SDBP_Aich_Shenxin_C_2147451733",
      "base_id": "SDBP_Aich_Shenxin",
      "type": "man",
      "location": {
        "x": -516.3579711914062,
        "y": 444.32598876953125,
        "z": 86.27499389648438
      },
      "rotation": {
        "x": -0.0,
        "y": 0.0,
        "z": -0.07845941185951233,
        "w": 0.9969173073768616
      },
      "entity_size": {
        "x": 1.0,
        "y": 1.0,
        "z": 1.0
      },
      "direction": "right",
      "status": "standing",
      "skeleton": {
        "spine_03": {
          "x": -512.856,
          "y": 453.66235,
          "z": 119.359344
        },
        "lowerarm_r": {
          "x": -508.84647,
          "y": 475.46655,
          "z": 112.356735
        },
        "pelvis": {
          "x": -514.0207,
          "y": 454.39612,
          "z": 94.44902
        },
        "clavicle_l": {
          "x": -516.2658,
          "y": 449.32986,
          "z": 140.594
        },
        "ball_r": {
          "x": -505.24066,
          "y": 461.84888,
          "z": 4.344306
        },
        "head": {
          "x": -513.938,
          "y": 454.48877,
          "z": 153.07991
        },
        "pinky_01_r": {
          "x": -504.44226,
          "y": 474.55206,
          "z": 80.53252
        },
        "foot_r": {
          "x": -518.8045,
          "y": 460.2535,