{
  "scene_info": {
    "map_name": "SDBP_Map_237",
    "room_name": "livingRoom",
    "room_bound": {
      "x_min": -446.48199462890625,
      "y_min": -403.2829895019531,
      "z_min": 3.750999927520752,
      "x_max": -9.4350004196167,
      "y_max": 238.70799255371094,
      "z_max": 286.40301513671875
    },
    "table_id": "BP_DiningTable_Table_Dining_Set_C_0",
    "base_id": "BP_DiningTable_Table_Dining_Set",
    "position": {
      "x": -240.73817443847656,
      "y": -14.243790626525879,
      "z": 5.192863941192627
    },
    "rotation": {
      "x": 0.0,
      "y": -0.0,
      "z": 0.7071067690849304,
      "w": 0.7071067690849304
    },
    "aabb_bounds": {
      "min": {
        "x": -274.92510986328125,
        "y": -89.99461364746094,
        "z": 4.425734519958496
      },
      "max": {
        "x": -206.4938507080078,
        "y": 57.594078063964844,
        "z": 53.804229736328125
      }
    }
  },
  "objects": [
    {
      "id": "BP_SofaStool_01_C_2147336644",
      "base_id": "BP_SofaStool_01",
      "type": "sofastool",
      "location": {
        "x": -308.24200439453125,
        "y": 15.095794677734375,
        "z": 3.750999927520752
      },
      "rotation": {
        "w": 0.5483289957046509,
        "x": 0.00537020992487669,
        "y": -0.008189605548977852,
        "z": -0.8362053632736206
      },
      "entity_min": {
        "x": -332.3145446777344,
        "y": -27.41619873046875,
        "z": 2.9964306354522705
      },
      "entity_max": {
        "x": -300.0564880371094,
        "y": 64.5567626953125,
        "z": 114.5530776977539
      },
      "entity_size": {
        "x": 1.0,
        "y": 1.0,
        "z": 1.0
      },
      "direction": "front",
      "is_sittable": true,
      "movable": true,
      "matched": false,
      "owner": "room"
    },
    {
      "id": "BP_Toy_garras_C_2147336441",
      "base_id": "BP_Toy_garras",
      "my_type": "toy",
      "location": {
        "x": -250.70957946777344,
        "y": -36.20059585571289,
        "z": 52.820777893066406
      },
      "rotation": {
        "w": 0.8968042731285095,
        "x": -3.853646376228426e-06,
        "y": 3.305842938061687e-06,
        "z": 0.44242745637893677
      },
      "entity_min": {
        "x": -252.3299102783203,
        "y": -46.205448150634766,
        "z": 52.82087326049805
      },
      "entity_max": {
        "x": -249.0891876220703,
        "y": -26.195526123046875,
        "z": 74.8981704711914
      },
      "entity_size": {
        "x": 0.6000000238418579,
        "y": 0.6000000238418579,
        "z": 0.6000000238418579
      },
      "owner": "SDBP_Aich_AIBaby_Lele_Shoes_C_2147411629",
      "grid_x": "-1,-1,-1",
      "grid_y": "-2,-1,-3",
      "grid_id": "21,11,31",
      "chain_item_id": null
    },
    {
      "id": "BP_Lipstick_02_C_2147336440",
      "base_id": "BP_Lipstick_02",
      "my_type": "lipstick",
      "location": {
        "x": -220.70950317382812,
        "y": -76.2001724243164,
        "z": 52.82073974609375
      },
      "rotation": {
        "w": 0.34732747077941895,
        "x": 2.2868518101404334e-07,
        "y": 1.5089891576280934e-06,
        "z": -0.9377439022064209
      },
      "entity_min": {
        "x": -220.75425720214844,
        "y": -78.20823669433594,
        "z": 52.82074737548828
      },
      "entity_max": {
        "x": -220.6647491455078,
        "y": -74.19213104248047,
        "z": 61.3067512512207
      },
      "entity_size": {
        "x": 2.0,
        "y": 2.0,
        "z": 2.0
      },
      "owner": "SDBP_Aich_Liqiuyue_C_2147411527",
      "grid_x": "2",
      "grid_y": "-6",
      "grid_id": "64",
      "chain_item_id": null
    },
    {
      "id": "BP_Book_07_C_2147336439",
      "base_id": "BP_Book_07",
      "my_type": "book",
      "location": {
        "x": -260.71234130859375,
        "y": -66.20104217529297,
        "z": 54.18897247314453
      },
      "rotation": {
        "w": 0.11751983314752579,
        "x": 0.11220898479223251,
        "y": 0.6965166330337524,
        "z": 0.6989011764526367
      },
      "entity_min": {
        "x": -267.3957214355469,
        "y": -66.6986083984375,
        "z": 53.7475471496582
      },
      "entity_max": {
        "x": -260.4624328613281,
        "y": -46.82772445678711,
        "z": 56.63418960571289
      },
      "entity_size": {
        "x": 0.800000011920929,
        "y": 0.800000011920929,
        "z": 0.800000011920929
      },
      "owner": "SDBP_Aich_AIBaby_Lele_Shoes_C_2147411629",
      "grid_x": "-2,-2,-2",
      "grid_y": "-5,-3,-4",
      "grid_id": "61,43,53",
      "chain_item_id": null
    },
    {
      "id": "BP_Drink_Sprite_02_C_2147336438",
      "base_id": "BP_Drink_Sprite_02",
      "my_type": "drink",
      "location": {
        "x": -220.68955993652344,
        "y": -56.18531799316406,
        "z": 53.712059020996094
      },
      "rotation": {
        "w": 0.5102879405021667,
        "x": 0.0019147007260471582,
        "y": 0.004722267389297485,
        "z": 0.8599885106086731
      },
      "entity_min": {
        "x": -225.76327514648438,
        "y": -57.74114227294922,
        "z": 53.67953109741211
      },
      "entity_max": {
        "x": -215.497314453125,
        "y": -54.539371490478516,
        "z": 68.35484313964844
      },
      "entity_size": {
        "x": 0.20000000298023224,
        "y": 0.20000000298023224,
        "z": 0.20000000298023224
      },
      "owner": "SDBP_Aich_Liqiuyue_C_2147411527",
      "grid_x": "2",
      "grid_y": "-4",
      "grid_id": "52",
      "chain_item_id": null
    },
    {
      "id": "BP_Fanta_01_C_2147336437",
      "base_id": "BP_Fanta_01",
      "my_type": "drink",
      "location": {
        "x": -240.70933532714844,
        "y": -66.20032501220703,
        "z": 52.820743560791016
      },
      "rotation": {
        "w": 0.9498679041862488,
        "x": -1.8894653521783766e-06,
        "y": -1.4339111658046022e-06,
        "z": 0.31265154480934143
      },
      "entity_min": {
        "x": -241.51483154296875,
        "y": -71.67288970947266,
        "z": 52.82075500488281
      },
      "entity_max": {
        "x": -239.90396118164062,
        "y": -60.72767639160156,
        "z": 83.49629974365234
      },
      "entity_size": {
        "x": 0.20000000298023224,
        "y": 0.20000000298023224,
        "z": 0.20000000298023224
      },
      "owner": "SDBP_Aich_Liqiuyue_C_2147411527",
      "grid_x": "0",
      "grid_y": "-5",
      "grid_id": "39",
      "chain_item_id": null
    }
  ],
  "agents": [
    {
      "id": "SDBP_Aich_Liqiuyue_C_2147336634",
      "base_id": "SDBP_Aich_Liqiuyue",
      "type": "woman",
      "location": {
        "x": -314.8659973144531,
        "y": -53.242000579833984,
        "z": 85.90126037597656
      },
      "rotation": {
        "x": -0.0,
        "y": 0.0,
        "z": -0.30901849269866943,
        "w": 0.9510560035705566
      },
      "entity_size": {
        "x": 1.0,
        "y": 1.0,
        "z": 1.0
      },
      "direction": "right",
      "status": "standing",
      "skeleton": {
        "spine_03": {
          "x": -311.21344,
          "y": -54.898087,
          "z": 114.3348
        },
        "clavicle_l": {
          "x": -315.2141,
          "y": -57.548584,
          "z": 133.7078
        },
        "pelvis": {
          "x": -312.85126,
          "y": -54.088665,
          "z": 90.55506
        },
        "lowerarm_r": {
          "x": -303.75616,
          "y": -33.755188,
          "z": 105.462036
        },
        "ball_r": {
          "x": -298.1505,
          "y": -43.88438,
          "z": 7.153067
        },
        "head": {
          "x": -310.41376,
          "y": -54.481384,
          "z": 146.07658
        },
        "pinky_01_r": {
          "x": -297.092,
          "y": -33.24324,
          "z": 76.38722
        },
        "thumb_01_l": {
          "x": -324.21344,
          "y": -73.72599,
          "z": 83.6968
        },