{
  "scene_info": {
    "map_name": "SDBP_Map_006",
    "room_name": "kitchen",
    "room_bound": {
      "x_min": -295.43499755859375,
      "y_min": -219.1230010986328,
      "z_min": 10.253000259399414,
      "x_max": 180.5,
      "y_max": 164.41299438476562,
      "z_max": 331.8479919433594
    },
    "table_id": "BP_DiningTable_0_C_0",
    "base_id": "BP_DiningTable_0",
    "position": {
      "x": 32.17375946044922,
      "y": 9.474374771118164,
      "z": 7.572394371032715
    },
    "rotation": {
      "x": 0.0,
      "y": -0.0,
      "z": 0.7071067690849304,
      "w": 0.7071067690849304
    },
    "aabb_bounds": {
      "min": {
        "x": -5.2711029052734375,
        "y": -79.1242904663086,
        "z": 6.632086753845215
      },
      "max": {
        "x": 69.62435913085938,
        "y": 98.07304382324219,
        "z": 83.90290069580078
      }
    }
  },
  "objects": [
    {
      "id": "BP_Chair_0_C_2147364136",
      "base_id": "BP_Chair_0",
      "type": "chair",
      "location": {
        "x": 97.837,
        "y": 26.85,
        "z": 10.235
      },
      "rotation": {
        "x": 0.0,
        "y": 0.0,
        "z": 0.685,
        "w": 0.729
      },
      "entity_min": {
        "x": 69.76639556884766,
        "y": -11.419427871704102,
        "z": 9.401363372802734
      },
      "entity_max": {
        "x": 137.35775756835938,
        "y": 64.3734359741211,
        "z": 120.53689575195312
      },
      "entity_size": {
        "x": 1.0,
        "y": 1.0,
        "z": 1.0
      },
      "direction": "left",
      "is_sittable": true,
      "movable": true,
      "matched": false,
      "owner": "room"
    },
    {
      "id": "BP_Chair_0_C_2147364132",
      "base_id": "BP_Chair_0",
      "type": "chair",
      "location": {
        "x": 109.03299713134766,
        "y": -50.68299865722656,
        "z": 10.723999977111816
      },
      "rotation": {
        "x": 0.0,
        "y": -0.0,
        "z": 0.6609758734703064,
        "w": 0.7504071593284607
      },
      "entity_min": {
        "x": 83.4593276977539,
        "y": -91.43898010253906,
        "z": 9.890363693237305
      },
      "entity_max": {
        "x": 145.98416137695312,
        "y": -11.415275573730469,
        "z": 121.02589416503906
      },
      "entity_size": {
        "x": 1.0,
        "y": 1.0,
        "z": 1.0
      },
      "direction": "left",
      "is_sittable": true,
      "movable": true,
      "matched": "SDBP_Aich_Liqiuyue_C_2147474740",
      "is_sit": true,
      "owner": "room"
    },
    {
      "id": "BP_Chair_0_C_2147364128",
      "base_id": "BP_Chair_0",
      "type": "chair",
      "location": {
        "x": -46.827,
        "y": -6.799,
        "z": 11.414
      },
      "rotation": {
        "x": 0.0,
        "y": 0.0,
        "z": -0.613,
        "w": 0.79
      },
      "entity_min": {
        "x": -96.2032470703125,
        "y": -33.868690490722656,
        "z": 10.580363273620605
      },
      "entity_max": {
        "x": -8.57522201538086,
        "y": 17.458471298217773,
        "z": 121.71589660644531
      },
      "entity_size": {
        "x": 1.0,
        "y": 1.0,
        "z": 1.0
      },
      "direction": "right",
      "is_sittable": true,
      "movable": true,
      "matched": false,
      "owner": "room"
    },
    {
      "id": "BP_WallMirror_05_C_2147363924",
      "base_id": "BP_WallMirror_05",
      "my_type": "mirror",
      "location": {
        "x": 42.17662811279297,
        "y": -30.525623321533203,
        "z": 84.90290069580078
      },
      "rotation": {
        "w": 0.5028095841407776,
        "x": 0.20827053487300873,
        "y": -0.3210451602935791,
        "z": -0.7750715613365173
      },
      "entity_min": {
        "x": 21.84636688232422,
        "y": -35.02692413330078,
        "z": 84.0999984741211
      },
      "entity_max": {
        "x": 46.53545379638672,
        "y": -18.89503288269043,
        "z": 103.19527435302734
      },
      "entity_size": {
        "x": 0.30000001192092896,
        "y": 0.30000001192092896,
        "z": 0.30000001192092896
      },
      "owner": "SDBP_Aich_Liqiuyue_C_2147474740",
      "grid_x": "1,0,0,1,-1,-1",
      "grid_y": "-4,-3,-4,-3,-3,-4",
      "grid_id": "48,19,33,34,35,49",
      "chain_item_id": null
    },
    {
      "id": "BP_Plasticine_Rabbit_C_2147363923",
      "base_id": "BP_Plasticine_Rabbit",
      "my_type": "doll",
      "location": {
        "x": 22.229951858520508,
        "y": -50.533653259277344,
        "z": 83.58329010009766
      },
      "rotation": {
        "w": 0.8448500037193298,
        "x": 0.007540950085967779,
        "y": -0.011952142231166363,
        "z": -0.5348166227340698
      },
      "entity_min": {
        "x": 15.324421882629395,
        "y": -52.38503646850586,
        "z": 83.10498809814453
      },
      "entity_max": {
        "x": 26.48406982421875,
        "y": -48.199562072753906,
        "z": 99.8393325805664
      },
      "entity_size": {
        "x": 1.100000023841858,
        "y": 1.100000023841858,
        "z": 1.100000023841858
      },
      "owner": "SDBP_Aich_AIBaby_Lele_Shoes_C_2147474643",
      "grid_x": "-1",
      "grid_y": "-6",
      "grid_id": "77",
      "chain_item_id": null
    },
    {
      "id": "BP_Cola_02_C_2147363922",
      "base_id": "BP_Cola_02",
      "my_type": "drink",
      "location": {
        "x": 51.99703598022461,
        "y": -60.601715087890625,
        "z": 83.64775085449219
      },
      "rotation": {
        "w": 0.9879096746444702,
        "x": 0.002410229993984103,
        "y": 0.01556349452584982,
        "z": 0.15422853827476501
      },
      "entity_min": {
        "x": 49.48988342285156,
        "y": -65.40681457519531,
        "z": 83.72693634033203
      },
      "entity_max": {
        "x": 54.96434783935547,
        "y": -55.796058654785156,
        "z": 98.17232513427734
      },
      "entity_size": {
        "x": 0.20000000298023224,
        "y": 0.20000000298023224,
        "z": 0.20000000298023224
      },
      "owner": "SDBP_Aich_Liqiuyue_C_2147474740",
      "grid_x": "2",
      "grid_y": "-7",
      "grid_id": "104",
      "chain_item_id": null
    },
    {
      "id": "BP_Flex_Cup_Kitchen_C_2147363921",
      "base_id": "BP_Flex_Cup_Kitchen",
      "my_type": "pinkcup",
      "location": {
        "x": 32.1932258605957,
        "y": -70.53886413574219,
        "z": 83.58478546142578
      },
      "rotation": {
        "w": 0.009756294079124928,
        "x": -0.013994489796459675,
        "y": -0.00012699520448222756,
        "z": 0.9998544454574585
      },
      "entity_min": {
        "x": 28.282772064208984,
        "y": -75.89384460449219,
        "z": 83.68202209472656
      },
      "entity_max": {
        "x": 35.89796829223633,
        "y": -65.34608459472656,
        "z": 89.57669830322266
      },
      "entity_size": {
        "x": 0.8400000333786011,
        "y": 0.8400000333786011,
        "z": 0.8400000333786011
      },
      "owner": "SDBP_Aich_AIBaby_Lele_Shoes_C_2147474643",
      "grid_x": "0",
      "grid_y": "-8",
      "grid_id": "89",
      "chain_item_id": null
    },
    {
      "id": "BP_Cup_Coffee_01_C_2147363920",
      "base_id": "BP_Cup_Coffee_01",
      "my_type": "pinkcup",
      "location": {
        "x": 62.222572326660156,
        "y": -10.53806209564209,
        "z": 83.65534973144531
      },
      "rotation": {
        "w": 0.21306288242340088,
        "x": -0.015359200537204742,
        "y": 0.0031929370015859604,
        "z": -0.9769125580787659
      },
      "entity_min": {
        "x": 62.035133361816406,
        "y": -20.838573455810547,
        "z": 83.25263214111328
      },
      "entity_max": {
        "x": 64.56777954101562,
        "y": -4.199451446533203,
        "z": 94.91569519042969
      },
      "entity_size": {
        "x": 1.2000000476837158,
        "y": 1.2000000476837158,
        "z": 1.2000000476837158
      },
      "owner": "SDBP_Aich_Liqiuyue_C_2147474740",