{
  "scene_info": {
    "map_name": "SDBP_Map_006",
    "room_name": "livingRoom",
    "room_bound": {
      "x_min": -110.02999877929688,
      "y_min": 274.1050109863281,
      "z_min": 10.251999855041504,
      "x_max": 312.71099853515625,
      "y_max": 649.6790161132812,
      "z_max": 331.8479919433594
    },
    "table_id": "BP_CoffeeTable_Table_Coffee_C_1",
    "base_id": "BP_CoffeeTable_Table_Coffee",
    "position": {
      "x": 94.35726165771484,
      "y": 463.2768249511719,
      "z": 11.340825080871582
    },
    "rotation": {
      "x": 0.0,
      "y": -0.0,
      "z": 0.7071067690849304,
      "w": 0.7071067690849304
    },
    "aabb_bounds": {
      "min": {
        "x": 51.170780181884766,
        "y": 392.67767333984375,
        "z": 11.340825080871582
      },
      "max": {
        "x": 137.5437469482422,
        "y": 533.8759765625,
        "z": 43.09971237182617
      }
    }
  },
  "objects": [
    {
      "id": "BP_WallMirror_05_C_2147353691",
      "base_id": "BP_WallMirror_05",
      "my_type": "mirror",
      "location": {
        "x": 74.35726165771484,
        "y": 403.2768249511719,
        "z": 44.09971237182617
      },
      "rotation": {
        "w": 0.09701720625162125,
        "x": 0.040185850113630295,
        "y": -0.38056761026382446,
        "z": -0.918771505355835
      },
      "entity_min": {
        "x": 58.73922348022461,
        "y": 406.60980224609375,
        "z": 43.29680633544922
      },
      "entity_max": {
        "x": 86.32225799560547,
        "y": 417.0484619140625,
        "z": 62.39208221435547
      },
      "entity_size": {
        "x": 0.30000001192092896,
        "y": 0.30000001192092896,
        "z": 0.30000001192092896
      },
      "owner": "SDBP_Aich_Liqiuyue_C_2147333930",
      "grid_x": "-2,-1,-2,-3",
      "grid_y": "-6,-5,-5,-5",
      "grid_id": "85,63,77,87",
      "chain_item_id": null
    },
    {
      "id": "BP_Toy_Car_Blue_C_2147353690",
      "base_id": "BP_Toy_Car_Blue",
      "my_type": "boytoy",
      "location": {
        "x": 124.35725402832031,
        "y": 443.2768249511719,
        "z": 43.11311340332031
      },
      "rotation": {
        "w": 0.9802034497261047,
        "x": 0.0,
        "y": -0.0,
        "z": 0.19799287617206573
      },
      "entity_min": {
        "x": 122.62637329101562,
        "y": 436.707275390625,
        "z": 43.099708557128906
      },
      "entity_max": {
        "x": 122.77995300292969,
        "y": 457.701171875,
        "z": 48.30179977416992
      },
      "entity_size": {
        "x": 0.75,
        "y": 0.75,
        "z": 0.75
      },
      "owner": "SDBP_Aich_AIBaby_Tiantian_90_C_2147333833",
      "grid_x": "3",
      "grid_y": "-2",
      "grid_id": "52",
      "chain_item_id": null
    },
    {
      "id": "BP_Fanta_02_C_2147353689",
      "base_id": "BP_Fanta_02",
      "my_type": "drink",
      "location": {
        "x": 74.35726928710938,
        "y": 433.2768249511719,
        "z": 43.09971237182617
      },
      "rotation": {
        "w": 0.9180426597595215,
        "x": -0.0,
        "y": 0.0,
        "z": -0.3964816927909851
      },
      "entity_min": {
        "x": 68.94023895263672,
        "y": 433.08489990234375,
        "z": 43.09971237182617
      },
      "entity_max": {
        "x": 79.77429962158203,
        "y": 433.46875,
        "z": 57.710723876953125
      },
      "entity_size": {
        "x": 0.20000000298023224,
        "y": 0.20000000298023224,
        "z": 0.20000000298023224
      },
      "owner": "SDBP_Aich_Liqiuyue_C_2147333930",
      "grid_x": "-2",
      "grid_y": "-3",
      "grid_id": "51",
      "chain_item_id": null
    },
    {
      "id": "BP_Food_185_C_2147353688",
      "base_id": "BP_Food_185",
      "my_type": "snack",
      "location": {
        "x": 115.41996002197266,
        "y": 467.1518859863281,
        "z": 47.45242691040039
      },
      "rotation": {
        "w": 0.3230326473712921,
        "x": 0.7067241072654724,
        "y": 0.009711802937090397,
        "z": 0.6293621063232422
      },
      "entity_min": {
        "x": 116.98233032226562,
        "y": 457.7454528808594,
        "z": 42.365013122558594
      },
      "entity_max": {
        "x": 126.49176788330078,
        "y": 470.2914123535156,
        "z": 52.55244064331055
      },
      "entity_size": {
        "x": 0.6000000238418579,
        "y": 0.6000000238418579,
        "z": 0.6000000238418579
      },
      "owner": "SDBP_Aich_AIBaby_Tiantian_90_C_2147333833",
      "grid_x": "2,3",
      "grid_y": "0,0",
      "grid_id": "12,24",
      "chain_item_id": null
    },
    {
      "id": "BP_Toy_XYY_C_2147353687",
      "base_id": "BP_Toy_XYY",
      "my_type": "toy",
      "location": {
        "x": 124.35724639892578,
        "y": 413.27685546875,
        "z": 43.09971237182617
      },
      "rotation": {
        "w": 0.9967703223228455,
        "x": -0.0,
        "y": 0.0,
        "z": -0.0803053081035614
      },
      "entity_min": {
        "x": 117.3906478881836,
        "y": 409.5059814453125,
        "z": 43.09971237182617
      },
      "entity_max": {
        "x": 131.3238525390625,
        "y": 417.0477294921875,
        "z": 58.51813507080078
      },
      "entity_size": {
        "x": 0.6000000238418579,
        "y": 0.6000000238418579,
        "z": 0.6000000238418579
      },
      "owner": "SDBP_Aich_AIBaby_Tiantian_90_C_2147333833",
      "grid_x": "3",
      "grid_y": "-5",
      "grid_id": "86",
      "chain_item_id": null
    }
  ],
  "agents": [
    {
      "id": "SDBP_Aich_AIBaby_Tiantian_90_C_2147353885",
      "base_id": "SDBP_Aich_AIBaby_Tiantian_90",
      "type": "boy",
      "location": {
        "x": 84.11503601074219,
        "y": 357.5880126953125,
        "z": 88.63337707519531
      },
      "rotation": {
        "x": 0.0,
        "y": -0.0,
        "z": 0.5225478410720825,
        "w": 0.8526099920272827
      },
      "entity_size": {
        "x": 1.0,
        "y": 1.0,
        "z": 1.0
      },
      "direction": "back",
      "status": "standing",
      "skeleton": {
        "spine_03": {
          "x": 84.52785,
          "y": 358.31366,
          "z": 69.79877
        },
        "lowerarm_r": {
          "x": 71.72181,
          "y": 362.09537,
          "z": 65.50934
        },
        "pelvis": {
          "x": 83.85467,
          "y": 357.01443,
          "z": 52.42462
        },
        "clavicle_l": {
          "x": 87.14991,
          "y": 354.93323,
          "z": 81.780754
        },
        "ball_r": {
          "x": 81.83012,
          "y": 361.76688,
          "z": 12.749132
        },
        "head": {
          "x": 83.57893,
          "y": 356.4532,
          "z": 88.51148
        },
        "pinky_01_r": {
          "x": 69.95785,
          "y": 364.01392,
          "z": 50.0691
        },
        "foot_r": {
          "x": 78.79131,
          "y": 355.27304,
          "z": 14.407075
        },
        "thumb_01_l": {
          "x": 97.401695,
          "y": 352.01627,
          "z": 55.489037
        },
        "hand_l": {
          "x": 96.77033,
          "y": 349.937,
          "z": 56.08744
        },
        "calf_l": {
          "x": 88.16872,
          "y": 353.5538,
          "z": 33.197033
        },
        "thigh_l": {
          "x": 90.966255,
          "y": 354.33414,
          "z": 49.87
        },
        "calf_r": {
          "x": 79.22909,
          "y": 359.55273,
          "z": 33.11064
        },
        "neck_01": {
          "x": 83.28766,
          "y": 355.89093,
          "z": 84.54837
        },
        "thumb_01_r": {
          "x": 72.33931,
          "y": 365.19458,
          "z": 55.165977
        },
        "pinky_01_l": {
          "x": 97.904724,
          "y": 349.11008,
          "z": 50.54791
        },
        "spine_02": {
          "x": 84.72316,
          "y": 358.7167,
          "z": 59.049633
        },
        "eye_jiont_r": {
          "x": 83.5158,
          "y": 362.59714,