{
  "scene_info": {
    "map_name": "SDBP_Map_005",
    "room_name": "kitchen",
    "room_bound": {
      "x_min": 644.3980102539062,
      "y_min": 633.6530151367188,
      "z_min": 0.31299999356269836,
      "x_max": 1049.60205078125,
      "y_max": 1116.3470458984375,
      "z_max": 272.3479919433594
    },
    "table_id": "BP_DiningTable_03_C_0",
    "base_id": "BP_DiningTable_03",
    "position": {
      "x": 752.813232421875,
      "y": 912.4080810546875,
      "z": -1.0
    },
    "rotation": {
      "x": 0.0,
      "y": -0.0,
      "z": 0.7071067690849304,
      "w": 0.7071067690849304
    },
    "aabb_bounds": {
      "min": {
        "x": 703.9795532226562,
        "y": 815.6463012695312,
        "z": -3.512866497039795
      },
      "max": {
        "x": 801.6469116210938,
        "y": 1009.1698608398438,
        "z": 70.80511474609375
      }
    }
  },
  "objects": [
    {
      "id": "BP_Chair_0_C_2147348522",
      "base_id": "BP_Chair_0",
      "type": "chair",
      "location": {
        "x": 670.677001953125,
        "y": 1009.9349975585938,
        "z": 0.0
      },
      "rotation": {
        "x": -0.0,
        "y": 0.0,
        "z": -0.7969973087310791,
        "w": 0.6039828658103943
      },
      "entity_min": {
        "x": 640.1057739257812,
        "y": 967.3399047851562,
        "z": -0.8336362838745117
      },
      "entity_max": {
        "x": 690.2122192382812,
        "y": 1055.671630859375,
        "z": 110.30189514160156
      },
      "entity_size": {
        "x": 1.0,
        "y": 1.0,
        "z": 1.0
      },
      "direction": "right",
      "is_sittable": true,
      "movable": true,
      "matched": "SDBP_Aich_AIBaby_Tiantian_90_C_2147379761",
      "is_sit": true,
      "owner": "room"
    },
    {
      "id": "BP_Chair_0_C_2147348518",
      "base_id": "BP_Chair_0",
      "type": "chair",
      "location": {
        "x": 826.34,
        "y": 880.33,
        "z": 0.0
      },
      "rotation": {
        "x": 0.0,
        "y": 0.0,
        "z": 0.676,
        "w": 0.737
      },
      "entity_min": {
        "x": 799.2006225585938,
        "y": 841.100341796875,
        "z": -0.8336362838745117
      },
      "entity_max": {
        "x": 864.9077758789062,
        "y": 918.5323486328125,
        "z": 110.30189514160156
      },
      "entity_size": {
        "x": 1.0,
        "y": 1.0,
        "z": 1.0
      },
      "direction": "left",
      "is_sittable": true,
      "movable": true,
      "matched": false,
      "owner": "room"
    },
    {
      "id": "BP_Chair_0_C_2147348514",
      "base_id": "BP_Chair_0",
      "type": "chair",
      "location": {
        "x": 834.089,
        "y": 948.606,
        "z": 0.0
      },
      "rotation": {
        "x": 0.0,
        "y": 0.0,
        "z": 0.707,
        "w": 0.707
      },
      "entity_min": {
        "x": 803.7742309570312,
        "y": 912.827392578125,
        "z": -0.8336362838745117
      },
      "entity_max": {
        "x": 875.8781127929688,
        "y": 984.3408813476562,
        "z": 110.30189514160156
      },
      "entity_size": {
        "x": 1.0,
        "y": 1.0,
        "z": 1.0
      },
      "direction": "left",
      "is_sittable": true,
      "movable": true,
      "matched": false,
      "owner": "room"
    },
    {
      "id": "BP_Plate_C_2147348313",
      "base_id": "BP_Plate",
      "my_type": "plate",
      "location": {
        "x": 722.8132934570312,
        "y": 972.4080200195312,
        "z": 70.80509948730469
      },
      "rotation": {
        "w": 0.8945391774177551,
        "x": -1.3987130387249636e-06,
        "y": 1.2021788506899611e-06,
        "z": 0.4469895660877228
      },
      "entity_min": {
        "x": 720.4640502929688,
        "y": 956.0552368164062,
        "z": 70.8051528930664
      },
      "entity_max": {
        "x": 725.1276245117188,
        "y": 988.8175659179688,
        "z": 73.00386810302734
      },
      "entity_size": {
        "x": 0.6499999761581421,
        "y": 0.6499999761581421,
        "z": 0.6499999761581421
      },
      "owner": "SDBP_Aich_AIBaby_Tiantian_90_C_2147379761",
      "grid_x": "-3,-3,-3",
      "grid_y": "6,5,7",
      "grid_id": "120,102,137",
      "chain_item_id": "BP_Food_TeaCake_C_2147379558"
    },
    {
      "id": "BP_Toy_Dog_FB_C_2147348312",
      "base_id": "BP_Toy_Dog_FB",
      "my_type": "toy",
      "location": {
        "x": 752.813232421875,
        "y": 1002.4080200195312,
        "z": 69.07207489013672
      },
      "rotation": {
        "w": 0.003490384668111801,
        "x": -1.0816869888685687e-07,
        "y": 1.1907099306540658e-08,
        "z": 0.9999939203262329
      },
      "entity_min": {
        "x": 745.6946411132812,
        "y": 994.628662109375,
        "z": 68.98200225830078
      },
      "entity_max": {
        "x": 759.5836181640625,
        "y": 1005.3502807617188,
        "z": 82.07234191894531
      },
      "entity_size": {
        "x": 0.6000000238418579,
        "y": 0.6000000238418579,
        "z": 0.6000000238418579
      },
      "owner": "SDBP_Aich_AIBaby_Tiantian_90_C_2147379761",
      "grid_x": "0",
      "grid_y": "9",
      "grid_id": "114",
      "chain_item_id": null
    },
    {
      "id": "BP_Paper_Newspaper01_C_2147348311",
      "base_id": "BP_Paper_Newspaper01",
      "my_type": "newspaper",
      "location": {
        "x": 722.8131713867188,
        "y": 872.4081420898438,
        "z": 70.89351654052734
      },
      "rotation": {
        "w": 0.765514075756073,
        "x": -0.0002971318317577243,
        "y": -0.0002499116235412657,
        "z": 0.6434190273284912
      },
      "entity_min": {
        "x": 714.0381469726562,
        "y": 856.2613525390625,
        "z": 70.80512237548828
      },
      "entity_max": {
        "x": 731.586669921875,
        "y": 888.5838012695312,
        "z": 73.16956329345703
      },
      "entity_size": {
        "x": 0.800000011920929,
        "y": 0.800000011920929,
        "z": 0.800000011920929
      },
      "owner": "SDBP_Aich_Yeye_C_2147379662",
      "grid_x": "-3,-3,-3",
      "grid_y": "-4,-3,-5",
      "grid_id": "93,75,111",
      "chain_item_id": null
    },
    {
      "id": "BP_Food_TeaCake_C_2147348310",
      "base_id": "BP_Food_TeaCake",
      "my_type": "platefood",
      "location": {
        "x": 722.8015747070312,
        "y": 972.409912109375,
        "z": 73.10392761230469
      },
      "rotation": {
        "w": 0.6268068552017212,
        "x": 1.6450368320874986e-06,
        "y": 3.6590804484148975e-06,
        "z": 0.7791746854782104
      },
      "entity_min": {
        "x": 715.4354858398438,
        "y": 964.4593505859375,
        "z": 73.00390625
      },
      "entity_max": {
        "x": 730.1539916992188,
        "y": 980.3427124023438,
        "z": 80.21434783935547
      },
      "entity_size": {
        "x": 1.0,
        "y": 1.0,
        "z": 1.0
      },
      "owner": "SDBP_Aich_AIBaby_Tiantian_90_C_2147379761",
      "grid_x": "-3,-3,-3",
      "grid_y": "6,5,7",
      "grid_id": "120,102,137",
      "chain_item_id": "BP_Plate_C_2147379560"
    },
    {
      "id": "BP_Flex_Cup_Kitchen_2_C_2147348309",
      "base_id": "BP_Flex_Cup_Kitchen_2",
      "my_type": "bigcup",
      "location": {
        "x": 722.813232421875,
        "y": 912.4080810546875,
        "z": 70.81423950195312
      },
      "rotation": {
        "w": 0.427090585231781,
        "x": 0.0,
        "y": -0.0,
        "z": 0.9042088389396667
      },
      "entity_min": {
        "x": 713.5258178710938,
        "y": 911.495361328125,
        "z": 70.80511474609375
      },
      "entity_max": {
        "x": 731.8917846679688,
        "y": 913.208251953125,
        "z": 79.52696228027344
      },
      "entity_size": {
        "x": 1.2000000476837158,
        "y": 1.2000000476837158,
        "z": 1.2000000476837158
      },
      "owner": "SDBP_Aich_Yeye_C_2147379662",
      "grid_x": "-3,-2,-4",
      "grid_y": "0,0,0",
      "grid_id": "25,13,41",