{
  "scene_info": {
    "map_name": "SDBP_Map_006",
    "room_name": "kitchen",
    "room_bound": {
      "x_min": -295.43499755859375,
      "y_min": -219.1230010986328,
      "z_min": 10.253000259399414,
      "x_max": 180.5,
      "y_max": 164.41299438476562,
      "z_max": 331.8479919433594
    },
    "table_id": "BP_DiningTable_0_C_0",
    "base_id": "BP_DiningTable_0",
    "position": {
      "x": 32.17375946044922,
      "y": 9.474374771118164,
      "z": 7.572394371032715
    },
    "rotation": {
      "x": 0.0,
      "y": -0.0,
      "z": 0.7071067690849304,
      "w": 0.7071067690849304
    },
    "aabb_bounds": {
      "min": {
        "x": -5.2711029052734375,
        "y": -79.1242904663086,
        "z": 6.632086753845215
      },
      "max": {
        "x": 69.62435913085938,
        "y": 98.07304382324219,
        "z": 83.90290069580078
      }
    }
  },
  "objects": [
    {
      "id": "BP_Chair_0_C_2147331826",
      "base_id": "BP_Chair_0",
      "type": "chair",
      "location": {
        "x": 97.837,
        "y": 26.85,
        "z": 10.235
      },
      "rotation": {
        "x": 0.0,
        "y": 0.0,
        "z": 0.685,
        "w": 0.729
      },
      "entity_min": {
        "x": 69.76639556884766,
        "y": -11.419427871704102,
        "z": 9.401363372802734
      },
      "entity_max": {
        "x": 137.35775756835938,
        "y": 64.3734359741211,
        "z": 120.53689575195312
      },
      "entity_size": {
        "x": 1.0,
        "y": 1.0,
        "z": 1.0
      },
      "direction": "left",
      "is_sittable": true,
      "movable": true,
      "matched": false,
      "owner": "room"
    },
    {
      "id": "BP_Chair_0_C_2147331822",
      "base_id": "BP_Chair_0",
      "type": "chair",
      "location": {
        "x": -46.82699966430664,
        "y": -6.798999786376953,
        "z": 11.413999557495117
      },
      "rotation": {
        "x": -0.0,
        "y": 0.0,
        "z": -0.6129900217056274,
        "w": 0.7900906801223755
      },
      "entity_min": {
        "x": -96.2032470703125,
        "y": -33.868690490722656,
        "z": 10.580363273620605
      },
      "entity_max": {
        "x": -8.57522201538086,
        "y": 17.458471298217773,
        "z": 121.71589660644531
      },
      "entity_size": {
        "x": 1.0,
        "y": 1.0,
        "z": 1.0
      },
      "direction": "right",
      "is_sittable": true,
      "movable": true,
      "matched": "SDBP_Aich_AIBaby_Lele_Shoes_C_2147362051",
      "is_sit": true,
      "owner": "room"
    },
    {
      "id": "BP_Doll_Sofia_C_2147331618",
      "base_id": "BP_Doll_Sofia",
      "my_type": "doll",
      "location": {
        "x": 11.954181671142578,
        "y": 9.4716215133667,
        "z": 83.13253021240234
      },
      "rotation": {
        "w": 0.5990500450134277,
        "x": 0.010900626890361309,
        "y": -0.008314245380461216,
        "z": -0.8005942106246948
      },
      "entity_min": {
        "x": 3.379405975341797,
        "y": -2.7944440841674805,
        "z": 82.76050567626953
      },
      "entity_max": {
        "x": 19.83729362487793,
        "y": 21.746395111083984,
        "z": 108.75015258789062
      },
      "entity_size": {
        "x": 1.100000023841858,
        "y": 1.100000023841858,
        "z": 1.100000023841858
      },
      "owner": "SDBP_Aich_AIBaby_Lele_Shoes_C_2147362051",
      "grid_x": "-2,-2,-2",
      "grid_y": "0,1,-1",
      "grid_id": "13,18,23",
      "chain_item_id": null
    },
    {
      "id": "BP_Bag_Bag_C_2147331617",
      "base_id": "BP_Bag_Bag",
      "my_type": "redbag",
      "location": {
        "x": 12.148427963256836,
        "y": 79.34455871582031,
        "z": 83.56144714355469
      },
      "rotation": {
        "w": 0.8099380731582642,
        "x": 0.01051960326731205,
        "y": -0.010414310730993748,
        "z": -0.5863285660743713
      },
      "entity_min": {
        "x": 1.0115928649902344,
        "y": 72.17181396484375,
        "z": 82.72760772705078
      },
      "entity_max": {
        "x": 22.943782806396484,
        "y": 86.48880004882812,
        "z": 95.78401947021484
      },
      "entity_size": {
        "x": 1.0,
        "y": 1.0,
        "z": 1.0
      },
      "owner": "SDBP_Aich_Liqiuyue_C_2147361949",
      "grid_x": "-2,-1,-3",
      "grid_y": "7,7,7",
      "grid_id": "99,84,110",
      "chain_item_id": null
    },
    {
      "id": "BP_Cup_Coffee_01_C_2147331616",
      "base_id": "BP_Cup_Coffee_01",
      "my_type": "pinkcup",
      "location": {
        "x": 2.18044376373291,
        "y": -30.54488754272461,
        "z": 83.06566619873047
      },
      "rotation": {
        "w": 0.9615644216537476,
        "x": -0.0037876316346228123,
        "y": -0.013470649719238281,
        "z": 0.2742227017879486
      },
      "entity_min": {
        "x": 0.649773359298706,
        "y": -37.129703521728516,
        "z": 82.69499969482422
      },
      "entity_max": {
        "x": 1.1059030294418335,
        "y": -20.255966186523438,
        "z": 94.28683471679688
      },
      "entity_size": {
        "x": 1.2000000476837158,
        "y": 1.2000000476837158,
        "z": 1.2000000476837158
      },
      "owner": "SDBP_Aich_AIBaby_Lele_Shoes_C_2147362051",
      "grid_x": "-3",
      "grid_y": "-4",
      "grid_id": "81",
      "chain_item_id": null
    },
    {
      "id": "BP_Book_9_C_2147331611",
      "base_id": "BP_Book_9",
      "my_type": "book",
      "location": {
        "x": 2.1360116004943848,
        "y": 59.457923889160156,
        "z": 83.02791595458984
      },
      "rotation": {
        "w": 0.6973187923431396,
        "x": 0.7003247141838074,
        "y": -0.11724602431058884,
        "z": -0.09769948571920395
      },
      "entity_min": {
        "x": 1.9042187929153442,
        "y": 39.7225227355957,
        "z": 82.7309341430664
      },
      "entity_max": {
        "x": 8.586854934692383,
        "y": 59.90825271606445,
        "z": 85.4430160522461
      },
      "entity_size": {
        "x": 0.800000011920929,
        "y": 0.800000011920929,
        "z": 0.800000011920929
      },
      "owner": "SDBP_Aich_Liqiuyue_C_2147361949",
      "grid_x": "-3,-3,-3",
      "grid_y": "5,3,4",
      "grid_id": "88,60,74",
      "chain_item_id": null
    },
    {
      "id": "BP_Fanta_02_C_2147331610",
      "base_id": "BP_Fanta_02",
      "my_type": "drink",
      "location": {
        "x": 22.246232986450195,
        "y": -20.496440887451172,
        "z": 83.30045318603516
      },
      "rotation": {
        "w": 0.1678014099597931,
        "x": 0.013923422433435917,
        "y": -0.002357100835070014,
        "z": -0.9857196807861328
      },
      "entity_min": {
        "x": 19.4592342376709,
        "y": -25.36907196044922,
        "z": 83.36766052246094
      },
      "entity_max": {
        "x": 24.62061309814453,
        "y": -15.624188423156738,
        "z": 97.83843231201172
      },
      "entity_size": {
        "x": 0.20000000298023224,
        "y": 0.20000000298023224,
        "z": 0.20000000298023224
      },
      "owner": "SDBP_Aich_AIBaby_Lele_Shoes_C_2147362051",
      "grid_x": "-1",
      "grid_y": "-3",
      "grid_id": "35",
      "chain_item_id": null
    }
  ],
  "agents": [
    {
      "id": "SDBP_Aich_Liqiuyue_C_2147331812",
      "base_id": "SDBP_Aich_Liqiuyue",
      "type": "woman",
      "location": {
        "x": -17.192014694213867,
        "y": 0.8033373355865479,
        "z": 103.810302734375
      },
      "rotation": {
        "x": 0.0,
        "y": -0.0,
        "z": 0.12522904574871063,
        "w": 0.9921278357505798
      },
      "entity_size": {
        "x": 1.0,
        "y": 1.0,
        "z": 1.0
      },
      "direction": "right",
      "status": "sitting",
      "chair_id": "BP_Chair_0_C_2147331822",
      "skeleton": {
        "spine_03": {
          "x": -51.81499,
          "y": -8.102785,
          "z": 99.75481
        },
        "clavicle_l": {
          "x": -51.09551,