{
  "scene_info": {
    "map_name": "SDBP_Map_203",
    "room_name": "livingRoom",
    "room_bound": {
      "x_min": -446.48199462890625,
      "y_min": -403.2829895019531,
      "z_min": 3.750999927520752,
      "x_max": -9.4350004196167,
      "y_max": 238.70799255371094,
      "z_max": 286.40301513671875
    },
    "table_id": "BP_DiningTable_Table_Dining_Set_C_0",
    "base_id": "BP_DiningTable_Table_Dining_Set",
    "position": {
      "x": -240.73817443847656,
      "y": -14.243790626525879,
      "z": 5.192863941192627
    },
    "rotation": {
      "x": 0.0,
      "y": -0.0,
      "z": 0.7071067690849304,
      "w": 0.7071067690849304
    },
    "aabb_bounds": {
      "min": {
        "x": -274.92510986328125,
        "y": -89.99461364746094,
        "z": 4.425734519958496
      },
      "max": {
        "x": -206.4938507080078,
        "y": 57.594078063964844,
        "z": 53.804229736328125
      }
    }
  },
  "objects": [
    {
      "id": "BP_SofaStool_01_C_2147363434",
      "base_id": "BP_SofaStool_01",
      "type": "sofastool",
      "location": {
        "x": -225.75091552734375,
        "y": 101.94306182861328,
        "z": 3.750999927520752
      },
      "rotation": {
        "x": 0.00039443469722755253,
        "y": 0.006140945479273796,
        "z": 0.9979246854782104,
        "w": 0.06409700214862823
      },
      "entity_min": {
        "x": -264.41448974609375,
        "y": 81.46223449707031,
        "z": 3.300687313079834
      },
      "entity_max": {
        "x": -184.93154907226562,
        "y": 138.82151794433594,
        "z": 114.37213134765625
      },
      "entity_size": {
        "x": 1.0,
        "y": 1.0,
        "z": 1.0
      },
      "direction": "front",
      "is_sittable": true,
      "movable": true,
      "matched": "SDBP_Aich_Liqiuyue_C_2147413136",
      "is_sit": true,
      "owner": "room"
    },
    {
      "id": "BP_Plate_01_C_2147363233",
      "base_id": "BP_Plate_01",
      "my_type": "plate",
      "location": {
        "x": -260.7120361328125,
        "y": 33.80246353149414,
        "z": 53.736934661865234
      },
      "rotation": {
        "w": 0.36511537432670593,
        "x": 0.0005336744361557066,
        "y": -0.0013519704807549715,
        "z": -0.9309611320495605
      },
      "entity_min": {
        "x": -261.3310241699219,
        "y": 17.241710662841797,
        "z": 53.703086853027344
      },
      "entity_max": {
        "x": -260.0732116699219,
        "y": 50.30580139160156,
        "z": 55.96977233886719
      },
      "entity_size": {
        "x": 0.6499999761581421,
        "y": 0.6499999761581421,
        "z": 0.6499999761581421
      },
      "owner": "SDBP_Aich_Liqiuyue_C_2147413136",
      "grid_x": "-2,-2,-2",
      "grid_y": "5,4,6",
      "grid_id": "57,48,63",
      "chain_item_id": "BP_Fruit_Mango_02_C_2147412937"
    },
    {
      "id": "BP_Plate_02_TL_C_2147363232",
      "base_id": "BP_Plate_02_TL",
      "my_type": "plate",
      "location": {
        "x": -250.6650848388672,
        "y": -36.12738800048828,
        "z": 53.14567947387695
      },
      "rotation": {
        "w": 0.9998100996017456,
        "x": -4.75204296890297e-06,
        "y": -4.771525254909648e-06,
        "z": -0.0194877777248621
      },
      "entity_min": {
        "x": -258.825439453125,
        "y": -43.665771484375,
        "z": 52.820674896240234
      },
      "entity_max": {
        "x": -242.5242462158203,
        "y": -28.588655471801758,
        "z": 54.00678253173828
      },
      "entity_size": {
        "x": 0.6499999761581421,
        "y": 0.6499999761581421,
        "z": 0.6499999761581421
      },
      "owner": "SDBP_Aich_AIBabyV7_Shoes_C_2147413039",
      "grid_x": "-1",
      "grid_y": "-2",
      "grid_id": "21",
      "chain_item_id": "BP_Fruit_Quince_Fresh_01_C_2147412934"
    },
    {
      "id": "BP_Bag_Bag_C_2147363231",
      "base_id": "BP_Bag_Bag",
      "my_type": "redbag",
      "location": {
        "x": -230.61080932617188,
        "y": 34.1042366027832,
        "z": 54.33818054199219
      },
      "rotation": {
        "w": 0.9487332105636597,
        "x": -0.0011812240118160844,
        "y": -8.947934838943183e-05,
        "z": 0.31607571244239807
      },
      "entity_min": {
        "x": -233.80743408203125,
        "y": 21.248172760009766,
        "z": 53.82063293457031
      },
      "entity_max": {
        "x": -227.44696044921875,
        "y": 46.96845245361328,
        "z": 66.24956512451172
      },
      "entity_size": {
        "x": 1.0,
        "y": 1.0,
        "z": 1.0
      },
      "owner": "SDBP_Aich_Liqiuyue_C_2147413136",
      "grid_x": "1,1,1",
      "grid_y": "5,4,6",
      "grid_id": "45,35,54",
      "chain_item_id": null
    },
    {
      "id": "BP_Doll_Sofia_C_2147363230",
      "base_id": "BP_Doll_Sofia",
      "my_type": "doll",
      "location": {
        "x": -240.7111358642578,
        "y": -66.1956558227539,
        "z": 52.938812255859375
      },
      "rotation": {
        "w": 0.7308171987533569,
        "x": -0.0004382491752039641,
        "y": 0.0006389878690242767,
        "z": 0.6825727820396423
      },
      "entity_min": {
        "x": -251.73399353027344,
        "y": -76.32649993896484,
        "z": 52.81673049926758
      },
      "entity_max": {
        "x": -229.6799774169922,
        "y": -56.02903747558594,
        "z": 78.3159408569336
      },
      "entity_size": {
        "x": 1.100000023841858,
        "y": 1.100000023841858,
        "z": 1.100000023841858
      },
      "owner": "SDBP_Aich_AIBabyV7_Shoes_C_2147413039",
      "grid_x": "0,0,1,-1,0,1,-1,1,-1",
      "grid_y": "-5,-4,-4,-4,-6,-5,-5,-6,-6",
      "grid_id": "39,29,40,41,49,50,51,58,59",
      "chain_item_id": null
    },
    {
      "id": "BP_Fruit_Mango_02_C_2147363229",
      "base_id": "BP_Fruit_Mango_02",
      "my_type": "platefood",
      "location": {
        "x": -260.7286071777344,
        "y": 33.8216552734375,
        "z": 63.80364990234375
      },
      "rotation": {
        "w": 0.4274052083492279,
        "x": 0.0003905288758687675,
        "y": -0.0013814781559631228,
        "z": -0.9040590524673462
      },
      "entity_min": {
        "x": -261.1266784667969,
        "y": 25.78656578063965,
        "z": 55.91770935058594
      },
      "entity_max": {
        "x": -260.31610107421875,
        "y": 41.870018005371094,
        "z": 71.68959045410156
      },
      "entity_size": {
        "x": 1.0,
        "y": 1.0,
        "z": 1.0
      },
      "owner": "SDBP_Aich_Liqiuyue_C_2147413136",
      "grid_x": "-2,-2,-2",
      "grid_y": "5,4,6",
      "grid_id": "57,48,63",
      "chain_item_id": "BP_Plate_01_C_2147412938"
    },
    {
      "id": "BP_Fruit_Quince_Fresh_01_C_2147363228",
      "base_id": "BP_Fruit_Quince_Fresh_01",
      "my_type": "platefood",
      "location": {
        "x": -251.02908325195312,
        "y": -36.833778381347656,
        "z": 56.709312438964844
      },
      "rotation": {
        "w": 0.2245691865682602,
        "x": 0.09113159030675888,
        "y": 0.1533300131559372,
        "z": -0.9579945802688599
      },
      "entity_min": {
        "x": -253.14083862304688,
        "y": -42.44851303100586,
        "z": 55.093727111816406
      },
      "entity_max": {
        "x": -248.87265014648438,
        "y": -30.89842414855957,
        "z": 58.27634811401367
      },
      "entity_size": {
        "x": 1.0,
        "y": 1.0,
        "z": 1.0
      },
      "owner": "SDBP_Aich_AIBabyV7_Shoes_C_2147413039",
      "grid_x": "-1",
      "grid_y": "-2",
      "grid_id": "21",
      "chain_item_id": "BP_Plate_02_TL_C_2147412935"
    },
    {
      "id": "BP_Toy_Plane_main_C_2147363227",
      "base_id": "BP_Toy_Plane_main",
      "my_type": "toy",
      "location": {
        "x": -260.93731689453125,
        "y": -16.156511306762695,
        "z": 53.188453674316406
      },
      "rotation": {
        "w": 0.22325149178504944,
        "x": 0.27036845684051514,