{
  "scene_info": {
    "map_name": "SDBP_Map_006",
    "room_name": "livingRoom",
    "room_bound": {
      "x_min": -110.02999877929688,
      "y_min": 274.1050109863281,
      "z_min": 10.251999855041504,
      "x_max": 312.71099853515625,
      "y_max": 649.6790161132812,
      "z_max": 331.8479919433594
    },
    "table_id": "BP_CoffeeTable_Table_Coffee_C_1",
    "base_id": "BP_CoffeeTable_Table_Coffee",
    "position": {
      "x": 94.35726165771484,
      "y": 463.2768249511719,
      "z": 11.340825080871582
    },
    "rotation": {
      "x": 0.0,
      "y": -0.0,
      "z": 0.7071067690849304,
      "w": 0.7071067690849304
    },
    "aabb_bounds": {
      "min": {
        "x": 51.170780181884766,
        "y": 392.67767333984375,
        "z": 11.340825080871582
      },
      "max": {
        "x": 137.5437469482422,
        "y": 533.8759765625,
        "z": 43.09971237182617
      }
    }
  },
  "objects": [
    {
      "id": "BP_Plate_01_C_2147364670",
      "base_id": "BP_Plate_01",
      "my_type": "plate",
      "location": {
        "x": 124.3569564819336,
        "y": 463.27691650390625,
        "z": 43.0997200012207
      },
      "rotation": {
        "w": 0.307380735874176,
        "x": -8.156368380696222e-07,
        "y": 2.52014865509409e-06,
        "z": -0.9515866041183472
      },
      "entity_min": {
        "x": 121.72057342529297,
        "y": 446.9110412597656,
        "z": 43.09978103637695
      },
      "entity_max": {
        "x": 127.00979614257812,
        "y": 479.5782165527344,
        "z": 45.29847717285156
      },
      "entity_size": {
        "x": 0.6499999761581421,
        "y": 0.6499999761581421,
        "z": 0.6499999761581421
      },
      "owner": "SDBP_Aich_Yeye_C_2147377608",
      "grid_x": "3,3,3",
      "grid_y": "0,1,-1",
      "grid_id": "24,31,38",
      "chain_item_id": "BP_Fruit_Lime_01_C_2147377397"
    },
    {
      "id": "BP_Plate_02_TL_C_2147364669",
      "base_id": "BP_Plate_02_TL",
      "my_type": "plate",
      "location": {
        "x": 64.35640716552734,
        "y": 413.2947692871094,
        "z": 43.42464065551758
      },
      "rotation": {
        "w": 0.9988716244697571,
        "x": -5.476927981362678e-06,
        "y": -2.4853187596818316e-07,
        "z": -0.04749222844839096
      },
      "entity_min": {
        "x": 55.78662109375,
        "y": 406.2253112792969,
        "z": 43.09971618652344
      },
      "entity_max": {
        "x": 72.90675354003906,
        "y": 420.36566162109375,
        "z": 44.28566360473633
      },
      "entity_size": {
        "x": 0.6499999761581421,
        "y": 0.6499999761581421,
        "z": 0.6499999761581421
      },
      "owner": "SDBP_Aich_AIBaby_Tiantian_90_C_2147377511",
      "grid_x": "-3",
      "grid_y": "-5",
      "grid_id": "87",
      "chain_item_id": "BP_Apple_Red_04_C_2147377387"
    },
    {
      "id": "BP_Radio_02_C_2147364668",
      "base_id": "BP_Radio_02",
      "my_type": "radio",
      "location": {
        "x": 124.35725402832031,
        "y": 423.2768249511719,
        "z": 43.09971237182617
      },
      "rotation": {
        "w": 0.5845615267753601,
        "x": -0.0,
        "y": 0.0,
        "z": -0.8113493919372559
      },
      "entity_min": {
        "x": 124.09066009521484,
        "y": 415.2980041503906,
        "z": 43.09971237182617
      },
      "entity_max": {
        "x": 124.62384796142578,
        "y": 431.2556457519531,
        "z": 56.763519287109375
      },
      "entity_size": {
        "x": 0.6000000238418579,
        "y": 0.6000000238418579,
        "z": 0.6000000238418579
      },
      "owner": "SDBP_Aich_Yeye_C_2147377608",
      "grid_x": "3",
      "grid_y": "-4",
      "grid_id": "78",
      "chain_item_id": null
    },
    {
      "id": "BP_Toy_Car_Blue_C_2147364660",
      "base_id": "BP_Toy_Car_Blue",
      "my_type": "boytoy",
      "location": {
        "x": 94.35726165771484,
        "y": 413.27685546875,
        "z": 43.11311721801758
      },
      "rotation": {
        "w": 0.19807234406471252,
        "x": 0.0,
        "y": -0.0,
        "z": 0.9801874160766602
      },
      "entity_min": {
        "x": 85.24514770507812,
        "y": 401.9619445800781,
        "z": 43.09971237182617
      },
      "entity_max": {
        "x": 100.159912109375,
        "y": 416.7375183105469,
        "z": 48.30180358886719
      },
      "entity_size": {
        "x": 0.75,
        "y": 0.75,
        "z": 0.75
      },
      "owner": "SDBP_Aich_AIBaby_Tiantian_90_C_2147377511",
      "grid_x": "0,0,-1,-1",
      "grid_y": "-5,-6,-5,-6",
      "grid_id": "47,61,63,75",
      "chain_item_id": null
    },
    {
      "id": "BP_Fruit_Lime_01_C_2147364659",
      "base_id": "BP_Fruit_Lime_01",
      "my_type": "platefood",
      "location": {
        "x": 124.36504364013672,
        "y": 463.26495361328125,
        "z": 48.76741027832031
      },
      "rotation": {
        "w": 0.12468751519918442,
        "x": -2.095566742355004e-07,
        "y": 1.208026901622361e-06,
        "z": -0.9921960830688477
      },
      "entity_min": {
        "x": 121.02692413330078,
        "y": 458.65777587890625,
        "z": 45.29853439331055
      },
      "entity_max": {
        "x": 127.67005920410156,
        "y": 467.8614501953125,
        "z": 52.23628616333008
      },
      "entity_size": {
        "x": 1.0,
        "y": 1.0,
        "z": 1.0
      },
      "owner": "SDBP_Aich_Yeye_C_2147377608",
      "grid_x": "3,3,3",
      "grid_y": "0,1,-1",
      "grid_id": "24,31,38",
      "chain_item_id": "BP_Plate_01_C_2147377398"
    },
    {
      "id": "BP_Apple_Red_04_C_2147364658",
      "base_id": "BP_Apple_Red_04",
      "my_type": "platefood",
      "location": {
        "x": 64.14909362792969,
        "y": 413.1075439453125,
        "z": 43.86090087890625
      },
      "rotation": {
        "w": 0.03530167043209076,
        "x": -0.0012044408358633518,
        "y": 0.009682822041213512,
        "z": 0.9993290901184082
      },
      "entity_min": {
        "x": 62.75580596923828,
        "y": 411.3195495605469,
        "z": 43.857200622558594
      },
      "entity_max": {
        "x": 67.04961395263672,
        "y": 414.8595275878906,
        "z": 50.36182403564453
      },
      "entity_size": {
        "x": 1.0,
        "y": 1.0,
        "z": 1.0
      },
      "owner": "SDBP_Aich_AIBaby_Tiantian_90_C_2147377511",
      "grid_x": "-3",
      "grid_y": "-5",
      "grid_id": "87",
      "chain_item_id": "BP_Plate_02_TL_C_2147377388"
    },
    {
      "id": "BP_Book_13_C_2147364657",
      "base_id": "BP_Book_13",
      "my_type": "book",
      "location": {
        "x": 114.35733032226562,
        "y": 423.2767639160156,
        "z": 43.181758880615234
      },
      "rotation": {
        "w": 0.32979947328567505,
        "x": 0.3294324278831482,
        "y": -0.6252811551094055,
        "z": -0.6258834004402161
      },
      "entity_min": {
        "x": 93.91050720214844,
        "y": 423.29449462890625,
        "z": 43.0816535949707
      },
      "entity_max": {
        "x": 114.49061584472656,
        "y": 424.1346740722656,
        "z": 45.299705505371094
      },
      "entity_size": {
        "x": 0.800000011920929,
        "y": 0.800000011920929,
        "z": 0.800000011920929
      },
      "owner": "SDBP_Aich_AIBaby_Tiantian_90_C_2147377511",
      "grid_x": "2,0,1",
      "grid_y": "-4,-4,-4",
      "grid_id": "64,33,48",
      "chain_item_id": null
    }
  ],
  "agents": [
    {
      "id": "SDBP_Aich_AIBaby_Tiantian_90_C_2147364864",
      "base_id": "SDBP_Aich_AIBaby_Tiantian_90",
      "type": "boy",
      "location": {
        "x": 164.99606323242188,
        "y": 409.7139892578125,
        "z": 94.78627014160156
      },
      "rotation": {
        "x": 0.0,
        "y": -0.0,
        "z": 0.8910092115402222,
        "w": 0.45398521423339844
      },
      "entity_size": {
        "x": 1.0,
        "y": 1.0,
        "z": 1.0
      },
      "direction": "left",