{
  "scene_info": {
    "map_name": "SDBP_Map_001",
    "room_name": "livingRoom",
    "room_bound": {
      "x_min": 100.17400360107422,
      "y_min": -265.0450134277344,
      "z_min": 1.5,
      "x_max": 666.8939819335938,
      "y_max": 303.8710021972656,
      "z_max": 287.0
    },
    "table_id": "BP_CoffeeTable_Table_Coffee_C_0",
    "base_id": "BP_CoffeeTable_Table_Coffee",
    "position": {
      "x": 498.91754150390625,
      "y": -44.21162796020508,
      "z": 1.3366773128509521
    },
    "rotation": {
      "x": 0.0,
      "y": -0.0,
      "z": 0.7071067690849304,
      "w": 0.7071067690849304
    },
    "aabb_bounds": {
      "min": {
        "x": 455.7310485839844,
        "y": -114.81076049804688,
        "z": 1.3366773128509521
      },
      "max": {
        "x": 542.10400390625,
        "y": 26.387508392333984,
        "z": 33.09556198120117
      }
    }
  },
  "objects": [
    {
      "id": "BP_Sofa_001_C_2147359398",
      "base_id": "BP_Sofa_001",
      "type": "longBackrestSofa",
      "location": {
        "x": 348.97,
        "y": -77.717,
        "z": -2.494
      },
      "rotation": {
        "x": 0.0,
        "y": 0.0,
        "z": -0.707,
        "w": 0.707
      },
      "entity_min": {
        "x": 293.7313232421875,
        "y": -206.09378051757812,
        "z": -2.762751579284668
      },
      "entity_max": {
        "x": 405.0168151855469,
        "y": 50.04229736328125,
        "z": 60.68777084350586
      },
      "entity_size": {
        "x": 1.0,
        "y": 1.0,
        "z": 1.0
      },
      "direction": "right",
      "is_sittable": true,
      "movable": false,
      "matched": false,
      "owner": "room"
    },
    {
      "id": "BP_Sofa_003_C_2147359394",
      "base_id": "BP_Sofa_003",
      "type": "shortBacklessSofa",
      "location": {
        "x": 511.7970886230469,
        "y": -195.6433563232422,
        "z": 0.3372046947479248
      },
      "rotation": {
        "x": 0.0,
        "y": 0.0,
        "z": 0.0,
        "w": 1.0
      },
      "entity_min": {
        "x": 458.7568664550781,
        "y": -237.4432830810547,
        "z": 0.5113370418548584
      },
      "entity_max": {
        "x": 564.8373413085938,
        "y": -161.3242645263672,
        "z": 110.63909912109375
      },
      "entity_size": {
        "x": 1.0,
        "y": 1.0,
        "z": 1.0
      },
      "direction": "back",
      "is_sittable": true,
      "movable": false,
      "matched": "SDBP_Aich_AIBaby_Lele_Shoes_C_2147478936",
      "is_sit": true,
      "owner": "room"
    },
    {
      "id": "BP_Toy_Bear_01_C_2147359192",
      "base_id": "BP_Toy_Bear_01",
      "my_type": "doll",
      "location": {
        "x": 516.576904296875,
        "y": -89.79924011230469,
        "z": 33.4533805847168
      },
      "rotation": {
        "w": 0.6123027801513672,
        "x": -0.5220785737037659,
        "y": 0.3305748701095581,
        "z": -0.4931931793689728
      },
      "entity_min": {
        "x": 513.3739624023438,
        "y": -89.9210433959961,
        "z": 35.99644470214844
      },
      "entity_max": {
        "x": 539.9251708984375,
        "y": -82.76168060302734,
        "z": 36.03675842285156
      },
      "entity_size": {
        "x": 1.100000023841858,
        "y": 1.100000023841858,
        "z": 1.100000023841858
      },
      "owner": "SDBP_Aich_AIBaby_Lele_Shoes_C_2147478936",
      "grid_x": "2,2,3",
      "grid_y": "-5,-4,-4",
      "grid_id": "76,64,78",
      "chain_item_id": null
    },
    {
      "id": "BP_Phone_05_C_2147359191",
      "base_id": "BP_Phone_05",
      "my_type": "phone",
      "location": {
        "x": 528.9175415039062,
        "y": -4.2116312980651855,
        "z": 33.09557342529297
      },
      "rotation": {
        "w": 0.3467410206794739,
        "x": -0.0,
        "y": 0.0,
        "z": -0.9379609227180481
      },
      "entity_min": {
        "x": 526.3577880859375,
        "y": -10.51194953918457,
        "z": 33.09556198120117
      },
      "entity_max": {
        "x": 531.477294921875,
        "y": 2.088691234588623,
        "z": 33.895565032958984
      },
      "entity_size": {
        "x": 1.0,
        "y": 1.0,
        "z": 1.0
      },
      "owner": "SDBP_Aich_Shenxin_C_2147478834",
      "grid_x": "3",
      "grid_y": "4",
      "grid_id": "72",
      "chain_item_id": null
    },
    {
      "id": "BP_Food_181_C_2147359190",
      "base_id": "BP_Food_181",
      "my_type": "snack",
      "location": {
        "x": 479.1689758300781,
        "y": -93.17523193359375,
        "z": 36.08127212524414
      },
      "rotation": {
        "w": -0.44112417101860046,
        "x": 0.5526386499404907,
        "y": 0.44112417101860046,
        "z": 0.5526386499404907
      },
      "entity_min": {
        "x": 473.82275390625,
        "y": -91.9600830078125,
        "z": 33.095619201660156
      },
      "entity_max": {
        "x": 487.6188049316406,
        "y": -80.7356185913086,
        "z": 39.066925048828125
      },
      "entity_size": {
        "x": 0.6000000238418579,
        "y": 0.6000000238418579,
        "z": 0.6000000238418579
      },
      "owner": "SDBP_Aich_AIBaby_Lele_Shoes_C_2147478936",
      "grid_x": "-2,-2",
      "grid_y": "-5,-4",
      "grid_id": "77,65",
      "chain_item_id": null
    },
    {
      "id": "BP_Book_9_C_2147359189",
      "base_id": "BP_Book_9",
      "my_type": "book",
      "location": {
        "x": 518.9175415039062,
        "y": 15.788366317749023,
        "z": 33.38595199584961
      },
      "rotation": {
        "w": 0.49117591977119446,
        "x": 0.49117588996887207,
        "y": -0.5086710453033447,
        "z": -0.5086710453033447
      },
      "entity_min": {
        "x": 501.6374206542969,
        "y": 4.241069793701172,
        "z": 33.09556579589844
      },
      "entity_max": {
        "x": 519.2874755859375,
        "y": 16.139867782592773,
        "z": 35.61970138549805
      },
      "entity_size": {
        "x": 0.800000011920929,
        "y": 0.800000011920929,
        "z": 0.800000011920929
      },
      "owner": "SDBP_Aich_Shenxin_C_2147478834",
      "grid_x": "2,1,1,2",
      "grid_y": "6,5,6,5",
      "grid_id": "80,55,68,70",
      "chain_item_id": null
    },
    {
      "id": "BP_Cola_01_C_2147359188",
      "base_id": "BP_Cola_01",
      "my_type": "drink",
      "location": {
        "x": 478.9175720214844,
        "y": -104.21160888671875,
        "z": 33.09556579589844
      },
      "rotation": {
        "w": 0.8682339191436768,
        "x": -0.0,
        "y": 0.0,
        "z": -0.4961550831794739
      },
      "entity_min": {
        "x": 473.4450378417969,
        "y": -105.647705078125,
        "z": 33.09556579589844
      },
      "entity_max": {
        "x": 484.3901062011719,
        "y": -102.7755126953125,
        "z": 64.32942199707031
      },
      "entity_size": {
        "x": 0.20000000298023224,
        "y": 0.20000000298023224,
        "z": 0.20000000298023224
      },
      "owner": "SDBP_Aich_AIBaby_Lele_Shoes_C_2147478936",
      "grid_x": "-2",
      "grid_y": "-6",
      "grid_id": "85",
      "chain_item_id": null
    }
  ],
  "agents": [
    {
      "id": "SDBP_Aich_Shenxin_C_2147359385",
      "base_id": "SDBP_Aich_Shenxin",
      "type": "man",
      "location": {
        "x": 511.7970886230469,
        "y": -146.80015563964844,
        "z": 81.01353454589844
      },
      "rotation": {
        "x": 0.0,
        "y": -0.0,
        "z": 0.7071067690849304,
        "w": 0.7071067690849304
      },
      "entity_size": {
        "x": 1.0,
        "y": 1.0,
        "z": 1.0
      },
      "direction": "back",
      "status": "sitting",
      "chair_id": "BP_Sofa_003_C_2147359394",
      "skeleton": {
        "spine_03": {
          "x": 511.81183,
          "y": -184.11342,
          "z": 80.75419
        },
        "clavicle_l": {
          "x": 517.2584,
          "y": -184.2673,
          "z": 102.00549
        },