{
  "scene_info": {
    "map_name": "SDBP_Map_073",
    "room_name": "diningRoom",
    "room_bound": {
      "x_min": -58.00600051879883,
      "y_min": 137.79200744628906,
      "z_min": 0.0,
      "x_max": 407.64898681640625,
      "y_max": 800.4660034179688,
      "z_max": 263.9549865722656
    },
    "table_id": "BP_DiningTable_23_C_0",
    "base_id": "BP_DiningTable_23",
    "position": {
      "x": 285.55023193359375,
      "y": 336.80999755859375,
      "z": -7.000000096013537e-06
    },
    "rotation": {
      "x": 0.0,
      "y": 0.0,
      "z": 0.0,
      "w": 1.0
    },
    "aabb_bounds": {
      "min": {
        "x": 175.09376525878906,
        "y": 284.8841247558594,
        "z": -7.000000096013537e-06
      },
      "max": {
        "x": 394.72137451171875,
        "y": 388.7358703613281,
        "z": 76.5702896118164
      }
    }
  },
  "objects": [
    {
      "id": "BP_Chair_0_C_2147325236",
      "base_id": "BP_Chair_0",
      "type": "chair",
      "location": {
        "x": 316.0769958496094,
        "y": 418.4280090332031,
        "z": 1.375
      },
      "rotation": {
        "x": 0.0,
        "y": -0.0,
        "z": 0.9913628697395325,
        "w": 0.13114744424819946
      },
      "entity_min": {
        "x": 273.6947021484375,
        "y": 398.43536376953125,
        "z": 0.5413637161254883
      },
      "entity_max": {
        "x": 361.48187255859375,
        "y": 449.4898376464844,
        "z": 111.67689514160156
      },
      "entity_size": {
        "x": 1.0,
        "y": 1.0,
        "z": 1.0
      },
      "direction": "front",
      "is_sittable": true,
      "movable": true,
      "matched": "SDBP_Aich_Liqiuyue_C_2147440934",
      "is_sit": true,
      "owner": "room"
    },
    {
      "id": "BP_Chair_0_C_2147325232",
      "base_id": "BP_Chair_0",
      "type": "chair",
      "location": {
        "x": 240.768,
        "y": 418.428,
        "z": 1.375
      },
      "rotation": {
        "x": 0.0,
        "y": 0.0,
        "z": 0.991,
        "w": 0.131
      },
      "entity_min": {
        "x": 198.3856964111328,
        "y": 398.43536376953125,
        "z": 0.5413637161254883
      },
      "entity_max": {
        "x": 286.1728515625,
        "y": 449.4898376464844,
        "z": 111.67689514160156
      },
      "entity_size": {
        "x": 1.0,
        "y": 1.0,
        "z": 1.0
      },
      "direction": "front",
      "is_sittable": true,
      "movable": true,
      "matched": false,
      "owner": "room"
    },
    {
      "id": "BP_Plate_C_2147325029",
      "base_id": "BP_Plate",
      "my_type": "plate",
      "location": {
        "x": 294.90753173828125,
        "y": 356.8102111816406,
        "z": 76.5703125
      },
      "rotation": {
        "w": 0.20535454154014587,
        "x": -6.649189572272007e-07,
        "y": -6.629671133850934e-06,
        "z": -0.9786876440048218
      },
      "entity_min": {
        "x": 288.8984680175781,
        "y": 341.36083984375,
        "z": 76.57011413574219
      },
      "entity_max": {
        "x": 300.91912841796875,
        "y": 372.1929931640625,
        "z": 78.76933288574219
      },
      "entity_size": {
        "x": 0.6499999761581421,
        "y": 0.6499999761581421,
        "z": 0.6499999761581421
      },
      "owner": "SDBP_Aich_Liqiuyue_C_2147440934",
      "grid_x": "1,1,1",
      "grid_y": "2,1,3",
      "grid_id": "15,7,27",
      "chain_item_id": "BP_Fruit_Mango_02_C_2147440731"
    },
    {
      "id": "BP_Plate_C_2147325028",
      "base_id": "BP_Plate",
      "my_type": "plate",
      "location": {
        "x": 294.9076843261719,
        "y": 306.8100280761719,
        "z": 76.5702896118164
      },
      "rotation": {
        "w": 0.19861747324466705,
        "x": 2.205623701456716e-07,
        "y": 3.9443634136659966e-07,
        "z": -0.9800770878791809
      },
      "entity_min": {
        "x": 288.6866455078125,
        "y": 291.44476318359375,
        "z": 76.57030487060547
      },
      "entity_max": {
        "x": 301.1303405761719,
        "y": 322.1086730957031,
        "z": 78.76909637451172
      },
      "entity_size": {
        "x": 0.6499999761581421,
        "y": 0.6499999761581421,
        "z": 0.6499999761581421
      },
      "owner": "SDBP_Aich_AIBaby_Lele_Shoes_C_2147440837",
      "grid_x": "1,1,1",
      "grid_y": "-3,-2,-4",
      "grid_id": "34,20,50",
      "chain_item_id": "BP_Fruit_Lime_01_C_2147440727"
    },
    {
      "id": "BP_Perfume_DressTab_C_2147325027",
      "base_id": "BP_Perfume_DressTab",
      "my_type": "perfume",
      "location": {
        "x": 324.9075622558594,
        "y": 356.80999755859375,
        "z": 76.6473159790039
      },
      "rotation": {
        "w": 0.7998490333557129,
        "x": 0.0,
        "y": -0.0,
        "z": 0.6002012491226196
      },
      "entity_min": {
        "x": 323.7626037597656,
        "y": 353.22998046875,
        "z": 76.57029724121094
      },
      "entity_max": {
        "x": 326.0525207519531,
        "y": 360.3900146484375,
        "z": 87.36732482910156
      },
      "entity_size": {
        "x": 1.0,
        "y": 1.0,
        "z": 1.0
      },
      "owner": "SDBP_Aich_Liqiuyue_C_2147440934",
      "grid_x": "4",
      "grid_y": "2",
      "grid_id": "64",
      "chain_item_id": null
    },
    {
      "id": "BP_Cap_01_C_2147325026",
      "base_id": "BP_Cap_01",
      "my_type": "cap",
      "location": {
        "x": 324.9648132324219,
        "y": 306.7326965332031,
        "z": 76.7604751586914
      },
      "rotation": {
        "w": 0.5314806699752808,
        "x": -0.00016586732817813754,
        "y": -0.000176314715645276,
        "z": 0.8470703959465027
      },
      "entity_min": {
        "x": 310.4042663574219,
        "y": 304.82611083984375,
        "z": 76.57292938232422
      },
      "entity_max": {
        "x": 339.2298278808594,
        "y": 309.0164489746094,
        "z": 85.69522857666016
      },
      "entity_size": {
        "x": 1.0,
        "y": 1.0,
        "z": 1.0
      },
      "owner": "SDBP_Aich_AIBaby_Lele_Shoes_C_2147440837",
      "grid_x": "4,3,5",
      "grid_y": "-3,-3,-3",
      "grid_id": "88,70,106",
      "chain_item_id": null
    },
    {
      "id": "BP_Fruit_Mango_02_C_2147325025",
      "base_id": "BP_Fruit_Mango_02",
      "my_type": "platefood",
      "location": {
        "x": 294.907470703125,
        "y": 356.81134033203125,
        "z": 86.63715362548828
      },
      "rotation": {
        "w": 0.9228792786598206,
        "x": -6.748516898369417e-05,
        "y": -3.168356852256693e-05,
        "z": -0.3850894272327423
      },
      "entity_min": {
        "x": 286.8424377441406,
        "y": 356.40924072265625,
        "z": 78.76930236816406
      },
      "entity_max": {
        "x": 302.9607849121094,
        "y": 357.2291564941406,
        "z": 94.5050048828125
      },
      "entity_size": {
        "x": 1.0,
        "y": 1.0,
        "z": 1.0
      },
      "owner": "SDBP_Aich_Liqiuyue_C_2147440934",
      "grid_x": "1,1,1",
      "grid_y": "2,1,3",
      "grid_id": "15,7,27",
      "chain_item_id": "BP_Plate_C_2147440732"
    },
    {
      "id": "BP_Fruit_Lime_01_C_2147325024",
      "base_id": "BP_Fruit_Lime_01",
      "my_type": "platefood",
      "location": {
        "x": 294.91558837890625,
        "y": 306.8232421875,
        "z": 82.23799133300781
      },
      "rotation": {
        "w": 0.9001466631889343,
        "x": -1.1502093002491165e-06,
        "y": 2.653012245446007e-07,
        "z": -0.43558698892593384
      },
      "entity_min": {
        "x": 289.3716125488281,
        "y": 305.6504821777344,
        "z": 78.76911926269531
      },
      "entity_max": {
        "x": 300.4828186035156,
        "y": 307.9701232910156,
        "z": 85.70686340332031
      },
      "entity_size": {
        "x": 1.0,
        "y": 1.0,
        "z": 1.0
      },
      "owner": "SDBP_Aich_AIBaby_Lele_Shoes_C_2147440837",
      "grid_x": "1,1,1",
      "grid_y": "-3,-2,-4",